[{"model": "sessions.session", "pk": "0n1izhtjy5x2nztiowz1xbgzxhw2dvjw", "fields": {"session_data": ".eJxVjMsOwiAURP-FtWmgPNud_gi5XC4pEWliwY3x37Wmmy7nzMx5M0Bce23-Rc-cMkVPD8iFzbWXcmEeelt83-jpc2QzE46dYAC8U90bKGXHw-Eb_puj3obrL1FtGaHltd6O10m1wLbsHqlM4sKCCFEZbYUCCY7rUZEMTnMKDjlEnayNaJSKk0GL02iDksmMgX2-pUNHrQ:1pkSnm:SEZccvXNLZjdyBOx8z4_zhvMsTDz75jDF0dwy9MiPFg", "expire_date": "2023-04-20T16:49:34.297Z"}}, {"model": "sessions.session", "pk": "5j0t1coyuu5jcm6e6mk9udja8qax1x4o", "fields": {"session_data": ".eJxVjDsOwjAQBe_iGln-4B8lPWewdu01DiBbipMKcXcSKQW0b2bem0VYlxrXQXOcMrswyU6_G0J6UttBfkC7d556W-YJ-a7wgw5-65le18P9O6gw6lajtOekjXBZgtfGOwkKiw_CBiThrAFtizUqUTBKJpdCIY9q8wIoUSz7fAHDAzch:1pe8KV:Wt8HjBI5HDd0fdKk0oK8AcLFUDp57vui2qUL8mz8nLc", "expire_date": "2023-04-03T05:45:11.363Z"}}, {"model": "sessions.session", "pk": "8xentg3pweivzrmnh6zjy76y4e4a1luk", "fields": {"session_data": ".eJxVjMEOwiAQRP-FsyGwwgLe9EeaZdmmjQ1NLJyM_641Pehx3sy8pxqot2nomzyGuaiLAnX6ZZn4LnUvaFl2rIl57bXp7-aoN339JKltZmrzWm_H60810TbtHmuLGcfIgDklawTOpgCDgIOMIRCjcCqEMXvnog_oEb2HzAWNS6heb7XAO7s:1pxmEY:iR5Ar3X-9MP0_HcopaZ-1ETKo5MGxIQs2oXNaUjdG9E", "expire_date": "2023-05-27T10:12:14.641Z"}}, {"model": "sessions.session", "pk": "905m7t8qimzft7gfhx6py3w5wta82yq6", "fields": {"session_data": ".eJxVzMFugzAMgOF38RkhCAkhvW2TdqvUatqhmiZkO6Gw0gSRcKr67oWpl94s_599gxh4wBGZw-JTGxMmB7ufG0xzYBcj7GAM58FDBpHDtDZYR1xS304443UDcM_gdNBfuv-8Hj_evuE3g_afLNHN7WBXIxp4WRLyxfmt2D_055Bz8GkeKN9I_qwx3wfrxvenfXnQY-zXa-WokCyJamtMKVxdNiSFKJXpWFsWjprOaCoKK42upFZUUFU7o8oKVYcd3B-x1lTV:1q66vJ:POB4ODc2uy9k1NsFpB70EYLlz0hrsb_PwZiAuZtGXZE", "expire_date": "2023-06-19T09:54:49.237Z"}}, {"model": "sessions.session", "pk": "97d7ogjr88rxmszajdad08rmifu1wll6", "fields": {"session_data": ".eJxVjMsOwiAQRf-FtSFQXo5L934DmWGoVA0kpV0Z_92QdKHbe865bxFx30rce17jwuIitDj9boTpmesA_MB6bzK1uq0LyaHIg3Z5a5xf18P9OyjYy6g9KNQAQTnglEAFspko-NlYCoA6Bc1n63PQThliZZ2ZwM8TekJjjfh8AdRXN0U:1pxmed:mTlOyEJDaML_Ckz1fBvwU8eTQm9YY_cmTQpbj-ixskc", "expire_date": "2023-05-27T10:39:11.910Z"}}, {"model": "sessions.session", "pk": "9umj6grhyfmbdveony83runbgtp1lfhb", "fields": {"session_data": ".eJytVGuTojgU_Su7fB4UoXlZtVVL-2hbW21letTe2qIiBAhGSCfB15T_fQL4GLetqfmw35Jzk3Nubs693yWW-Qhg4PtZnnKv2uEsQqnU_C6d4GKJAqmZ5hh_kXIGqXfdEpptUACp1JSiLIswlMSRIiw1FKVhWIap6Zpt2YZpPeiGIaIYMO6dNCqOAHDoJRlK4YUW7jgFngiAUp0xQRhzTlizXj-lxWqVYM3P1oIWHIg4o1ua0tBtW9FUS16ih9gKI5ginyY0VZTAVlSi5WiTrViQxDVAyJmleJafpRym_EyYB_8vIcuXvygLXAOERZzECGNE1nmEGLD_jgr4RFAe8TaQohAVpeI0hyJP7sWAxeLqe48nY4Mocgi91axhJqPxXJ-IiylYQxF_raj_GJbcAifI5zmFP9UWx9r9_Oug7jyN1vvdYvLUgo325EVXrU0QzOa6upxND93F-0DufgR4Sw-BC_5itiH7QiJCG5h6twkIOARrhPdn_JIQznyACwSm8tOjABAQ9hP1UkxD1zS7MAY5A5at2cdj5chbjxLA2Dajxf_9OXx0D535cOT6WrvtGFabPL5qS6vd469gyJ71dPb6NXYG9K4zEfNYTiCtJEKAGaz0TokXL0FU3Pr8wAvsAXqm-wkM74EBvAPC9Ia4TPJT3cBnsSsW3sGuUlesVLpw_oYhi_JwEIaX0ggA-Fx8-dmcN60tqYqqycqDrBhfFbPZ0JuaXTNt7b3ottMI4ntyKixag6hYcsh4XYyZEGEYwBDkmNdIGlXyVUuUmkIpOCUiTCHy4rBwhbjpw3J-VD8rQn521gA5jz0CKFgXB6TjucdAEFBxCQr0n18Mv98o0X-7lVDxLrqvtsd_v0g8W8H01r5iipQijWtZrsHTeWkPVLsGFAdim7VGcaIuk13KNsa-PVIH227W2X7w3TCbHhZhb8l3b0FGLLOTssmiZ37rbkZLWe8tNuyloxEZDybj567rOIkcqtFWpb29S523GZvBVYAX22gOIjfJ5qsJH790HpV8wEC7p1n9t0UyHX70A76OzbnVNzrbGH7sWsP9bvjtOSJvHdCKFgNn_uw6U8ftTroPedCPTQNEfjKYdlopcpE17hsvHtiKsVjMwfJ9HoM-hbz6JNHySPyGV4yCGwtZpYUsYSH1XToejz8Ai8lGGQ:1pkJqN:FU6wODgvIZ93asZN3AvQxx4NtQ6k31zCXiEX1tPP3wU", "expire_date": "2023-04-20T07:15:39.800Z"}}, {"model": "sessions.session", "pk": "av37qemxwh9pupyof9vk34amklcajljn", "fields": {"session_data": ".eJxVjDsOwjAQBe_iGln-4B8lPWewdu01DiBbipMKcXcSKQW0b2bem0VYlxrXQXOcMrswyU6_G0J6UttBfkC7d556W-YJ-a7wgw5-65le18P9O6gw6lajtOekjXBZgtfGOwkKiw_CBiThrAFtizUqUTBKJpdCIY9q8wIoUSz7fAHDAzch:1pcNft:mdybV4Uazm5nublA3B7vPmZ2huWuIRkOC70mqHvSqJM", "expire_date": "2023-03-29T09:44:01.683Z"}}, {"model": "sessions.session", "pk": "azoedabf38cwvx55hbsjn0honeroscnh", "fields": {"session_data": ".eJxVjEEOwiAURO_C2hAKtIBL9z0D-Xw-UjWQlHZlvLs06UIzuzdv5s087Fv2e6PVL5Fd2cAuvywAPqkcRXxAuVeOtWzrEvih8LNtfK6RXrfT_TvI0HJfa4VpiEqQJpXGJEATBnBSOOsmJSGkSaXQCVmUpme0igwAJojGoWOfL_05OMk:1pYsYT:Ovt8fnn93-rwkSpTvPWt1dB8Oa35gtPI8ZeIyjNWCso", "expire_date": "2023-03-19T17:53:53.197Z"}}, {"model": "sessions.session", "pk": "bdlp7hayqtox00jk277gm2uwvicd8p4o", "fields": {"session_data": ".eJytVdty4jgQ_ZVdPw9EsuMbVVu1DAlJgNwJAba2XG1ZNgq-RZIhMJV_H_lCCDPU1DzMm3W6-5xWd6v9TQNCsiKV3opyFjIaeDQBFmudtIjjL5rICIN451Of4ixiqdb5tgstP1mwiygE5d7-mPNsxQLKtY4WZVkUU025lGYNYwfrpoMd27B13UAGsixDWWMQ0ms0ao4AJPVeMpbSD1r6Jjl4ygCVuhCKcCFlLjonJ01aol0LtkmWKFrY5srHdAyETddFhu60fHa6cMKIpozwF54iFLhIz42CrbKlCF4WbcjzHUt5LZKlkqZyR1gEf5ZQFP4vytK0RUshKZYgANKIxoBO_41KQ0NROX20UutIXlCVqfQWIBYq2BbrVwdfWtsr_-E2SeTcu2uhSAUqVqrs3Yr0r5tGQxlyRmTB6afyxgvj-BVO4KR7cZNs3uZmOFx70ptN9bPAKtyVz9x8OrjynrqXrevW9MrNR73wH-FaLaIkIraiqXeQgUJDSFi82cGfMoozAnGJ0VSdGKj5w5btuJbjIrOcjLwBbN1E5vt7PZKHQ5qDEOuMlw38e9Mf4xt9usnvzoBbbPQ0o0OwJ0EvmJLnDPJo8swHrt4_OppMeKLIKa8lQogFrfWavMuLMK6ifrreB-oB37F9AsNjYECPgKoMn3irFI8UDX5W22PhEWyvtccqqU-svzWTZYkkhOFHeRQARKqm7-bz4H1rOtKNFjJa2BpjvYPNDrLa2Mbz8sk1e0hu8qa4LIGo_JRUyBO1a0IW04CGUMSynadRLV-_ikpTKQVNImowVF6SlpOhIgmtlkjdXWUi2U4DCrnwcuCQlA7a--6ZQRBwFUQV-t8vNuBvFenHJ5tzdTO-qY_v_3_RZLak6eEQq2VSyeB9YfbGxl_bgO62AXUnq_lEvEY3YraZnp-N1_74ET2c64NuNLfRbL4Fh157MWS3r-tlcDHa9kf9YeQwPlkaU3sgvorg1LpOen0vv9sORnds_CTOp9kkFtd4EOXDl5Zc9p5uN6PhpuXn0_RxdvlwJ9UfY3sfF_bg6X6pX_Su_CWWvduRuJBUPk_p-dmZODXuoRfNht0Jeew-nD_27y_8YA1XCbPW0zF6I_H8lZKkNxLm6_Ma4WoXVpfzBCWcyrpH6tUz1Qyv3AYHE2RUE2SqCUJzrVwGXtXOjx5pWDvAfCCKuzQEL6pTWbtccJz57dKl3VhF-zoLaPy18T0gaDatj61TYpjIDjA4hunYGHQ_VCvKcn2KbMsEwwotUyfUNXVMbOKG1PF15eeCjkJLe_8OcemJUw:1pctRA:5uGqI7oDxBEM-dZTLcWyuAQJgRPF1dryGYPcFL9Kl1Y", "expire_date": "2023-03-30T19:38:56.505Z"}}, {"model": "sessions.session", "pk": "bk6ysn7jq9zcpnn9da5730y3jv3070zd", "fields": {"session_data": ".eJxVjM0OwiAQhN-FsyFI2bJ49O4zkF1-pGogKe3J-O62SQ96m8z3zbyFp3Upfu1p9lMUF6GNOP2WTOGZ6k7ig-q9ydDqMk8sd0UetMtbi-l1Pdy_g0K9bGtrAdCNegDrkBxvYQSlkRK6jBEpMysFGIJRwUDUxIMO2dFgCPCsxecL20Y3Vg:1pkfHb:3TLyDGiWfyQQrC40PYWfPr9ela93oIqUwQsOPasx0eE", "expire_date": "2023-04-21T06:09:11.795Z"}}, {"model": "sessions.session", "pk": "clcu5ljhxw8f8hwdjnqv5u0hfkgwk9h3", "fields": {"session_data": ".eJxVjEEOwiAQAP_C2RCgsAWP3vsGsiwgVQNJaU_GvxuSHvQ6M5k383jsxR89bX6N7Moku_yygPRMdYj4wHpvnFrdtzXwkfDTdr60mF63s_0bFOxlbFELo5KzypHRSlmHAbKAQFpOhkQEocCFOEcLQk8540waciJCIyeV2OcLw603mg:1oiygF:HmtxjCnlMNc-xNtgjIAlQm6MfSy7jClFu3ivG4j4Kvc", "expire_date": "2022-10-27T13:55:23.652Z"}}, {"model": "sessions.session", "pk": "dsimifotmazls91bci983a7orozsuycu", "fields": {"session_data": "eyJzb2NpYWxhY2NvdW50X3N0YXRlIjpbeyJwcm9jZXNzIjoibG9naW4iLCJzY29wZSI6IiIsImF1dGhfcGFyYW1zIjoiIn0sInFNSzkzYzU4clZYcyJdfQ:1phrCa:vCex4JrOd1D5eGGeZwJG4TKggEYvmI07yJGb6lRt3yQ", "expire_date": "2023-04-13T12:16:24.347Z"}}, {"model": "sessions.session", "pk": "eyxkf1cg1fxm79by9cht635fjdwzybv2", "fields": {"session_data": ".eJxVjMsOwiAURP-FtWl4XB51Z3-EXC4QiA1NhK6M_641XehyzsycJ_O4j-L3nh6-RnZlwrHLLwxI99SOBtf1wBMSbXsb03dz1n26fVJqoxKOurXlfP2pCvZyeBSYzIVFESIYbQWgQse1hKSC0zwFRxyjztZGMgBxNmRpljaAykYG9noD03c8Rw:1ptPZ3:cSBf7_7iiEF9PalFfmoa4tVFuN1fIhv6bVIx-w6k6_0", "expire_date": "2023-05-15T09:11:21.449Z"}}, {"model": "sessions.session", "pk": "fe3puvn47piqiglrzxfhrt73x08zvv4x", "fields": {"session_data": ".eJxVjDsOwjAQBe_iGln-4B8lPWewdu01DiBbipMKcXcSKQW0b2bem0VYlxrXQXOcMrswyU6_G0J6UttBfkC7d556W-YJ-a7wgw5-65le18P9O6gw6lajtOekjXBZgtfGOwkKiw_CBiThrAFtizUqUTBKJpdCIY9q8wIoUSz7fAHDAzch:1pdUFw:UM5Y7O2CAfLfaQARP62H227OR-zD3d7FrOmejEryLZU", "expire_date": "2023-04-01T10:57:48.482Z"}}, {"model": "sessions.session", "pk": "g5uk0c77ftg38jcn0p2cjfwvromog5go", "fields": {"session_data": ".eJxVjDsOwjAQBe_iGln-4B8lPWewdu01DiBbipMKcXcSKQW0b2bem0VYlxrXQXOcMrswyU6_G0J6UttBfkC7d556W-YJ-a7wgw5-65le18P9O6gw6lajtOekjXBZgtfGOwkKiw_CBiThrAFtizUqUTBKJpdCIY9q8wIoUSz7fAHDAzch:1paCC6:VPEmcVF-uGxCi5f44vbYT4fG-GvzV1UCeN-dTV_vcTE", "expire_date": "2023-03-23T09:04:14.732Z"}}, {"model": "sessions.session", "pk": "gr0swa42c7q8pf5vnw540flt7jwoo8ev", "fields": {"session_data": ".eJxVjMsOwiAURP-FtSFeHqW4sz9CLnAJxIYmAivjv9uaLnQ5Z2bOizkcPbvR6OlKZDcGhl1-ocfwoHo0uK4H5hjCNmrn381ZN37fE9VeAvay1eV8_akytrx7InjtgSwopYzRfsZptilZAEOkpYjWAElQqL2wCXQMIuE1epGinAQhe38A2NE8rQ:1pkNmA:BJ2vZWAArLGgSfF_4_f800AHnXz3e8laHNHQJ5wo_c4", "expire_date": "2023-04-20T11:27:34.460Z"}}, {"model": "sessions.session", "pk": "hpfxg9y02negbspe7xcdnaw9b76f1o82", "fields": {"session_data": ".eJxVjEEOwiAQAP_C2RCgsAWP3vsGsiwgVQNJaU_GvxuSHvQ6M5k383jsxR89bX6N7Moku_yygPRMdYj4wHpvnFrdtzXwkfDTdr60mF63s_0bFOxlbFELo5KzypHRSlmHAbKAQFpOhkQEocCFOEcLQk8540waciJCIyeV2OcLw603mg:1oWXPA:UObJhjj6qA9FlcKAYeVeR-rJts5qrj9kLeZI73VziC8", "expire_date": "2022-09-23T06:22:20.463Z"}}, {"model": "sessions.session", "pk": "idfou4iuwzguz3mlln2w7hx2db492ohv", "fields": {"session_data": "eyJzb2NpYWxhY2NvdW50X3N0YXRlIjpbeyJwcm9jZXNzIjoibG9naW4iLCJzY29wZSI6IiIsImF1dGhfcGFyYW1zIjoiIn0sInpmZGM1bFk2SmlHcCJdfQ:1okMeD:4wR7IMmVsKjX2_HfAZS8F7_LPVC7w1PBLqyoQLJM2zY", "expire_date": "2022-10-31T09:43:01.216Z"}}, {"model": "sessions.session", "pk": "itet364elorr2vkeiyy85rdv3wollf0o", "fields": {"session_data": "eyJzb2NpYWxhY2NvdW50X3N0YXRlIjpbeyJwcm9jZXNzIjoibG9naW4iLCJzY29wZSI6IiIsImF1dGhfcGFyYW1zIjoiIn0sIms2cjVyTmJTOXFneSJdfQ:1oevp9:w5ORYAxhB1PjIfuoN-4rxvDEZRqnJqxY7pcuYPukEnI", "expire_date": "2022-10-16T10:03:51.353Z"}}, {"model": "sessions.session", "pk": "ju89ts7ge30qxlse4imtvsb9wqkqjkuc", "fields": {"session_data": ".eJxVjMEOwiAQRP-FsyGwwgLe9EeaZdmmjQ1NLJyM_641Pehx3sy8pxqot2nomzyGuaiLAnX6ZZn4LnUvaFl2rIl57bXp7-aoN339JKltZmrzWm_H60810TbtHmuLGcfIgDklawTOpgCDgIOMIRCjcCqEMXvnog_oEb2HzAWNS6heb7XAO7s:1pZQem:PF9QMwxIDqQ8esmF-CVDiQQgpt4yaG11z8y1Dk2u2LU", "expire_date": "2023-03-21T06:18:40.913Z"}}, {"model": "sessions.session", "pk": "k2r8rgyjn89hp68aiv149060wuaj7hv3", "fields": {"session_data": ".eJxVjMsOwiAQRf-FtSFQXo5L934DmWGoVA0kpV0Z_92QdKHbe865bxFx30rce17jwuIitDj9boTpmesA_MB6bzK1uq0LyaHIg3Z5a5xf18P9OyjYy6g9KNQAQTnglEAFspko-NlYCoA6Bc1n63PQThliZZ2ZwM8TekJjjfh8AdRXN0U:1q90AT:-0gsUcCZGDjCgX9qze6J0xG0uypKAEwuztkdymi3G7A", "expire_date": "2023-06-27T09:18:25.808Z"}}, {"model": "sessions.session", "pk": "kl6faxloa7wug5bjg6gfwxlvyt34wo0r", "fields": {"session_data": ".eJxVjDsOwjAQBe_iGln-4B8lPWewdu01DiBbipMKcXcSKQW0b2bem0VYlxrXQXOcMrswyU6_G0J6UttBfkC7d556W-YJ-a7wgw5-65le18P9O6gw6lajtOekjXBZgtfGOwkKiw_CBiThrAFtizUqUTBKJpdCIY9q8wIoUSz7fAHDAzch:1pcgUW:03-3cVXwSRkRoVpXx0-M7OcrQ5Qulk6farXQTYBTv5A", "expire_date": "2023-03-30T05:49:32.105Z"}}, {"model": "sessions.session", "pk": "ksr7mplusl5pmsl3uhu0w9oq0luu0psp", "fields": {"session_data": ".eJxVjMEOwiAQRP-FsyGwwgLe9EeaZdmmjQ1NLJyM_641Pehx3sy8pxqot2nomzyGuaiLAnX6ZZn4LnUvaFl2rIl57bXp7-aoN339JKltZmrzWm_H60810TbtHmuLGcfIgDklawTOpgCDgIOMIRCjcCqEMXvnog_oEb2HzAWNS6heb7XAO7s:1pkIWE:jp1b-nHzJKnaqpRVj3RJ6cRGKPVBjOehQXNIn6i8hJs", "expire_date": "2023-04-20T05:50:46.579Z"}}, {"model": "sessions.session", "pk": "lrujg9fh3tjcpv9rrnypsfvques3f6so", "fields": {"session_data": ".eJxVjDsOwjAQBe_iGln-4B8lPWewdu01DiBbipMKcXcSKQW0b2bem0VYlxrXQXOcMrswyU6_G0J6UttBfkC7d556W-YJ-a7wgw5-65le18P9O6gw6lajtOekjXBZgtfGOwkKiw_CBiThrAFtizUqUTBKJpdCIY9q8wIoUSz7fAHDAzch:1pdrhn:EnUyrHgtIOxxdhO2R_gzuI1ttMVpUhZkyopoJPuLpaw", "expire_date": "2023-04-02T12:00:07.140Z"}}, {"model": "sessions.session", "pk": "mfqrscnowiwroa84z7c5ed37knp239o2", "fields": {"session_data": ".eJxVjMsOwiAQRf-FtSFQXo5L934DmWGoVA0kpV0Z_92QdKHbe865bxFx30rce17jwuIitDj9boTpmesA_MB6bzK1uq0LyaHIg3Z5a5xf18P9OyjYy6g9KNQAQTnglEAFspko-NlYCoA6Bc1n63PQThliZZ2ZwM8TekJjjfh8AdRXN0U:1pjzrl:v2GmQjjiPlMZ-KhLIUd8XLhIgj2USVwm-cp7IPEj2J4", "expire_date": "2023-04-19T09:55:45.564Z"}}, {"model": "sessions.session", "pk": "nrhtzb9xz7qbwrs0lee66ln4nysijllj", "fields": {"session_data": ".eJxVjDsOwjAQBe_iGln-4B8lPWewdu01DiBbipMKcXcSKQW0b2bem0VYlxrXQXOcMrswyU6_G0J6UttBfkC7d556W-YJ-a7wgw5-65le18P9O6gw6lajtOekjXBZgtfGOwkKiw_CBiThrAFtizUqUTBKJpdCIY9q8wIoUSz7fAHDAzch:1pax1o:IufGyQshb6Wnhst7iIWxtbWn2fM70LmClfHSmQZ0YrI", "expire_date": "2023-03-25T11:04:44.466Z"}}, {"model": "sessions.session", "pk": "nv159vt0qn7ijxdoxfqgfeodcpd228xz", "fields": {"session_data": ".eJxVjMEOwiAQRP-FsyGwwgLe9EeaZdmmjQ1NLJyM_641Pehx3sy8pxqot2nomzyGuaiLAnX6ZZn4LnUvaFl2rIl57bXp7-aoN339JKltZmrzWm_H60810TbtHmuLGcfIgDklawTOpgCDgIOMIRCjcCqEMXvnog_oEb2HzAWNS6heb7XAO7s:1pbj5M:xgWMYeR4ru2Td-pMyAM61pP7wNSJey3tAgLHgH5iarw", "expire_date": "2023-03-27T14:23:36.227Z"}}, {"model": "sessions.session", "pk": "oi1itb81udb1sejp8g4sjujclddwvl14", "fields": {"session_data": ".eJxVjEEOwiAURO_C2hAqUIo7exHy-XwCsaGJwMp4d6npQncz82bmxRz0llyv9HQ5sBvT7PKbecAHlQPAth0xB8S9l8a_nRNXfh-OSssILe9lPVd_VwlqGj8oUBsTvDJ2rGfvdZiFIpgMhWhwieSHBpCCvLRCodZWXSdhbUS5aMHeH-c1PNQ:1oevuA:WVma8OmBKtjqSdAbK1km-32zxlCwCtuCquJ_TjncIMQ", "expire_date": "2022-10-16T10:09:02.543Z"}}, {"model": "sessions.session", "pk": "p4f97lf8wghtvfxxbg2ivg2nc8c6982r", "fields": {"session_data": "eyJzb2NpYWxhY2NvdW50X3N0YXRlIjpbeyJwcm9jZXNzIjoibG9naW4iLCJzY29wZSI6IiIsImF1dGhfcGFyYW1zIjoiIn0sIkZEaWdPTGpoSkFxVSJdfQ:1oevrm:zfxxy3fQPyhYaqhwSYVOoflgh38GQS5jIYgx1JW9Dt0", "expire_date": "2022-10-16T10:06:34.719Z"}}, {"model": "sessions.session", "pk": "pm4mv5ybw5o1xs9v5v6gz94sswk24qj9", "fields": {"session_data": ".eJxVjMEOwiAQRP-FsyGwwgLe9EeaZdmmjQ1NLJyM_641Pehx3sy8pxqot2nomzyGuaiLAnX6ZZn4LnUvaFl2rIl57bXp7-aoN339JKltZmrzWm_H60810TbtHmuLGcfIgDklawTOpgCDgIOMIRCjcCqEMXvnog_oEb2HzAWNS6heb7XAO7s:1pZPz9:Y54T8kSjXvTyPtdhHh34tKZrjCaUPy6JmuDSByilr2o", "expire_date": "2023-03-21T05:35:39.473Z"}}, {"model": "sessions.session", "pk": "qhoo5qhihvii3vlw0qb5hpz7hvthgaj9", "fields": {"session_data": ".eJytVNty4jgQ_ZVdPw_ElnwTVVu1hAQySUgCuQDZ2nLJkmwLjO2VZAKZyr-vfAGGndTUPOybfbp1Tqv7qL8ZMiccp5iQvMxU0Pylecwzo_fNaOHqk1Ojl5Vp-sUoJRPB8bcQ-YZTJoyeEed5nDJDp1RhwzJNy_VdDzoQ-cj1fNtxXR1NsVRBq9FwUKxYsMx5xg60bKsEDnQA1-pSasJEqUL2zs7asmS3EeySfK1p8XuhcxwfmpaDkAmB3wm5nfhRzDJOxFJkpkmRCQpY8k2-knSZdHFR7Fmqa5E8UyxTe8KS_r-Esgx_0ha2xjzV8SLhacqLdRlzidGfcQW3BHVKsGGCR7xqlRIl03WqIMEy0UfXma5vM0yEeenNlgCPoYhkXx_M8Jrp-END_du45tZ4wYkqBfuut2kCP6__DJ_1R3fr3XYxGQ2YdTG5dYC_oXQ2d0A4m74PF683neE_NH0T7_QR_yGR2yFaIuYblgWnBWg4wmue7vb4oaA0JzitEJZ1Ruca4FjbT_cLIg94PqqMUewBF_ro46Nx5KlHCyzlWy6q-f1-PY_NGV0LCFh69bKIbV8Alc-LEAw27h2cvz7uLgUZqU-dyWUgy4KJRiLCqWSNXlt4dRMu9KkfL3iAAyz2dN-B0WcgZZ-ALDshrov8oW_4R7EjFn2CHaWOWK104PwFQ1btUTiKDq3RACZKj3xvzpOnbQATwI7pdCz4ZJk9C_ZM1LWB81q9tnYFqV3RNpavcVx9KibVmV4zEU8ZZREuU9UtsriRb55EramVaFuINoWuS7HKFfokYfX-aCarQyTfa-BSJUGBBV5XCcbH_o1hSoU-xDT610-W3y-06L-vtRD6XmLX_H78_cVQ-Yplp_bVW6QWsY5tOQbbfGOHAepisz9beINVej9-e34UnZk7GJY7MkE7a0PmuwtvhQfgdnxjLqh1e8VuwPBJ5feTZameg3M5DQD7evV-uYlvLsj2ZTrsj-HgVgUmvFXb6AkiuiLLcDW_Ngs3fHsZ2PFkOFPXKN1Os9y8Iqu7i2t4b9oD730bLopgvJw-sFGyiUGG8qd-vB3HeBAvbvrYfuxP-4_DychSF6Jw7tyH5GvZYZ2JfA4nk9XlKHmI9Vqs9mB9v0AyIphqhqSfPNfTCKpVcGIhq7aQry1kvxrVJgjqeR6GZFiOcQKGmGjyKkKXOIvzbrXgBA-7VUq3jcruOKcsPW9zTwjaRUtI5DGfWK4dAYRty6MQuA6lnsMiGlLPwkAblWFEEUIhtkMCoBdSQpzICRFkxse_lTh-HA:1pxmGA:fba5hnxHjV_TZRVUxB_K1DFJ2VDnHqkBKD9WHu56tSY", "expire_date": "2023-05-27T10:13:54.620Z"}}, {"model": "sessions.session", "pk": "qkcfueipkra3dxcca159801ohpy2jhlq", "fields": {"session_data": ".eJytVdty4jgQ_ZVdPw8g322qtmohCUmASbhmA1tbLlmSbYGxHEkmwFT-fWRsQphJTc3Dvlmnu89pdbfa3zTBEIUpRIgVmQyqU8pimmntb1oNl58Ua-2sSNMvWiEID87HnLMtxYRrbS1mLE6JplxKs6YDHVi-43qWZZrA9WwD6K6yplDIoNaoODCUJFgxmpF3WrKTHAbKAI_qQijCRMpctFutOi3RrASbiG0ULTzkysf2TKDbvg9Mw2uE1Eq8KCYZRXzFMwCwD4zcLOiWrQVeJU2Y5yeW8lqIZZJk8kRY4P-XUBThL8pCNpCmyr5W7cgONCeScN34Oy7hmuDoEmwJpxEtSyV5QVSeMkigSFSoyXeomNxJ0u257qAxF2T8lHVUYAY3RNkHFfUfo5JbwTlFsuDkQ2nTxPw8_RZsdW4fNvtdaD7OjFGx8ZaH4Rw_3Jj7eKcP8XB7IMYCOOwmexrx9V_CdxpIScR0S7LgUl_BEdzQdH_CT_mkDMG0BEimThSqydMdD7i27wBQzkReA45pAPD2Vg3j5XjmUIhXxsvW_RnBrT98mgxRhG_IInH79mCVzecz15sMstetAKm9TWbp-tOhpCIQRU54JRHBVJBKr066vAXlKurny73DAeQnug9g9BmIySegqsNH4mOSP9YM_qx1xqJPsLPSGTsKnSh_YxLL4kgYRe-FUQBEUjX7NJUXb1ozgGE2gNUAzgzYbQu0AWh6lrksn1m9e-Q-r8tKNzAuPyURsqX2S0RTgkkEi1Q28yyu5Ku3cNRUSrhORI2EykuSciZUJCLHxVH1VZkQO2nAQiZBDjnclA7a2-lxQYy5CiIK_fcXW-83SvTjM825uhffV8e3_75okq1Jdjm8an0cRfRzWc7G2l_bQ8NvQtAhqS-uHuCLM_4nueta0FoTV58896-mLr0uBveTA2DLfoyC2Oh_bQzH3QD08lfTuwZPDmFf1_MxfZz22CBIxCIMcjy7eb59WSzN5x4ypu56tbgtHjf3rLjrDgYI7PdL1tXD6xB1uz7vOevdaIkbeNfvDu3X1Bnqo1vqz9Hw7l4MpvAqXgw6cDHtTG6mvXHPKnA_uQ_ChhG_YMeddYDOU-6wu4cx0B1Tqy8XCII4kVWH1GunqhVBuQUu5sdpm37b9tX8GEutXALBsZnvHdJ0T7sAQ4gUeWlR_7YSbtbFbR59arNodtRJrTuKoKQs69ZRF1T1ooWm5URqbUM9xJZju7oFTegB27CIGXo2IKGHAMR25LoYOZaFfQe5yDfc0DIjxwi1t-_OrHsy:1pkjZI:8_dRzn69TOU57ewBmkUoT9kheCSsQZ6ympIdPOEsN7A", "expire_date": "2023-04-21T10:43:44.010Z"}}, {"model": "sessions.session", "pk": "qpcqxmcb0zx2kn2nvl9v9te6fia3086v", "fields": {"session_data": ".eJxVjMsOwiAQRf-FtSFQXo5L934DmWGoVA0kpV0Z_92QdKHbe865bxFx30rce17jwuIitDj9boTpmesA_MB6bzK1uq0LyaHIg3Z5a5xf18P9OyjYy6g9KNQAQTnglEAFspko-NlYCoA6Bc1n63PQThliZZ2ZwM8TekJjjfh8AdRXN0U:1q9WtF:q6TFC0m19cVYYvreoS3i9agkN9HPuhhntaKkAaeYoaw", "expire_date": "2023-06-28T20:14:49.647Z"}}, {"model": "sessions.session", "pk": "rnivd302bb190qle5spaj3zlw58npdf2", "fields": {"session_data": ".eJxVjMEOwiAQRP-FsyGwwgLe9EeaZdmmjQ1NLJyM_641Pehx3sy8pxqot2nomzyGuaiLAnX6ZZn4LnUvaFl2rIl57bXp7-aoN339JKltZmrzWm_H60810TbtHmuLGcfIgDklawTOpgCDgIOMIRCjcCqEMXvnog_oEb2HzAWNS6heb7XAO7s:1piDeo:Qha8ZnuWsvErSjCQXOV0P83xpvh2G9_jBxPdLKRx3iE", "expire_date": "2023-04-14T12:15:02.287Z"}}, {"model": "sessions.session", "pk": "s9sifpfeceduirtau2o0yo4lm2li2zoi", "fields": {"session_data": ".eJxVjMsOwiAQRf-FtSFQXo5L934DmWGoVA0kpV0Z_92QdKHbe865bxFx30rce17jwuIitDj9boTpmesA_MB6bzK1uq0LyaHIg3Z5a5xf18P9OyjYy6g9KNQAQTnglEAFspko-NlYCoA6Bc1n63PQThliZZ2ZwM8TekJjjfh8AdRXN0U:1pfK1E:APF6jU0y7gAXHlojzhecO3PAIWFte9FYvGHa1vV6idE", "expire_date": "2023-04-06T12:26:12.496Z"}}, {"model": "sessions.session", "pk": "t57gslcmcom21l6pul0r99lkiogdcnv9", "fields": {"session_data": ".eJxVjMEOwiAQRP-FsyGwwgLe9EeaZdmmjQ1NLJyM_641Pehx3sy8pxqot2nomzyGuaiLAnX6ZZn4LnUvaFl2rIl57bXp7-aoN339JKltZmrzWm_H60810TbtHmuLGcfIgDklawTOpgCDgIOMIRCjcCqEMXvnog_oEb2HzAWNS6heb7XAO7s:1phqLI:5LVeeyvA0ZWfT_PcBXGyNK54gDztm5UPnn19nHAthq4", "expire_date": "2023-04-13T11:21:20.566Z"}}, {"model": "sessions.session", "pk": "tch6gtvcezt3apz45h9ps5t3ubx06uab", "fields": {"session_data": ".eJxVjMsOwiAQRf-FtSFQXo5L934DmWGoVA0kpV0Z_92QdKHbe865bxFx30rce17jwuIitDj9boTpmesA_MB6bzK1uq0LyaHIg3Z5a5xf18P9OyjYy6g9KNQAQTnglEAFspko-NlYCoA6Bc1n63PQThliZZ2ZwM8TekJjjfh8AdRXN0U:1pjzvU:OFD8z8U_6_rH99UGgGQ_RAbD-021dvkjMGgLck-Zn-Q", "expire_date": "2023-04-19T09:59:36.700Z"}}, {"model": "sessions.session", "pk": "u2ihmivbkiqd6546hcmpq9a7nd0oihtg", "fields": {"session_data": ".eJxVjMEOwiAQRP-FsyGwwgLe9EeaZdmmjQ1NLJyM_641Pehx3sy8pxqot2nomzyGuaiLAnX6ZZn4LnUvaFl2rIl57bXp7-aoN339JKltZmrzWm_H60810TbtHmuLGcfIgDklawTOpgCDgIOMIRCjcCqEMXvnog_oEb2HzAWNS6heb7XAO7s:1pZSN1:YvTQ9u5qQ1_4882MSl849xLkzOCXPOpZxajLOPAPwFw", "expire_date": "2023-03-21T08:08:27.391Z"}}, {"model": "sessions.session", "pk": "ul6ufp1vgpaubvqrqybr4zeubza171it", "fields": {"session_data": ".eJxVjEEOwiAURO_C2hAqUIo7exHy-XwCsaGJwMp4d6npQncz82bmxRz0llyv9HQ5sBvT7PKbecAHlQPAth0xB8S9l8a_nRNXfh-OSssILe9lPVd_VwlqGj8oUBsTvDJ2rGfvdZiFIpgMhWhwieSHBpCCvLRCodZWXSdhbUS5aMHeH-c1PNQ:1oevwJ:wy1hC1n6zha9GG0ylFxWszawiG7s-Lcv1kkX6JieU2c", "expire_date": "2022-10-16T10:11:15.622Z"}}, {"model": "sessions.session", "pk": "vj0xaoastwtf6076g5rf62b2dmgn0dpw", "fields": {"session_data": ".eJxVjEsOgzAMRO-SdYVi8kHurr1IZDtGoKIgNWFV9e6FikW7nDcz72USbW1KW9VnmrO5GkBz-YVM8tByNLQsB-5IZN1K676bs67dbU9a2izU5rXcz9efaqI67Z4RxInjABY9IQgOCOij18EDjgEzUEZl6COpzcxWR88cYs48eNs78_4A3I88qA:1pkeP2:g1ahdWHa7MVZX7X5ZHJ5R6_D2KDqgPLA8jKS7dqvxWY", "expire_date": "2023-04-21T05:12:48.495Z"}}, {"model": "sessions.session", "pk": "wegnwb7uky79on5q3sjpe38bstd2ah5q", "fields": {"session_data": ".eJxVjEEOwiAQAP_C2RCgsAWP3vsGsiwgVQNJaU_GvxuSHvQ6M5k383jsxR89bX6N7Moku_yygPRMdYj4wHpvnFrdtzXwkfDTdr60mF63s_0bFOxlbFELo5KzypHRSlmHAbKAQFpOhkQEocCFOEcLQk8540waciJCIyeV2OcLw603mg:1oiEjH:yUBNnhmRauoQnsvqHKvKDBt2UYnT587TJb5DzRR58Qs", "expire_date": "2022-10-25T12:51:27.647Z"}}, {"model": "sessions.session", "pk": "xenxjxhcexevb5ig6apb1aijwkj2llo6", "fields": {"session_data": ".eJxVjMsOwiAQRf-FtSEFykOX7v0GMjMMUjWQlHZl_HfbpAvd3nPOfYsI61Li2nmOUxIXoaw4_Y4I9OS6k_SAem-SWl3mCeWuyIN2eWuJX9fD_Tso0MtWkw6KEPDMmclksgGT0gmJrWXnycOg3eCVsdpnZ1Rmxwy4WeNoA6D4fAFBFjlQ:1pb0hv:nX3HC7C3LtmHFnagwyq7MUe8a_CkD03g0ULwLLuj5Dg", "expire_date": "2023-03-25T15:00:27.504Z"}}, {"model": "sessions.session", "pk": "ystx5e12bdfv4bhf15wusc3jj75tahjr", "fields": {"session_data": ".eJxVjEEOwiAQAP_C2RCgsAWP3vsGsiwgVQNJaU_GvxuSHvQ6M5k383jsxR89bX6N7Moku_yygPRMdYj4wHpvnFrdtzXwkfDTdr60mF63s_0bFOxlbFELo5KzypHRSlmHAbKAQFpOhkQEocCFOEcLQk8540waciJCIyeV2OcLw603mg:1oXPXK:MABIoc-RdDoZetCJWbFpWfeOwMRFXYrpCd_ITY1Fah8", "expire_date": "2022-09-25T16:10:22.825Z"}}, {"model": "sessions.session", "pk": "zhphuywup2f1z7try5nfb3jvgsywtynw", "fields": {"session_data": ".eJxVjM0OgyAQhN9lz41Ryo96a1-ErOwSSCkmCr00ffeWxovH-WbmewM6t9Zc7Iu36COT5SfGBHOuKV3AYi3B1p03Gwlm0HBiC7oH51ZgSg13h677b456726_xLlEhyWu-X68TqqAe2geYSb0UmkhnJTs9STGcTFmmBSPPclBGHQ9IUvUpAV5umrJhEoRL2QUfL56qUgd:1oewBH:_4PkNzJXXxKVNESlzGR7tI-LcvgiHbX4qUKjwxyQA7U", "expire_date": "2022-10-16T10:26:43.461Z"}}, {"model": "sessions.session", "pk": "zp23bvw6ztgkmnxzg7zcwfe1cmlu9xqt", "fields": {"session_data": ".eJxVjDsOwjAQBe_iGln-4B8lPWewdu01DiBbipMKcXcSKQW0b2bem0VYlxrXQXOcMrswyU6_G0J6UttBfkC7d556W-YJ-a7wgw5-65le18P9O6gw6lajtOekjXBZgtfGOwkKiw_CBiThrAFtizUqUTBKJpdCIY9q8wIoUSz7fAHDAzch:1pdzfW:4yZYHvYGcC27J-dCH8c2YCxwrQYYpIOPsQVeh48vkKU", "expire_date": "2023-04-02T20:30:18.847Z"}}, {"model": "admin.logentry", "pk": 1, "fields": {"action_time": "2022-09-08T19:49:52.606Z", "user": 1, "content_type": 6, "object_id": "1", "object_repr": "https://foroden.com", "action_flag": 2, "change_message": "[{\"changed\": {\"fields\": [\"Domain name\", \"Display name\"]}}]"}}, {"model": "admin.logentry", "pk": 2, "fields": {"action_time": "2022-09-08T19:51:37.324Z", "user": 1, "content_type": 39, "object_id": "1", "object_repr": "Tradeoases", "action_flag": 1, "change_message": "[{\"added\": {}}]"}}, {"model": "admin.logentry", "pk": 3, "fields": {"action_time": "2022-09-09T06:59:47.819Z", "user": 1, "content_type": 30, "object_id": "1", "object_repr": "mugisa", "action_flag": 2, "change_message": "[{\"changed\": {\"fields\": [\"Account Type\"]}}]"}}, {"model": "admin.logentry", "pk": 4, "fields": {"action_time": "2022-10-02T10:01:05.399Z", "user": 1, "content_type": 30, "object_id": "4", "object_repr": "alex", "action_flag": 3, "change_message": ""}}, {"model": "admin.logentry", "pk": 5, "fields": {"action_time": "2022-10-02T10:01:05.406Z", "user": 1, "content_type": 30, "object_id": "3", "object_repr": "tradeoases", "action_flag": 3, "change_message": ""}}, {"model": "admin.logentry", "pk": 6, "fields": {"action_time": "2022-10-13T13:52:22.740Z", "user": 1, "content_type": 30, "object_id": "6", "object_repr": "phillipmugisa2", "action_flag": 3, "change_message": ""}}, {"model": "admin.logentry", "pk": 8, "fields": {"action_time": "2023-03-05T18:01:57.003Z", "user": 1, "content_type": 20, "object_id": "4", "object_repr": "trade", "action_flag": 3, "change_message": ""}}, {"model": "admin.logentry", "pk": 9, "fields": {"action_time": "2023-03-05T18:04:54.649Z", "user": 1, "content_type": 20, "object_id": "4", "object_repr": "trade", "action_flag": 3, "change_message": ""}}, {"model": "admin.logentry", "pk": 10, "fields": {"action_time": "2023-03-05T18:09:18.999Z", "user": 1, "content_type": 20, "object_id": "1", "object_repr": "Fututech Electronics", "action_flag": 2, "change_message": "[{\"changed\": {\"fields\": [\"Service Image\"]}}]"}}, {"model": "admin.logentry", "pk": 11, "fields": {"action_time": "2023-03-05T18:09:27.925Z", "user": 1, "content_type": 20, "object_id": "2", "object_repr": "Fututech Gadgets", "action_flag": 2, "change_message": "[{\"changed\": {\"fields\": [\"Service Image\"]}}]"}}, {"model": "admin.logentry", "pk": 12, "fields": {"action_time": "2023-03-05T18:09:36.521Z", "user": 1, "content_type": 20, "object_id": "3", "object_repr": "Fututech Fashion", "action_flag": 2, "change_message": "[{\"changed\": {\"fields\": [\"Service Image\"]}}]"}}, {"model": "admin.logentry", "pk": 13, "fields": {"action_time": "2023-03-05T18:10:44.449Z", "user": 1, "content_type": 35, "object_id": "8", "object_repr": "tradeone", "action_flag": 3, "change_message": ""}}, {"model": "admin.logentry", "pk": 14, "fields": {"action_time": "2023-03-05T18:10:44.452Z", "user": 1, "content_type": 35, "object_id": "5", "object_repr": "tradeoases", "action_flag": 3, "change_message": ""}}, {"model": "admin.logentry", "pk": 15, "fields": {"action_time": "2023-03-05T18:21:01.274Z", "user": 1, "content_type": 9, "object_id": "1", "object_repr": "PlatformPrice object (1)", "action_flag": 1, "change_message": "[{\"added\": {}}]"}}, {"model": "admin.logentry", "pk": 16, "fields": {"action_time": "2023-03-06T19:24:24.097Z", "user": 1, "content_type": 38, "object_id": "7", "object_repr": "mugisaphillip", "action_flag": 3, "change_message": ""}}, {"model": "admin.logentry", "pk": 17, "fields": {"action_time": "2023-03-06T19:25:10.261Z", "user": 1, "content_type": 35, "object_id": "9", "object_repr": "mugisa.phillip", "action_flag": 3, "change_message": ""}}, {"model": "admin.logentry", "pk": 18, "fields": {"action_time": "2023-03-06T19:25:51.884Z", "user": 1, "content_type": 35, "object_id": "10", "object_repr": "mugisaphillip", "action_flag": 2, "change_message": "[{\"changed\": {\"fields\": [\"Active\", \"Email Activated\"]}}]"}}, {"model": "admin.logentry", "pk": 19, "fields": {"action_time": "2023-03-06T19:26:43.787Z", "user": 1, "content_type": 35, "object_id": "10", "object_repr": "mugisaphillip", "action_flag": 3, "change_message": ""}}, {"model": "admin.logentry", "pk": 20, "fields": {"action_time": "2023-03-06T19:29:42.339Z", "user": 1, "content_type": 35, "object_id": "11", "object_repr": "mugisaphillip", "action_flag": 2, "change_message": "[{\"changed\": {\"fields\": [\"Active\", \"Email Activated\"]}}]"}}, {"model": "admin.logentry", "pk": 21, "fields": {"action_time": "2023-03-06T19:30:03.587Z", "user": 1, "content_type": 35, "object_id": "11", "object_repr": "mugisaphillip", "action_flag": 3, "change_message": ""}}, {"model": "admin.logentry", "pk": 22, "fields": {"action_time": "2023-03-06T20:15:43.083Z", "user": 1, "content_type": 35, "object_id": "12", "object_repr": "mugisaphillip", "action_flag": 3, "change_message": ""}}, {"model": "admin.logentry", "pk": 23, "fields": {"action_time": "2023-03-06T20:19:47.931Z", "user": 1, "content_type": 35, "object_id": "13", "object_repr": "mugisaphillip", "action_flag": 3, "change_message": ""}}, {"model": "admin.logentry", "pk": 24, "fields": {"action_time": "2023-03-06T20:24:29.266Z", "user": 1, "content_type": 35, "object_id": "14", "object_repr": "mugisaphillip", "action_flag": 3, "change_message": ""}}, {"model": "admin.logentry", "pk": 25, "fields": {"action_time": "2023-03-06T21:16:48.235Z", "user": 1, "content_type": 36, "object_id": "1", "object_repr": "mugisa", "action_flag": 1, "change_message": "[{\"added\": {}}]"}}, {"model": "admin.logentry", "pk": 26, "fields": {"action_time": "2023-03-06T21:25:48.774Z", "user": 1, "content_type": 16, "object_id": "1", "object_repr": "Chatroom object (1)", "action_flag": 2, "change_message": "[{\"changed\": {\"fields\": [\"Support\"]}}]"}}, {"model": "admin.logentry", "pk": 27, "fields": {"action_time": "2023-03-06T21:26:44.745Z", "user": 1, "content_type": 16, "object_id": "1", "object_repr": "Chatroom object (1)", "action_flag": 3, "change_message": ""}}, {"model": "admin.logentry", "pk": 28, "fields": {"action_time": "2023-03-11T11:05:06.397Z", "user": 1, "content_type": 46, "object_id": "1", "object_repr": "AdvertisingLocation object (1)", "action_flag": 1, "change_message": "[{\"added\": {}}]"}}, {"model": "admin.logentry", "pk": 29, "fields": {"action_time": "2023-03-11T11:05:22.162Z", "user": 1, "content_type": 46, "object_id": "2", "object_repr": "AdvertisingLocation object (2)", "action_flag": 1, "change_message": "[{\"added\": {}}]"}}, {"model": "admin.logentry", "pk": 30, "fields": {"action_time": "2023-03-11T11:05:35.043Z", "user": 1, "content_type": 46, "object_id": "3", "object_repr": "AdvertisingLocation object (3)", "action_flag": 1, "change_message": "[{\"added\": {}}]"}}, {"model": "admin.logentry", "pk": 31, "fields": {"action_time": "2023-03-11T11:05:53.200Z", "user": 1, "content_type": 46, "object_id": "4", "object_repr": "AdvertisingLocation object (4)", "action_flag": 1, "change_message": "[{\"added\": {}}]"}}, {"model": "admin.logentry", "pk": 32, "fields": {"action_time": "2023-03-11T11:44:25.928Z", "user": 1, "content_type": 26, "object_id": "4", "object_repr": "Product: Case Strap Bundle for Samsung Galaxy Watch5 4 Classic 46mm Band Cover Smart Watch Accessories", "action_flag": 3, "change_message": ""}}, {"model": "admin.logentry", "pk": 33, "fields": {"action_time": "2023-03-11T11:44:25.938Z", "user": 1, "content_type": 26, "object_id": "3", "object_repr": "Product: Military Bomber Jacket", "action_flag": 3, "change_message": ""}}, {"model": "admin.logentry", "pk": 34, "fields": {"action_time": "2023-03-11T11:44:25.941Z", "user": 1, "content_type": 26, "object_id": "2", "object_repr": "Product: 150mm Electronic Digital Caliper ", "action_flag": 3, "change_message": ""}}, {"model": "admin.logentry", "pk": 35, "fields": {"action_time": "2023-03-11T11:44:25.943Z", "user": 1, "content_type": 26, "object_id": "1", "object_repr": "Product: Military Bomber Jacket", "action_flag": 3, "change_message": ""}}, {"model": "admin.logentry", "pk": 36, "fields": {"action_time": "2023-03-11T11:56:15.335Z", "user": 1, "content_type": 47, "object_id": "1", "object_repr": "Product: Case Strap Bundle for Samsung Galaxy Watch5 4 Classic 46mm Band Cover Smart Watch Accessories", "action_flag": 2, "change_message": "[{\"changed\": {\"fields\": [\"Location\"]}}]"}}, {"model": "admin.logentry", "pk": 37, "fields": {"action_time": "2023-03-11T11:59:53.468Z", "user": 1, "content_type": 47, "object_id": "1", "object_repr": "Product: Case Strap Bundle for Samsung Galaxy Watch5 4 Classic 46mm Band Cover Smart Watch Accessories", "action_flag": 2, "change_message": "[{\"changed\": {\"fields\": [\"Location\"]}}]"}}, {"model": "admin.logentry", "pk": 38, "fields": {"action_time": "2023-03-11T12:08:58.651Z", "user": 1, "content_type": 47, "object_id": "2", "object_repr": "Product: Military Bomber Jacket, Location: New Arrivals - 20.00", "action_flag": 2, "change_message": "[{\"changed\": {\"fields\": [\"Contract payment made\"]}}]"}}, {"model": "admin.logentry", "pk": 39, "fields": {"action_time": "2023-03-11T12:09:04.756Z", "user": 1, "content_type": 47, "object_id": "1", "object_repr": "Product: Case Strap Bundle for Samsung Galaxy Watch5 4 Classic 46mm Band Cover Smart Watch Accessories, Location: Kuwait-Kuwait - 10.00", "action_flag": 2, "change_message": "[{\"changed\": {\"fields\": [\"Contract payment made\"]}}]"}}, {"model": "admin.logentry", "pk": 40, "fields": {"action_time": "2023-03-11T16:16:42.467Z", "user": 1, "content_type": 14, "object_id": "8", "object_repr": "Promotion object (8)", "action_flag": 3, "change_message": ""}}, {"model": "admin.logentry", "pk": 41, "fields": {"action_time": "2023-03-11T16:16:48.701Z", "user": 1, "content_type": 14, "object_id": "7", "object_repr": "Promotion object (7)", "action_flag": 3, "change_message": ""}}, {"model": "admin.logentry", "pk": 42, "fields": {"action_time": "2023-03-11T16:18:28.876Z", "user": 1, "content_type": 14, "object_id": "9", "object_repr": "Promotion object (9)", "action_flag": 2, "change_message": "[{\"changed\": {\"fields\": [\"Showroom\"]}}]"}}, {"model": "admin.logentry", "pk": 43, "fields": {"action_time": "2023-03-11T16:18:51.257Z", "user": 1, "content_type": 14, "object_id": "9", "object_repr": "Promotion object (9)", "action_flag": 2, "change_message": "[{\"changed\": {\"fields\": [\"Showroom\"]}}]"}}, {"model": "admin.logentry", "pk": 44, "fields": {"action_time": "2023-03-11T16:19:44.338Z", "user": 1, "content_type": 14, "object_id": "10", "object_repr": "Promotion object (10)", "action_flag": 2, "change_message": "[]"}}, {"model": "admin.logentry", "pk": 45, "fields": {"action_time": "2023-03-11T16:23:53.743Z", "user": 1, "content_type": 14, "object_id": "10", "object_repr": "Promotion object (10)", "action_flag": 2, "change_message": "[]"}}, {"model": "admin.logentry", "pk": 46, "fields": {"action_time": "2023-03-12T18:39:19.652Z", "user": 1, "content_type": 49, "object_id": "2", "object_repr": "EmailPromotion object (2)", "action_flag": 3, "change_message": ""}}, {"model": "admin.logentry", "pk": 47, "fields": {"action_time": "2023-03-12T18:39:19.668Z", "user": 1, "content_type": 49, "object_id": "1", "object_repr": "EmailPromotion object (1)", "action_flag": 3, "change_message": ""}}, {"model": "admin.logentry", "pk": 48, "fields": {"action_time": "2023-03-13T14:04:17.358Z", "user": 1, "content_type": 17, "object_id": "10", "object_repr": "Military Bomber Jacket", "action_flag": 2, "change_message": "[{\"changed\": {\"fields\": [\"Verified by Admin\"]}}]"}}, {"model": "admin.logentry", "pk": 49, "fields": {"action_time": "2023-03-13T14:04:23.758Z", "user": 1, "content_type": 17, "object_id": "8", "object_repr": "Women Fashion Oversized Bomber Jackets", "action_flag": 2, "change_message": "[{\"changed\": {\"fields\": [\"Verified by Admin\"]}}]"}}, {"model": "admin.logentry", "pk": 50, "fields": {"action_time": "2023-03-13T14:25:09.523Z", "user": 1, "content_type": 46, "object_id": "5", "object_repr": "All Suppliers - 100.0", "action_flag": 1, "change_message": "[{\"added\": {}}]"}}, {"model": "admin.logentry", "pk": 51, "fields": {"action_time": "2023-03-15T06:23:56.465Z", "user": 1, "content_type": 47, "object_id": "1", "object_repr": "Product: Case Strap Bundle for Samsung Galaxy Watch5 4 Classic 46mm Band Cover Smart Watch Accessories, Active: True", "action_flag": 2, "change_message": "[{\"changed\": {\"fields\": [\"End date\"]}}]"}}, {"model": "admin.logentry", "pk": 52, "fields": {"action_time": "2023-03-15T06:24:27.190Z", "user": 1, "content_type": 47, "object_id": "3", "object_repr": "Product: 150mm Electronic Digital Caliper , Active: True", "action_flag": 2, "change_message": "[{\"changed\": {\"fields\": [\"End date\"]}}]"}}, {"model": "admin.logentry", "pk": 53, "fields": {"action_time": "2023-03-15T13:28:00.848Z", "user": 1, "content_type": 33, "object_id": "1", "object_repr": "Multiple Virtual Showrooms Annual", "action_flag": 3, "change_message": ""}}, {"model": "admin.logentry", "pk": 54, "fields": {"action_time": "2023-03-15T13:29:30.645Z", "user": 1, "content_type": 50, "object_id": "1", "object_repr": "Virtual Showrooms", "action_flag": 1, "change_message": "[{\"added\": {}}]"}}, {"model": "admin.logentry", "pk": 55, "fields": {"action_time": "2023-03-15T13:34:10.719Z", "user": 1, "content_type": 50, "object_id": "2", "object_repr": "Digital Marketing", "action_flag": 1, "change_message": "[{\"added\": {}}]"}}, {"model": "admin.logentry", "pk": 56, "fields": {"action_time": "2023-03-15T13:34:25.433Z", "user": 1, "content_type": 50, "object_id": "3", "object_repr": "Local Marketing", "action_flag": 1, "change_message": "[{\"added\": {}}]"}}, {"model": "admin.logentry", "pk": 57, "fields": {"action_time": "2023-03-16T05:53:09.615Z", "user": 1, "content_type": 33, "object_id": "15", "object_repr": "Local Marketing Annual", "action_flag": 3, "change_message": ""}}, {"model": "admin.logentry", "pk": 58, "fields": {"action_time": "2023-03-16T05:53:09.639Z", "user": 1, "content_type": 33, "object_id": "14", "object_repr": "Local Marketing 6 Month", "action_flag": 3, "change_message": ""}}, {"model": "admin.logentry", "pk": 59, "fields": {"action_time": "2023-03-16T05:53:09.639Z", "user": 1, "content_type": 33, "object_id": "13", "object_repr": "Local Marketing Monthly", "action_flag": 3, "change_message": ""}}, {"model": "admin.logentry", "pk": 60, "fields": {"action_time": "2023-03-16T05:53:09.639Z", "user": 1, "content_type": 33, "object_id": "12", "object_repr": "Multiple Virtual Showrooms Annual", "action_flag": 3, "change_message": ""}}, {"model": "admin.logentry", "pk": 61, "fields": {"action_time": "2023-03-16T05:53:09.639Z", "user": 1, "content_type": 33, "object_id": "11", "object_repr": "Multiple Virtual Showrooms 6 Month", "action_flag": 3, "change_message": ""}}, {"model": "admin.logentry", "pk": 62, "fields": {"action_time": "2023-03-16T05:53:09.647Z", "user": 1, "content_type": 33, "object_id": "10", "object_repr": "Multiple Virtual Showrooms Monthly", "action_flag": 3, "change_message": ""}}, {"model": "admin.logentry", "pk": 63, "fields": {"action_time": "2023-03-16T05:53:09.647Z", "user": 1, "content_type": 33, "object_id": "9", "object_repr": "One Virtual Showroom Annual", "action_flag": 3, "change_message": ""}}, {"model": "admin.logentry", "pk": 64, "fields": {"action_time": "2023-03-16T05:53:09.647Z", "user": 1, "content_type": 33, "object_id": "8", "object_repr": "One Virtual Showroom 6 Month", "action_flag": 3, "change_message": ""}}, {"model": "admin.logentry", "pk": 65, "fields": {"action_time": "2023-03-16T05:53:09.647Z", "user": 1, "content_type": 33, "object_id": "7", "object_repr": "One Virtual Showroom Monthly", "action_flag": 3, "change_message": ""}}, {"model": "admin.logentry", "pk": 66, "fields": {"action_time": "2023-03-16T05:53:09.647Z", "user": 1, "content_type": 33, "object_id": "6", "object_repr": "Multiple Virtual Showrooms Annual", "action_flag": 3, "change_message": ""}}, {"model": "admin.logentry", "pk": 67, "fields": {"action_time": "2023-03-16T05:53:09.655Z", "user": 1, "content_type": 33, "object_id": "5", "object_repr": "Multiple Virtual Showrooms 6 Month", "action_flag": 3, "change_message": ""}}, {"model": "admin.logentry", "pk": 68, "fields": {"action_time": "2023-03-16T05:53:09.655Z", "user": 1, "content_type": 33, "object_id": "4", "object_repr": "Multiple Virtual Showrooms Monthly", "action_flag": 3, "change_message": ""}}, {"model": "admin.logentry", "pk": 69, "fields": {"action_time": "2023-03-16T05:53:09.655Z", "user": 1, "content_type": 33, "object_id": "3", "object_repr": "One Virtual Showroom Annual", "action_flag": 3, "change_message": ""}}, {"model": "admin.logentry", "pk": 70, "fields": {"action_time": "2023-03-16T05:53:09.655Z", "user": 1, "content_type": 33, "object_id": "2", "object_repr": "One Virtual Showroom 6 Month", "action_flag": 3, "change_message": ""}}, {"model": "admin.logentry", "pk": 71, "fields": {"action_time": "2023-03-16T05:53:09.655Z", "user": 1, "content_type": 33, "object_id": "1", "object_repr": "One Virtual Showroom Monthly", "action_flag": 3, "change_message": ""}}, {"model": "admin.logentry", "pk": 72, "fields": {"action_time": "2023-03-16T05:56:47.898Z", "user": 1, "content_type": 50, "object_id": "1", "object_repr": "Virtual Showrooms", "action_flag": 1, "change_message": "[{\"added\": {}}]"}}, {"model": "admin.logentry", "pk": 73, "fields": {"action_time": "2023-03-16T05:58:10.636Z", "user": 1, "content_type": 50, "object_id": "2", "object_repr": "Digital Marketing", "action_flag": 1, "change_message": "[{\"added\": {}}]"}}, {"model": "admin.logentry", "pk": 74, "fields": {"action_time": "2023-03-16T06:01:38.583Z", "user": 1, "content_type": 50, "object_id": "2", "object_repr": "Digital Marketing", "action_flag": 3, "change_message": ""}}, {"model": "admin.logentry", "pk": 75, "fields": {"action_time": "2023-03-16T06:01:38.607Z", "user": 1, "content_type": 50, "object_id": "1", "object_repr": "Virtual Showrooms", "action_flag": 3, "change_message": ""}}, {"model": "admin.logentry", "pk": 76, "fields": {"action_time": "2023-03-16T06:01:57.401Z", "user": 1, "content_type": 50, "object_id": "3", "object_repr": "Virtual Showrooms", "action_flag": 1, "change_message": "[{\"added\": {}}]"}}, {"model": "admin.logentry", "pk": 77, "fields": {"action_time": "2023-03-16T06:03:13Z", "user": 1, "content_type": 50, "object_id": "4", "object_repr": "Digital Marketing", "action_flag": 1, "change_message": "[{\"added\": {}}]"}}, {"model": "admin.logentry", "pk": 78, "fields": {"action_time": "2023-03-16T06:04:53.989Z", "user": 1, "content_type": 50, "object_id": "5", "object_repr": "Local Marketing", "action_flag": 1, "change_message": "[{\"added\": {}}]"}}, {"model": "admin.logentry", "pk": 79, "fields": {"action_time": "2023-03-16T06:05:24.369Z", "user": 1, "content_type": 50, "object_id": "5", "object_repr": "Local Marketing", "action_flag": 3, "change_message": ""}}, {"model": "admin.logentry", "pk": 80, "fields": {"action_time": "2023-03-16T06:05:24.385Z", "user": 1, "content_type": 50, "object_id": "4", "object_repr": "Digital Marketing", "action_flag": 3, "change_message": ""}}, {"model": "admin.logentry", "pk": 81, "fields": {"action_time": "2023-03-16T06:05:24.385Z", "user": 1, "content_type": 50, "object_id": "3", "object_repr": "Virtual Showrooms", "action_flag": 3, "change_message": ""}}, {"model": "admin.logentry", "pk": 82, "fields": {"action_time": "2023-03-16T08:47:25.705Z", "user": 1, "content_type": 50, "object_id": "6", "object_repr": "Virtual Showrooms", "action_flag": 1, "change_message": "[{\"added\": {}}]"}}, {"model": "admin.logentry", "pk": 83, "fields": {"action_time": "2023-03-16T08:49:39.442Z", "user": 1, "content_type": 50, "object_id": "7", "object_repr": "Digital Marketing", "action_flag": 1, "change_message": "[{\"added\": {}}]"}}, {"model": "admin.logentry", "pk": 84, "fields": {"action_time": "2023-03-16T08:52:45.459Z", "user": 1, "content_type": 50, "object_id": "7", "object_repr": "Digital Marketing", "action_flag": 3, "change_message": ""}}, {"model": "admin.logentry", "pk": 85, "fields": {"action_time": "2023-03-16T08:52:45.464Z", "user": 1, "content_type": 50, "object_id": "6", "object_repr": "Virtual Showrooms", "action_flag": 3, "change_message": ""}}, {"model": "admin.logentry", "pk": 86, "fields": {"action_time": "2023-03-16T08:52:51.966Z", "user": 1, "content_type": 50, "object_id": "8", "object_repr": "Virtual Showrooms", "action_flag": 1, "change_message": "[{\"added\": {}}]"}}, {"model": "admin.logentry", "pk": 87, "fields": {"action_time": "2023-03-16T08:54:54.884Z", "user": 1, "content_type": 50, "object_id": "9", "object_repr": "Digital Marketing", "action_flag": 1, "change_message": "[{\"added\": {}}]"}}, {"model": "admin.logentry", "pk": 88, "fields": {"action_time": "2023-03-16T08:56:00.134Z", "user": 1, "content_type": 50, "object_id": "10", "object_repr": "Local Marketing", "action_flag": 1, "change_message": "[{\"added\": {}}]"}}, {"model": "admin.logentry", "pk": 89, "fields": {"action_time": "2023-03-16T08:56:26.964Z", "user": 1, "content_type": 50, "object_id": "10", "object_repr": "Local Marketing", "action_flag": 3, "change_message": ""}}, {"model": "admin.logentry", "pk": 90, "fields": {"action_time": "2023-03-16T08:56:26.970Z", "user": 1, "content_type": 50, "object_id": "9", "object_repr": "Digital Marketing", "action_flag": 3, "change_message": ""}}, {"model": "admin.logentry", "pk": 91, "fields": {"action_time": "2023-03-16T08:56:26.971Z", "user": 1, "content_type": 50, "object_id": "8", "object_repr": "Virtual Showrooms", "action_flag": 3, "change_message": ""}}, {"model": "admin.logentry", "pk": 92, "fields": {"action_time": "2023-03-16T08:56:33.805Z", "user": 1, "content_type": 50, "object_id": "11", "object_repr": "Virtual Showrooms", "action_flag": 1, "change_message": "[{\"added\": {}}]"}}, {"model": "admin.logentry", "pk": 93, "fields": {"action_time": "2023-03-16T08:57:32.464Z", "user": 1, "content_type": 50, "object_id": "12", "object_repr": "Digital Marketing", "action_flag": 1, "change_message": "[{\"added\": {}}]"}}, {"model": "admin.logentry", "pk": 94, "fields": {"action_time": "2023-03-16T09:00:07.898Z", "user": 1, "content_type": 50, "object_id": "12", "object_repr": "Digital Marketing", "action_flag": 3, "change_message": ""}}, {"model": "admin.logentry", "pk": 95, "fields": {"action_time": "2023-03-16T09:00:07.904Z", "user": 1, "content_type": 50, "object_id": "11", "object_repr": "Virtual Showrooms", "action_flag": 3, "change_message": ""}}, {"model": "admin.logentry", "pk": 96, "fields": {"action_time": "2023-03-16T09:00:26.947Z", "user": 1, "content_type": 50, "object_id": "13", "object_repr": "Virtual Showrooms", "action_flag": 1, "change_message": "[{\"added\": {}}]"}}, {"model": "admin.logentry", "pk": 97, "fields": {"action_time": "2023-03-16T09:01:21.751Z", "user": 1, "content_type": 50, "object_id": "13", "object_repr": "Virtual Showrooms", "action_flag": 3, "change_message": ""}}, {"model": "admin.logentry", "pk": 98, "fields": {"action_time": "2023-03-16T09:01:29.542Z", "user": 1, "content_type": 50, "object_id": "14", "object_repr": "Virtual Showrooms", "action_flag": 1, "change_message": "[{\"added\": {}}]"}}, {"model": "admin.logentry", "pk": 99, "fields": {"action_time": "2023-03-16T09:02:51.770Z", "user": 1, "content_type": 50, "object_id": "15", "object_repr": "Digital Marketing", "action_flag": 1, "change_message": "[{\"added\": {}}]"}}, {"model": "admin.logentry", "pk": 100, "fields": {"action_time": "2023-03-16T09:05:03.130Z", "user": 1, "content_type": 50, "object_id": "16", "object_repr": "Local Marketing", "action_flag": 1, "change_message": "[{\"added\": {}}]"}}, {"model": "admin.logentry", "pk": 101, "fields": {"action_time": "2023-03-16T09:05:37.883Z", "user": 1, "content_type": 50, "object_id": "16", "object_repr": "Local Marketing", "action_flag": 3, "change_message": ""}}, {"model": "admin.logentry", "pk": 102, "fields": {"action_time": "2023-03-16T09:05:37.890Z", "user": 1, "content_type": 50, "object_id": "15", "object_repr": "Digital Marketing", "action_flag": 3, "change_message": ""}}, {"model": "admin.logentry", "pk": 103, "fields": {"action_time": "2023-03-16T09:05:37.892Z", "user": 1, "content_type": 50, "object_id": "14", "object_repr": "Virtual Showrooms", "action_flag": 3, "change_message": ""}}, {"model": "admin.logentry", "pk": 104, "fields": {"action_time": "2023-03-16T09:05:55.406Z", "user": 1, "content_type": 50, "object_id": "17", "object_repr": "One Virtual Showroom", "action_flag": 1, "change_message": "[{\"added\": {}}]"}}, {"model": "admin.logentry", "pk": 105, "fields": {"action_time": "2023-03-16T09:06:38.016Z", "user": 1, "content_type": 50, "object_id": "17", "object_repr": "One Virtual Showroom", "action_flag": 3, "change_message": ""}}, {"model": "admin.logentry", "pk": 106, "fields": {"action_time": "2023-03-16T09:06:44.308Z", "user": 1, "content_type": 50, "object_id": "18", "object_repr": "Virtual Showrooms", "action_flag": 1, "change_message": "[{\"added\": {}}]"}}, {"model": "admin.logentry", "pk": 107, "fields": {"action_time": "2023-03-16T09:08:18.486Z", "user": 1, "content_type": 50, "object_id": "19", "object_repr": "Digital Marketing", "action_flag": 1, "change_message": "[{\"added\": {}}]"}}, {"model": "admin.logentry", "pk": 108, "fields": {"action_time": "2023-03-16T09:10:37.310Z", "user": 1, "content_type": 50, "object_id": "19", "object_repr": "Digital Marketing", "action_flag": 3, "change_message": ""}}, {"model": "admin.logentry", "pk": 109, "fields": {"action_time": "2023-03-16T09:10:37.316Z", "user": 1, "content_type": 50, "object_id": "18", "object_repr": "Virtual Showrooms", "action_flag": 3, "change_message": ""}}, {"model": "admin.logentry", "pk": 110, "fields": {"action_time": "2023-03-16T09:11:16.082Z", "user": 1, "content_type": 50, "object_id": "21", "object_repr": "Virtual Showrooms", "action_flag": 1, "change_message": "[{\"added\": {}}]"}}, {"model": "admin.logentry", "pk": 111, "fields": {"action_time": "2023-03-16T09:12:13.688Z", "user": 1, "content_type": 50, "object_id": "22", "object_repr": "Digital Marketing", "action_flag": 1, "change_message": "[{\"added\": {}}]"}}, {"model": "admin.logentry", "pk": 112, "fields": {"action_time": "2023-03-16T09:12:28.271Z", "user": 1, "content_type": 50, "object_id": "21", "object_repr": "Virtual Showrooms", "action_flag": 3, "change_message": ""}}, {"model": "admin.logentry", "pk": 113, "fields": {"action_time": "2023-03-16T09:12:34.350Z", "user": 1, "content_type": 50, "object_id": "23", "object_repr": "Virtual Showrooms", "action_flag": 1, "change_message": "[{\"added\": {}}]"}}, {"model": "admin.logentry", "pk": 114, "fields": {"action_time": "2023-03-16T09:12:50.832Z", "user": 1, "content_type": 50, "object_id": "24", "object_repr": "Local Marketing", "action_flag": 1, "change_message": "[{\"added\": {}}]"}}, {"model": "admin.logentry", "pk": 115, "fields": {"action_time": "2023-03-16T09:15:43.255Z", "user": 1, "content_type": 50, "object_id": "25", "object_repr": "this is a test", "action_flag": 1, "change_message": "[{\"added\": {}}]"}}, {"model": "admin.logentry", "pk": 116, "fields": {"action_time": "2023-03-16T09:40:11.975Z", "user": 1, "content_type": 50, "object_id": "25", "object_repr": "this is a test", "action_flag": 3, "change_message": ""}}, {"model": "admin.logentry", "pk": 117, "fields": {"action_time": "2023-03-16T09:41:14.554Z", "user": 1, "content_type": 29, "object_id": "1", "object_repr": "One Virtual Showroom", "action_flag": 1, "change_message": "[{\"added\": {}}]"}}, {"model": "admin.logentry", "pk": 118, "fields": {"action_time": "2023-03-16T09:41:32.907Z", "user": 1, "content_type": 29, "object_id": "2", "object_repr": "Multiple Virtual Showrooms", "action_flag": 1, "change_message": "[{\"added\": {}}]"}}, {"model": "admin.logentry", "pk": 119, "fields": {"action_time": "2023-03-16T09:43:16.882Z", "user": 1, "content_type": 29, "object_id": "3", "object_repr": "One Virtual Showroom", "action_flag": 1, "change_message": "[{\"added\": {}}]"}}, {"model": "admin.logentry", "pk": 120, "fields": {"action_time": "2023-03-16T09:43:52.832Z", "user": 1, "content_type": 29, "object_id": "4", "object_repr": "Multiple Virtual Showrooms", "action_flag": 1, "change_message": "[{\"added\": {}}]"}}, {"model": "admin.logentry", "pk": 121, "fields": {"action_time": "2023-03-16T09:44:45.675Z", "user": 1, "content_type": 29, "object_id": "5", "object_repr": "Local Marketing - In Every Country", "action_flag": 1, "change_message": "[{\"added\": {}}]"}}, {"model": "admin.logentry", "pk": 122, "fields": {"action_time": "2023-03-16T10:18:36.806Z", "user": 1, "content_type": 33, "object_id": "30", "object_repr": "Local Marketing Annual - 5000", "action_flag": 3, "change_message": ""}}, {"model": "admin.logentry", "pk": 123, "fields": {"action_time": "2023-03-16T10:18:36.823Z", "user": 1, "content_type": 33, "object_id": "29", "object_repr": "Local Marketing 6 Month - 2500", "action_flag": 3, "change_message": ""}}, {"model": "admin.logentry", "pk": 124, "fields": {"action_time": "2023-03-16T10:18:36.825Z", "user": 1, "content_type": 33, "object_id": "28", "object_repr": "Local Marketing Monthly - 500", "action_flag": 3, "change_message": ""}}, {"model": "admin.logentry", "pk": 125, "fields": {"action_time": "2023-03-16T10:18:36.827Z", "user": 1, "content_type": 33, "object_id": "27", "object_repr": "Multiple Virtual Showrooms Annual - 1000", "action_flag": 3, "change_message": ""}}, {"model": "admin.logentry", "pk": 126, "fields": {"action_time": "2023-03-16T10:18:36.829Z", "user": 1, "content_type": 33, "object_id": "26", "object_repr": "Multiple Virtual Showrooms 6 Month - 500", "action_flag": 3, "change_message": ""}}, {"model": "admin.logentry", "pk": 127, "fields": {"action_time": "2023-03-16T10:18:36.831Z", "user": 1, "content_type": 33, "object_id": "25", "object_repr": "Multiple Virtual Showrooms Monthly - 100", "action_flag": 3, "change_message": ""}}, {"model": "admin.logentry", "pk": 128, "fields": {"action_time": "2023-03-16T10:18:36.833Z", "user": 1, "content_type": 33, "object_id": "24", "object_repr": "One Virtual Showroom Annual - 500", "action_flag": 3, "change_message": ""}}, {"model": "admin.logentry", "pk": 129, "fields": {"action_time": "2023-03-16T10:18:36.835Z", "user": 1, "content_type": 33, "object_id": "23", "object_repr": "One Virtual Showroom 6 Month - 250", "action_flag": 3, "change_message": ""}}, {"model": "admin.logentry", "pk": 130, "fields": {"action_time": "2023-03-16T10:18:36.836Z", "user": 1, "content_type": 33, "object_id": "22", "object_repr": "One Virtual Showroom Monthly - 50", "action_flag": 3, "change_message": ""}}, {"model": "admin.logentry", "pk": 131, "fields": {"action_time": "2023-03-16T10:18:36.839Z", "user": 1, "content_type": 33, "object_id": "21", "object_repr": "Multiple Virtual Showrooms Annual - 800", "action_flag": 3, "change_message": ""}}, {"model": "admin.logentry", "pk": 132, "fields": {"action_time": "2023-03-16T10:18:36.840Z", "user": 1, "content_type": 33, "object_id": "20", "object_repr": "Multiple Virtual Showrooms 6 Month - 400", "action_flag": 3, "change_message": ""}}, {"model": "admin.logentry", "pk": 133, "fields": {"action_time": "2023-03-16T10:18:36.842Z", "user": 1, "content_type": 33, "object_id": "19", "object_repr": "Multiple Virtual Showrooms Monthly - 100", "action_flag": 3, "change_message": ""}}, {"model": "admin.logentry", "pk": 134, "fields": {"action_time": "2023-03-16T10:18:36.844Z", "user": 1, "content_type": 33, "object_id": "18", "object_repr": "One Virtual Showroom Annual - 600", "action_flag": 3, "change_message": ""}}, {"model": "admin.logentry", "pk": 135, "fields": {"action_time": "2023-03-16T10:18:36.846Z", "user": 1, "content_type": 33, "object_id": "17", "object_repr": "One Virtual Showroom 6 Month - 300", "action_flag": 3, "change_message": ""}}, {"model": "admin.logentry", "pk": 136, "fields": {"action_time": "2023-03-16T10:18:36.848Z", "user": 1, "content_type": 33, "object_id": "16", "object_repr": "One Virtual Showroom Monthly - 60", "action_flag": 3, "change_message": ""}}, {"model": "admin.logentry", "pk": 137, "fields": {"action_time": "2023-03-16T10:20:10.480Z", "user": 1, "content_type": 29, "object_id": "1", "object_repr": "Virtual Showrooms - One Virtual Showroom", "action_flag": 2, "change_message": "[{\"changed\": {\"fields\": [\"Features\"]}}]"}}, {"model": "admin.logentry", "pk": 138, "fields": {"action_time": "2023-03-16T10:20:16.260Z", "user": 1, "content_type": 29, "object_id": "2", "object_repr": "Virtual Showrooms - Multiple Virtual Showrooms", "action_flag": 2, "change_message": "[{\"changed\": {\"fields\": [\"Features\"]}}]"}}, {"model": "admin.logentry", "pk": 139, "fields": {"action_time": "2023-03-16T10:20:23.736Z", "user": 1, "content_type": 29, "object_id": "3", "object_repr": "Digital Marketing - One Virtual Showroom", "action_flag": 2, "change_message": "[{\"changed\": {\"fields\": [\"Features\"]}}]"}}, {"model": "admin.logentry", "pk": 140, "fields": {"action_time": "2023-03-16T10:20:31.071Z", "user": 1, "content_type": 29, "object_id": "4", "object_repr": "Digital Marketing - Multiple Virtual Showrooms", "action_flag": 2, "change_message": "[{\"changed\": {\"fields\": [\"Features\"]}}]"}}, {"model": "admin.logentry", "pk": 141, "fields": {"action_time": "2023-03-16T10:20:37.167Z", "user": 1, "content_type": 29, "object_id": "5", "object_repr": "Local Marketing - In Every Country", "action_flag": 2, "change_message": "[{\"changed\": {\"fields\": [\"Features\"]}}]"}}, {"model": "admin.logentry", "pk": 142, "fields": {"action_time": "2023-03-16T10:25:09.762Z", "user": 1, "content_type": 50, "object_id": "22", "object_repr": "Digital Marketing", "action_flag": 2, "change_message": "[{\"changed\": {\"fields\": [\"Type\"]}}]"}}, {"model": "admin.logentry", "pk": 143, "fields": {"action_time": "2023-03-16T10:25:19.418Z", "user": 1, "content_type": 50, "object_id": "23", "object_repr": "Virtual Showrooms", "action_flag": 2, "change_message": "[{\"changed\": {\"fields\": [\"Type\"]}}]"}}, {"model": "admin.logentry", "pk": 144, "fields": {"action_time": "2023-03-16T10:25:25.846Z", "user": 1, "content_type": 50, "object_id": "24", "object_repr": "Local Marketing", "action_flag": 2, "change_message": "[{\"changed\": {\"fields\": [\"Type\"]}}]"}}, {"model": "admin.logentry", "pk": 145, "fields": {"action_time": "2023-03-16T11:09:16.045Z", "user": 1, "content_type": 50, "object_id": "22", "object_repr": "Digital Marketing", "action_flag": 2, "change_message": "[{\"changed\": {\"fields\": [\"Type\"]}}]"}}, {"model": "admin.logentry", "pk": 146, "fields": {"action_time": "2023-03-16T11:09:20.735Z", "user": 1, "content_type": 50, "object_id": "22", "object_repr": "Digital Marketing", "action_flag": 2, "change_message": "[]"}}, {"model": "admin.logentry", "pk": 147, "fields": {"action_time": "2023-03-16T11:09:31.320Z", "user": 1, "content_type": 50, "object_id": "24", "object_repr": "Local Marketing", "action_flag": 2, "change_message": "[{\"changed\": {\"fields\": [\"Type\"]}}]"}}, {"model": "admin.logentry", "pk": 148, "fields": {"action_time": "2023-03-16T11:09:38.507Z", "user": 1, "content_type": 50, "object_id": "23", "object_repr": "Virtual Showrooms", "action_flag": 2, "change_message": "[{\"changed\": {\"fields\": [\"Type\"]}}]"}}, {"model": "admin.logentry", "pk": 149, "fields": {"action_time": "2023-03-16T12:04:05.936Z", "user": 1, "content_type": 35, "object_id": "16", "object_repr": "angela", "action_flag": 3, "change_message": ""}}, {"model": "admin.logentry", "pk": 150, "fields": {"action_time": "2023-03-16T21:43:26.254Z", "user": 1, "content_type": 32, "object_id": "6", "object_repr": "User: phillipmugisa, Plan: Multiple Virtual Showrooms 6 Month", "action_flag": 3, "change_message": ""}}, {"model": "admin.logentry", "pk": 151, "fields": {"action_time": "2023-03-16T21:43:26.270Z", "user": 1, "content_type": 32, "object_id": "5", "object_repr": "User: phillipmugisa, Plan: One Virtual Showroom 6 Month", "action_flag": 3, "change_message": ""}}, {"model": "admin.logentry", "pk": 152, "fields": {"action_time": "2023-03-16T21:43:26.271Z", "user": 1, "content_type": 32, "object_id": "4", "object_repr": "User: phillipmugisa, Plan: Local Marketing Annual", "action_flag": 3, "change_message": ""}}, {"model": "admin.logentry", "pk": 153, "fields": {"action_time": "2023-03-16T21:43:26.271Z", "user": 1, "content_type": 32, "object_id": "3", "object_repr": "User: phillipmugisa, Plan: Multiple Virtual Showrooms 6 Month", "action_flag": 3, "change_message": ""}}, {"model": "admin.logentry", "pk": 154, "fields": {"action_time": "2023-03-16T21:43:26.279Z", "user": 1, "content_type": 32, "object_id": "2", "object_repr": "User: phillipmugisa, Plan: Multiple Virtual Showrooms 6 Month", "action_flag": 3, "change_message": ""}}, {"model": "admin.logentry", "pk": 155, "fields": {"action_time": "2023-03-16T21:43:26.281Z", "user": 1, "content_type": 32, "object_id": "1", "object_repr": "User: phillipmugisa, Plan: One Virtual Showroom 6 Month", "action_flag": 3, "change_message": ""}}, {"model": "admin.logentry", "pk": 156, "fields": {"action_time": "2023-03-18T10:58:06.092Z", "user": 1, "content_type": 32, "object_id": "36", "object_repr": "User: phillipmugisa, Plan: Multiple Virtual Showrooms Annual", "action_flag": 3, "change_message": ""}}, {"model": "admin.logentry", "pk": 157, "fields": {"action_time": "2023-03-18T10:58:06.108Z", "user": 1, "content_type": 32, "object_id": "35", "object_repr": "User: phillipmugisa, Plan: Multiple Virtual Showrooms 6 Month", "action_flag": 3, "change_message": ""}}, {"model": "admin.logentry", "pk": 158, "fields": {"action_time": "2023-03-18T10:58:06.110Z", "user": 1, "content_type": 32, "object_id": "34", "object_repr": "User: phillipmugisa, Plan: Multiple Virtual Showrooms Monthly", "action_flag": 3, "change_message": ""}}, {"model": "admin.logentry", "pk": 159, "fields": {"action_time": "2023-03-18T10:58:06.112Z", "user": 1, "content_type": 32, "object_id": "33", "object_repr": "User: phillipmugisa, Plan: One Virtual Showroom Annual", "action_flag": 3, "change_message": ""}}, {"model": "admin.logentry", "pk": 160, "fields": {"action_time": "2023-03-18T10:58:06.115Z", "user": 1, "content_type": 32, "object_id": "32", "object_repr": "User: phillipmugisa, Plan: Multiple Virtual Showrooms Annual", "action_flag": 3, "change_message": ""}}, {"model": "admin.logentry", "pk": 161, "fields": {"action_time": "2023-03-18T10:58:06.118Z", "user": 1, "content_type": 32, "object_id": "31", "object_repr": "User: phillipmugisa, Plan: Multiple Virtual Showrooms 6 Month", "action_flag": 3, "change_message": ""}}, {"model": "admin.logentry", "pk": 162, "fields": {"action_time": "2023-03-18T10:58:06.120Z", "user": 1, "content_type": 32, "object_id": "30", "object_repr": "User: phillipmugisa, Plan: One Virtual Showroom 6 Month", "action_flag": 3, "change_message": ""}}, {"model": "admin.logentry", "pk": 163, "fields": {"action_time": "2023-03-18T10:58:06.122Z", "user": 1, "content_type": 32, "object_id": "29", "object_repr": "User: phillipmugisa, Plan: Local Marketing Monthly", "action_flag": 3, "change_message": ""}}, {"model": "admin.logentry", "pk": 164, "fields": {"action_time": "2023-03-18T10:58:06.123Z", "user": 1, "content_type": 32, "object_id": "28", "object_repr": "User: phillipmugisa, Plan: Local Marketing Monthly", "action_flag": 3, "change_message": ""}}, {"model": "admin.logentry", "pk": 165, "fields": {"action_time": "2023-03-18T10:58:06.125Z", "user": 1, "content_type": 32, "object_id": "27", "object_repr": "User: phillipmugisa, Plan: Multiple Virtual Showrooms 6 Month", "action_flag": 3, "change_message": ""}}, {"model": "admin.logentry", "pk": 166, "fields": {"action_time": "2023-03-18T10:58:06.128Z", "user": 1, "content_type": 32, "object_id": "26", "object_repr": "User: phillipmugisa, Plan: Multiple Virtual Showrooms Monthly", "action_flag": 3, "change_message": ""}}, {"model": "admin.logentry", "pk": 167, "fields": {"action_time": "2023-03-18T10:58:06.130Z", "user": 1, "content_type": 32, "object_id": "25", "object_repr": "User: phillipmugisa, Plan: One Virtual Showroom Annual", "action_flag": 3, "change_message": ""}}, {"model": "admin.logentry", "pk": 168, "fields": {"action_time": "2023-03-18T10:58:06.132Z", "user": 1, "content_type": 32, "object_id": "24", "object_repr": "User: phillipmugisa, Plan: One Virtual Showroom Monthly", "action_flag": 3, "change_message": ""}}, {"model": "admin.logentry", "pk": 169, "fields": {"action_time": "2023-03-18T10:58:06.134Z", "user": 1, "content_type": 32, "object_id": "23", "object_repr": "User: phillipmugisa, Plan: Multiple Virtual Showrooms 6 Month", "action_flag": 3, "change_message": ""}}, {"model": "admin.logentry", "pk": 170, "fields": {"action_time": "2023-03-18T10:58:06.135Z", "user": 1, "content_type": 32, "object_id": "22", "object_repr": "User: phillipmugisa, Plan: Multiple Virtual Showrooms Annual", "action_flag": 3, "change_message": ""}}, {"model": "admin.logentry", "pk": 171, "fields": {"action_time": "2023-03-18T10:58:06.137Z", "user": 1, "content_type": 32, "object_id": "21", "object_repr": "User: phillipmugisa, Plan: One Virtual Showroom Monthly", "action_flag": 3, "change_message": ""}}, {"model": "admin.logentry", "pk": 172, "fields": {"action_time": "2023-03-18T10:58:06.139Z", "user": 1, "content_type": 32, "object_id": "20", "object_repr": "User: phillipmugisa, Plan: Multiple Virtual Showrooms Monthly", "action_flag": 3, "change_message": ""}}, {"model": "admin.logentry", "pk": 173, "fields": {"action_time": "2023-03-18T10:58:06.140Z", "user": 1, "content_type": 32, "object_id": "19", "object_repr": "User: phillipmugisa, Plan: One Virtual Showroom Annual", "action_flag": 3, "change_message": ""}}, {"model": "admin.logentry", "pk": 174, "fields": {"action_time": "2023-03-18T10:58:06.142Z", "user": 1, "content_type": 32, "object_id": "18", "object_repr": "User: phillipmugisa, Plan: Multiple Virtual Showrooms Monthly", "action_flag": 3, "change_message": ""}}, {"model": "admin.logentry", "pk": 175, "fields": {"action_time": "2023-03-18T10:58:06.144Z", "user": 1, "content_type": 32, "object_id": "17", "object_repr": "User: phillipmugisa, Plan: One Virtual Showroom Monthly", "action_flag": 3, "change_message": ""}}, {"model": "admin.logentry", "pk": 176, "fields": {"action_time": "2023-03-18T10:58:06.146Z", "user": 1, "content_type": 32, "object_id": "16", "object_repr": "User: phillipmugisa, Plan: Multiple Virtual Showrooms Annual", "action_flag": 3, "change_message": ""}}, {"model": "admin.logentry", "pk": 177, "fields": {"action_time": "2023-03-18T10:58:06.149Z", "user": 1, "content_type": 32, "object_id": "15", "object_repr": "User: phillipmugisa, Plan: One Virtual Showroom Annual", "action_flag": 3, "change_message": ""}}, {"model": "admin.logentry", "pk": 178, "fields": {"action_time": "2023-03-18T10:58:06.151Z", "user": 1, "content_type": 32, "object_id": "14", "object_repr": "User: phillipmugisa, Plan: One Virtual Showroom 6 Month", "action_flag": 3, "change_message": ""}}, {"model": "admin.logentry", "pk": 179, "fields": {"action_time": "2023-03-18T10:58:06.152Z", "user": 1, "content_type": 32, "object_id": "13", "object_repr": "User: phillipmugisa, Plan: One Virtual Showroom Annual", "action_flag": 3, "change_message": ""}}, {"model": "admin.logentry", "pk": 180, "fields": {"action_time": "2023-03-18T10:58:06.154Z", "user": 1, "content_type": 32, "object_id": "12", "object_repr": "User: phillipmugisa, Plan: One Virtual Showroom Annual", "action_flag": 3, "change_message": ""}}, {"model": "admin.logentry", "pk": 181, "fields": {"action_time": "2023-03-18T10:58:06.156Z", "user": 1, "content_type": 32, "object_id": "11", "object_repr": "User: phillipmugisa, Plan: One Virtual Showroom Monthly", "action_flag": 3, "change_message": ""}}, {"model": "admin.logentry", "pk": 182, "fields": {"action_time": "2023-03-18T10:58:06.158Z", "user": 1, "content_type": 32, "object_id": "10", "object_repr": "User: phillipmugisa, Plan: Multiple Virtual Showrooms 6 Month", "action_flag": 3, "change_message": ""}}, {"model": "admin.logentry", "pk": 183, "fields": {"action_time": "2023-03-18T10:58:06.160Z", "user": 1, "content_type": 32, "object_id": "9", "object_repr": "User: phillipmugisa, Plan: Multiple Virtual Showrooms Annual", "action_flag": 3, "change_message": ""}}, {"model": "admin.logentry", "pk": 184, "fields": {"action_time": "2023-03-18T10:58:06.162Z", "user": 1, "content_type": 32, "object_id": "8", "object_repr": "User: phillipmugisa, Plan: One Virtual Showroom 6 Month", "action_flag": 3, "change_message": ""}}, {"model": "admin.logentry", "pk": 185, "fields": {"action_time": "2023-03-18T10:58:06.163Z", "user": 1, "content_type": 32, "object_id": "7", "object_repr": "User: phillipmugisa, Plan: One Virtual Showroom Annual", "action_flag": 3, "change_message": ""}}, {"model": "admin.logentry", "pk": 186, "fields": {"action_time": "2023-03-18T11:00:31.924Z", "user": 1, "content_type": 32, "object_id": "37", "object_repr": "User: phillipmugisa, Plan: One Virtual Showroom 6 Month", "action_flag": 3, "change_message": ""}}, {"model": "admin.logentry", "pk": 187, "fields": {"action_time": "2023-03-18T11:26:51.633Z", "user": 1, "content_type": 32, "object_id": "38", "object_repr": "User: phillipmugisa, Plan: One Virtual Showroom Monthly", "action_flag": 3, "change_message": ""}}, {"model": "admin.logentry", "pk": 188, "fields": {"action_time": "2023-03-18T11:28:34.368Z", "user": 1, "content_type": 32, "object_id": "39", "object_repr": "User: phillipmugisa, Plan: One Virtual Showroom Annual", "action_flag": 3, "change_message": ""}}, {"model": "admin.logentry", "pk": 189, "fields": {"action_time": "2023-03-18T11:42:52.129Z", "user": 1, "content_type": 32, "object_id": "41", "object_repr": "User: phillipmugisa, Plan: One Virtual Showroom 6 Month", "action_flag": 3, "change_message": ""}}, {"model": "admin.logentry", "pk": 190, "fields": {"action_time": "2023-03-18T11:42:52.156Z", "user": 1, "content_type": 32, "object_id": "40", "object_repr": "User: phillipmugisa, Plan: Local Marketing Monthly", "action_flag": 3, "change_message": ""}}, {"model": "admin.logentry", "pk": 191, "fields": {"action_time": "2023-03-18T11:50:19.156Z", "user": 1, "content_type": 32, "object_id": "42", "object_repr": "User: phillipmugisa, Plan: Multiple Virtual Showrooms 6 Month", "action_flag": 3, "change_message": ""}}, {"model": "admin.logentry", "pk": 192, "fields": {"action_time": "2023-03-19T12:00:27.898Z", "user": 1, "content_type": 33, "object_id": "60", "object_repr": "Local Marketing Annual - 5000", "action_flag": 3, "change_message": ""}}, {"model": "admin.logentry", "pk": 193, "fields": {"action_time": "2023-03-19T12:00:27.914Z", "user": 1, "content_type": 33, "object_id": "59", "object_repr": "Local Marketing 6 Month - 2500", "action_flag": 3, "change_message": ""}}, {"model": "admin.logentry", "pk": 194, "fields": {"action_time": "2023-03-19T12:00:27.916Z", "user": 1, "content_type": 33, "object_id": "58", "object_repr": "Local Marketing Monthly - 500", "action_flag": 3, "change_message": ""}}, {"model": "admin.logentry", "pk": 195, "fields": {"action_time": "2023-03-19T12:00:27.919Z", "user": 1, "content_type": 33, "object_id": "57", "object_repr": "Multiple Virtual Showrooms Annual - 1000", "action_flag": 3, "change_message": ""}}, {"model": "admin.logentry", "pk": 196, "fields": {"action_time": "2023-03-19T12:00:27.922Z", "user": 1, "content_type": 33, "object_id": "56", "object_repr": "Multiple Virtual Showrooms 6 Month - 500", "action_flag": 3, "change_message": ""}}, {"model": "admin.logentry", "pk": 197, "fields": {"action_time": "2023-03-19T12:00:27.923Z", "user": 1, "content_type": 33, "object_id": "55", "object_repr": "Multiple Virtual Showrooms Monthly - 100", "action_flag": 3, "change_message": ""}}, {"model": "admin.logentry", "pk": 198, "fields": {"action_time": "2023-03-19T12:00:27.925Z", "user": 1, "content_type": 33, "object_id": "54", "object_repr": "One Virtual Showroom Annual - 500", "action_flag": 3, "change_message": ""}}, {"model": "admin.logentry", "pk": 199, "fields": {"action_time": "2023-03-19T12:00:27.926Z", "user": 1, "content_type": 33, "object_id": "53", "object_repr": "One Virtual Showroom 6 Month - 250", "action_flag": 3, "change_message": ""}}, {"model": "admin.logentry", "pk": 200, "fields": {"action_time": "2023-03-19T12:00:27.928Z", "user": 1, "content_type": 33, "object_id": "52", "object_repr": "One Virtual Showroom Monthly - 50", "action_flag": 3, "change_message": ""}}, {"model": "admin.logentry", "pk": 201, "fields": {"action_time": "2023-03-19T12:00:27.930Z", "user": 1, "content_type": 33, "object_id": "51", "object_repr": "Multiple Virtual Showrooms Annual - 800", "action_flag": 3, "change_message": ""}}, {"model": "admin.logentry", "pk": 202, "fields": {"action_time": "2023-03-19T12:00:27.931Z", "user": 1, "content_type": 33, "object_id": "50", "object_repr": "Multiple Virtual Showrooms 6 Month - 400", "action_flag": 3, "change_message": ""}}, {"model": "admin.logentry", "pk": 203, "fields": {"action_time": "2023-03-19T12:00:27.933Z", "user": 1, "content_type": 33, "object_id": "49", "object_repr": "Multiple Virtual Showrooms Monthly - 100", "action_flag": 3, "change_message": ""}}, {"model": "admin.logentry", "pk": 204, "fields": {"action_time": "2023-03-19T12:00:27.935Z", "user": 1, "content_type": 33, "object_id": "48", "object_repr": "One Virtual Showroom Annual - 600", "action_flag": 3, "change_message": ""}}, {"model": "admin.logentry", "pk": 205, "fields": {"action_time": "2023-03-19T12:00:27.937Z", "user": 1, "content_type": 33, "object_id": "47", "object_repr": "One Virtual Showroom 6 Month - 300", "action_flag": 3, "change_message": ""}}, {"model": "admin.logentry", "pk": 206, "fields": {"action_time": "2023-03-19T12:00:27.938Z", "user": 1, "content_type": 33, "object_id": "46", "object_repr": "One Virtual Showroom Monthly - 60", "action_flag": 3, "change_message": ""}}, {"model": "admin.logentry", "pk": 207, "fields": {"action_time": "2023-03-19T12:00:27.940Z", "user": 1, "content_type": 33, "object_id": "45", "object_repr": "Local Marketing Annual - 5000", "action_flag": 3, "change_message": ""}}, {"model": "admin.logentry", "pk": 208, "fields": {"action_time": "2023-03-19T12:00:27.942Z", "user": 1, "content_type": 33, "object_id": "44", "object_repr": "Local Marketing 6 Month - 2500", "action_flag": 3, "change_message": ""}}, {"model": "admin.logentry", "pk": 209, "fields": {"action_time": "2023-03-19T12:00:27.943Z", "user": 1, "content_type": 33, "object_id": "43", "object_repr": "Local Marketing Monthly - 500", "action_flag": 3, "change_message": ""}}, {"model": "admin.logentry", "pk": 210, "fields": {"action_time": "2023-03-19T12:00:27.945Z", "user": 1, "content_type": 33, "object_id": "42", "object_repr": "Multiple Virtual Showrooms Annual - 1000", "action_flag": 3, "change_message": ""}}, {"model": "admin.logentry", "pk": 211, "fields": {"action_time": "2023-03-19T12:00:27.946Z", "user": 1, "content_type": 33, "object_id": "41", "object_repr": "Multiple Virtual Showrooms 6 Month - 500", "action_flag": 3, "change_message": ""}}, {"model": "admin.logentry", "pk": 212, "fields": {"action_time": "2023-03-19T12:00:27.948Z", "user": 1, "content_type": 33, "object_id": "40", "object_repr": "Multiple Virtual Showrooms Monthly - 100", "action_flag": 3, "change_message": ""}}, {"model": "admin.logentry", "pk": 213, "fields": {"action_time": "2023-03-19T12:00:27.949Z", "user": 1, "content_type": 33, "object_id": "39", "object_repr": "One Virtual Showroom Annual - 500", "action_flag": 3, "change_message": ""}}, {"model": "admin.logentry", "pk": 214, "fields": {"action_time": "2023-03-19T12:00:27.952Z", "user": 1, "content_type": 33, "object_id": "38", "object_repr": "One Virtual Showroom 6 Month - 250", "action_flag": 3, "change_message": ""}}, {"model": "admin.logentry", "pk": 215, "fields": {"action_time": "2023-03-19T12:00:27.955Z", "user": 1, "content_type": 33, "object_id": "37", "object_repr": "One Virtual Showroom Monthly - 50", "action_flag": 3, "change_message": ""}}, {"model": "admin.logentry", "pk": 216, "fields": {"action_time": "2023-03-19T12:00:27.958Z", "user": 1, "content_type": 33, "object_id": "36", "object_repr": "Multiple Virtual Showrooms Annual - 800", "action_flag": 3, "change_message": ""}}, {"model": "admin.logentry", "pk": 217, "fields": {"action_time": "2023-03-19T12:00:27.960Z", "user": 1, "content_type": 33, "object_id": "35", "object_repr": "Multiple Virtual Showrooms 6 Month - 400", "action_flag": 3, "change_message": ""}}, {"model": "admin.logentry", "pk": 218, "fields": {"action_time": "2023-03-19T12:00:27.962Z", "user": 1, "content_type": 33, "object_id": "34", "object_repr": "Multiple Virtual Showrooms Monthly - 100", "action_flag": 3, "change_message": ""}}, {"model": "admin.logentry", "pk": 219, "fields": {"action_time": "2023-03-19T12:00:27.964Z", "user": 1, "content_type": 33, "object_id": "33", "object_repr": "One Virtual Showroom Annual - 600", "action_flag": 3, "change_message": ""}}, {"model": "admin.logentry", "pk": 220, "fields": {"action_time": "2023-03-19T12:00:27.966Z", "user": 1, "content_type": 33, "object_id": "32", "object_repr": "One Virtual Showroom 6 Month - 300", "action_flag": 3, "change_message": ""}}, {"model": "admin.logentry", "pk": 221, "fields": {"action_time": "2023-03-19T12:00:27.969Z", "user": 1, "content_type": 33, "object_id": "31", "object_repr": "One Virtual Showroom Monthly - 60", "action_flag": 3, "change_message": ""}}, {"model": "admin.logentry", "pk": 222, "fields": {"action_time": "2023-03-19T17:08:33.558Z", "user": 1, "content_type": 33, "object_id": "75", "object_repr": "Local Marketing Annual - 5000", "action_flag": 3, "change_message": ""}}, {"model": "admin.logentry", "pk": 223, "fields": {"action_time": "2023-03-19T17:08:33.585Z", "user": 1, "content_type": 33, "object_id": "74", "object_repr": "Local Marketing 6 Month - 2500", "action_flag": 3, "change_message": ""}}, {"model": "admin.logentry", "pk": 224, "fields": {"action_time": "2023-03-19T17:08:33.587Z", "user": 1, "content_type": 33, "object_id": "73", "object_repr": "Local Marketing Monthly - 500", "action_flag": 3, "change_message": ""}}, {"model": "admin.logentry", "pk": 225, "fields": {"action_time": "2023-03-19T17:08:33.588Z", "user": 1, "content_type": 33, "object_id": "72", "object_repr": "Multiple Virtual Showrooms Annual - 1000", "action_flag": 3, "change_message": ""}}, {"model": "admin.logentry", "pk": 226, "fields": {"action_time": "2023-03-19T17:08:33.591Z", "user": 1, "content_type": 33, "object_id": "71", "object_repr": "Multiple Virtual Showrooms 6 Month - 500", "action_flag": 3, "change_message": ""}}, {"model": "admin.logentry", "pk": 227, "fields": {"action_time": "2023-03-19T17:08:33.595Z", "user": 1, "content_type": 33, "object_id": "70", "object_repr": "Multiple Virtual Showrooms Monthly - 100", "action_flag": 3, "change_message": ""}}, {"model": "admin.logentry", "pk": 228, "fields": {"action_time": "2023-03-19T17:08:33.596Z", "user": 1, "content_type": 33, "object_id": "69", "object_repr": "One Virtual Showroom Annual - 500", "action_flag": 3, "change_message": ""}}, {"model": "admin.logentry", "pk": 229, "fields": {"action_time": "2023-03-19T17:08:33.598Z", "user": 1, "content_type": 33, "object_id": "68", "object_repr": "One Virtual Showroom 6 Month - 250", "action_flag": 3, "change_message": ""}}, {"model": "admin.logentry", "pk": 230, "fields": {"action_time": "2023-03-19T17:08:33.600Z", "user": 1, "content_type": 33, "object_id": "67", "object_repr": "One Virtual Showroom Monthly - 50", "action_flag": 3, "change_message": ""}}, {"model": "admin.logentry", "pk": 231, "fields": {"action_time": "2023-03-19T17:08:33.602Z", "user": 1, "content_type": 33, "object_id": "66", "object_repr": "Multiple Virtual Showrooms Annual - 800", "action_flag": 3, "change_message": ""}}, {"model": "admin.logentry", "pk": 232, "fields": {"action_time": "2023-03-19T17:08:33.604Z", "user": 1, "content_type": 33, "object_id": "65", "object_repr": "Multiple Virtual Showrooms 6 Month - 400", "action_flag": 3, "change_message": ""}}, {"model": "admin.logentry", "pk": 233, "fields": {"action_time": "2023-03-19T17:08:33.605Z", "user": 1, "content_type": 33, "object_id": "64", "object_repr": "Multiple Virtual Showrooms Monthly - 100", "action_flag": 3, "change_message": ""}}, {"model": "admin.logentry", "pk": 234, "fields": {"action_time": "2023-03-19T17:08:33.606Z", "user": 1, "content_type": 33, "object_id": "63", "object_repr": "One Virtual Showroom Annual - 600", "action_flag": 3, "change_message": ""}}, {"model": "admin.logentry", "pk": 235, "fields": {"action_time": "2023-03-19T17:08:33.608Z", "user": 1, "content_type": 33, "object_id": "62", "object_repr": "One Virtual Showroom 6 Month - 300", "action_flag": 3, "change_message": ""}}, {"model": "admin.logentry", "pk": 236, "fields": {"action_time": "2023-03-19T17:08:33.609Z", "user": 1, "content_type": 33, "object_id": "61", "object_repr": "One Virtual Showroom Monthly - 60", "action_flag": 3, "change_message": ""}}, {"model": "admin.logentry", "pk": 237, "fields": {"action_time": "2023-03-19T17:08:44.396Z", "user": 1, "content_type": 52, "object_id": "1", "object_repr": "Foroden B2B", "action_flag": 3, "change_message": ""}}, {"model": "admin.logentry", "pk": 238, "fields": {"action_time": "2023-03-19T17:18:00.371Z", "user": 1, "content_type": 52, "object_id": "2", "object_repr": "Foroden B2B", "action_flag": 3, "change_message": ""}}, {"model": "admin.logentry", "pk": 239, "fields": {"action_time": "2023-03-19T17:18:11.480Z", "user": 1, "content_type": 33, "object_id": "105", "object_repr": "Local Marketing Annual - 5000", "action_flag": 3, "change_message": ""}}, {"model": "admin.logentry", "pk": 240, "fields": {"action_time": "2023-03-19T17:18:11.487Z", "user": 1, "content_type": 33, "object_id": "104", "object_repr": "Local Marketing 6 Month - 2500", "action_flag": 3, "change_message": ""}}, {"model": "admin.logentry", "pk": 241, "fields": {"action_time": "2023-03-19T17:18:11.489Z", "user": 1, "content_type": 33, "object_id": "103", "object_repr": "Local Marketing Monthly - 500", "action_flag": 3, "change_message": ""}}, {"model": "admin.logentry", "pk": 242, "fields": {"action_time": "2023-03-19T17:18:11.491Z", "user": 1, "content_type": 33, "object_id": "102", "object_repr": "Multiple Virtual Showrooms Annual - 1000", "action_flag": 3, "change_message": ""}}, {"model": "admin.logentry", "pk": 243, "fields": {"action_time": "2023-03-19T17:18:11.492Z", "user": 1, "content_type": 33, "object_id": "101", "object_repr": "Multiple Virtual Showrooms 6 Month - 500", "action_flag": 3, "change_message": ""}}, {"model": "admin.logentry", "pk": 244, "fields": {"action_time": "2023-03-19T17:18:11.494Z", "user": 1, "content_type": 33, "object_id": "100", "object_repr": "Multiple Virtual Showrooms Monthly - 100", "action_flag": 3, "change_message": ""}}, {"model": "admin.logentry", "pk": 245, "fields": {"action_time": "2023-03-19T17:18:11.496Z", "user": 1, "content_type": 33, "object_id": "99", "object_repr": "One Virtual Showroom Annual - 500", "action_flag": 3, "change_message": ""}}, {"model": "admin.logentry", "pk": 246, "fields": {"action_time": "2023-03-19T17:18:11.498Z", "user": 1, "content_type": 33, "object_id": "98", "object_repr": "One Virtual Showroom 6 Month - 250", "action_flag": 3, "change_message": ""}}, {"model": "admin.logentry", "pk": 247, "fields": {"action_time": "2023-03-19T17:18:11.499Z", "user": 1, "content_type": 33, "object_id": "97", "object_repr": "One Virtual Showroom Monthly - 50", "action_flag": 3, "change_message": ""}}, {"model": "admin.logentry", "pk": 248, "fields": {"action_time": "2023-03-19T17:18:11.501Z", "user": 1, "content_type": 33, "object_id": "96", "object_repr": "Multiple Virtual Showrooms Annual - 800", "action_flag": 3, "change_message": ""}}, {"model": "admin.logentry", "pk": 249, "fields": {"action_time": "2023-03-19T17:18:11.503Z", "user": 1, "content_type": 33, "object_id": "95", "object_repr": "Multiple Virtual Showrooms 6 Month - 400", "action_flag": 3, "change_message": ""}}, {"model": "admin.logentry", "pk": 250, "fields": {"action_time": "2023-03-19T17:18:11.504Z", "user": 1, "content_type": 33, "object_id": "94", "object_repr": "Multiple Virtual Showrooms Monthly - 100", "action_flag": 3, "change_message": ""}}, {"model": "admin.logentry", "pk": 251, "fields": {"action_time": "2023-03-19T17:18:11.506Z", "user": 1, "content_type": 33, "object_id": "93", "object_repr": "One Virtual Showroom Annual - 600", "action_flag": 3, "change_message": ""}}, {"model": "admin.logentry", "pk": 252, "fields": {"action_time": "2023-03-19T17:18:11.507Z", "user": 1, "content_type": 33, "object_id": "92", "object_repr": "One Virtual Showroom 6 Month - 300", "action_flag": 3, "change_message": ""}}, {"model": "admin.logentry", "pk": 253, "fields": {"action_time": "2023-03-19T17:18:11.509Z", "user": 1, "content_type": 33, "object_id": "91", "object_repr": "One Virtual Showroom Monthly - 60", "action_flag": 3, "change_message": ""}}, {"model": "admin.logentry", "pk": 254, "fields": {"action_time": "2023-03-19T17:18:11.510Z", "user": 1, "content_type": 33, "object_id": "90", "object_repr": "Local Marketing Annual - 5000", "action_flag": 3, "change_message": ""}}, {"model": "admin.logentry", "pk": 255, "fields": {"action_time": "2023-03-19T17:18:11.512Z", "user": 1, "content_type": 33, "object_id": "89", "object_repr": "Local Marketing 6 Month - 2500", "action_flag": 3, "change_message": ""}}, {"model": "admin.logentry", "pk": 256, "fields": {"action_time": "2023-03-19T17:18:11.513Z", "user": 1, "content_type": 33, "object_id": "88", "object_repr": "Local Marketing Monthly - 500", "action_flag": 3, "change_message": ""}}, {"model": "admin.logentry", "pk": 257, "fields": {"action_time": "2023-03-19T17:18:11.515Z", "user": 1, "content_type": 33, "object_id": "87", "object_repr": "Multiple Virtual Showrooms Annual - 1000", "action_flag": 3, "change_message": ""}}, {"model": "admin.logentry", "pk": 258, "fields": {"action_time": "2023-03-19T17:18:11.518Z", "user": 1, "content_type": 33, "object_id": "86", "object_repr": "Multiple Virtual Showrooms 6 Month - 500", "action_flag": 3, "change_message": ""}}, {"model": "admin.logentry", "pk": 259, "fields": {"action_time": "2023-03-19T17:18:11.519Z", "user": 1, "content_type": 33, "object_id": "85", "object_repr": "Multiple Virtual Showrooms Monthly - 100", "action_flag": 3, "change_message": ""}}, {"model": "admin.logentry", "pk": 260, "fields": {"action_time": "2023-03-19T17:18:11.521Z", "user": 1, "content_type": 33, "object_id": "84", "object_repr": "One Virtual Showroom Annual - 500", "action_flag": 3, "change_message": ""}}, {"model": "admin.logentry", "pk": 261, "fields": {"action_time": "2023-03-19T17:18:11.522Z", "user": 1, "content_type": 33, "object_id": "83", "object_repr": "One Virtual Showroom 6 Month - 250", "action_flag": 3, "change_message": ""}}, {"model": "admin.logentry", "pk": 262, "fields": {"action_time": "2023-03-19T17:18:11.524Z", "user": 1, "content_type": 33, "object_id": "82", "object_repr": "One Virtual Showroom Monthly - 50", "action_flag": 3, "change_message": ""}}, {"model": "admin.logentry", "pk": 263, "fields": {"action_time": "2023-03-19T17:18:11.525Z", "user": 1, "content_type": 33, "object_id": "81", "object_repr": "Multiple Virtual Showrooms Annual - 800", "action_flag": 3, "change_message": ""}}, {"model": "admin.logentry", "pk": 264, "fields": {"action_time": "2023-03-19T17:18:11.527Z", "user": 1, "content_type": 33, "object_id": "80", "object_repr": "Multiple Virtual Showrooms 6 Month - 400", "action_flag": 3, "change_message": ""}}, {"model": "admin.logentry", "pk": 265, "fields": {"action_time": "2023-03-19T17:18:11.528Z", "user": 1, "content_type": 33, "object_id": "79", "object_repr": "Multiple Virtual Showrooms Monthly - 100", "action_flag": 3, "change_message": ""}}, {"model": "admin.logentry", "pk": 266, "fields": {"action_time": "2023-03-19T17:18:11.530Z", "user": 1, "content_type": 33, "object_id": "78", "object_repr": "One Virtual Showroom Annual - 600", "action_flag": 3, "change_message": ""}}, {"model": "admin.logentry", "pk": 267, "fields": {"action_time": "2023-03-19T17:18:11.531Z", "user": 1, "content_type": 33, "object_id": "77", "object_repr": "One Virtual Showroom 6 Month - 300", "action_flag": 3, "change_message": ""}}, {"model": "admin.logentry", "pk": 268, "fields": {"action_time": "2023-03-19T17:18:11.533Z", "user": 1, "content_type": 33, "object_id": "76", "object_repr": "One Virtual Showroom Monthly - 60", "action_flag": 3, "change_message": ""}}, {"model": "admin.logentry", "pk": 269, "fields": {"action_time": "2023-03-19T17:19:39.158Z", "user": 1, "content_type": 33, "object_id": "120", "object_repr": "Local Marketing Annual - 5000", "action_flag": 3, "change_message": ""}}, {"model": "admin.logentry", "pk": 270, "fields": {"action_time": "2023-03-19T17:19:39.164Z", "user": 1, "content_type": 33, "object_id": "119", "object_repr": "Local Marketing 6 Month - 2500", "action_flag": 3, "change_message": ""}}, {"model": "admin.logentry", "pk": 271, "fields": {"action_time": "2023-03-19T17:19:39.166Z", "user": 1, "content_type": 33, "object_id": "118", "object_repr": "Local Marketing Monthly - 500", "action_flag": 3, "change_message": ""}}, {"model": "admin.logentry", "pk": 272, "fields": {"action_time": "2023-03-19T17:19:39.169Z", "user": 1, "content_type": 33, "object_id": "117", "object_repr": "Multiple Virtual Showrooms Annual - 1000", "action_flag": 3, "change_message": ""}}, {"model": "admin.logentry", "pk": 273, "fields": {"action_time": "2023-03-19T17:19:39.171Z", "user": 1, "content_type": 33, "object_id": "116", "object_repr": "Multiple Virtual Showrooms 6 Month - 500", "action_flag": 3, "change_message": ""}}, {"model": "admin.logentry", "pk": 274, "fields": {"action_time": "2023-03-19T17:19:39.172Z", "user": 1, "content_type": 33, "object_id": "115", "object_repr": "Multiple Virtual Showrooms Monthly - 100", "action_flag": 3, "change_message": ""}}, {"model": "admin.logentry", "pk": 275, "fields": {"action_time": "2023-03-19T17:19:39.174Z", "user": 1, "content_type": 33, "object_id": "114", "object_repr": "One Virtual Showroom Annual - 500", "action_flag": 3, "change_message": ""}}, {"model": "admin.logentry", "pk": 276, "fields": {"action_time": "2023-03-19T17:19:39.176Z", "user": 1, "content_type": 33, "object_id": "113", "object_repr": "One Virtual Showroom 6 Month - 250", "action_flag": 3, "change_message": ""}}, {"model": "admin.logentry", "pk": 277, "fields": {"action_time": "2023-03-19T17:19:39.178Z", "user": 1, "content_type": 33, "object_id": "112", "object_repr": "One Virtual Showroom Monthly - 50", "action_flag": 3, "change_message": ""}}, {"model": "admin.logentry", "pk": 278, "fields": {"action_time": "2023-03-19T17:19:39.179Z", "user": 1, "content_type": 33, "object_id": "111", "object_repr": "Multiple Virtual Showrooms Annual - 800", "action_flag": 3, "change_message": ""}}, {"model": "admin.logentry", "pk": 279, "fields": {"action_time": "2023-03-19T17:19:39.181Z", "user": 1, "content_type": 33, "object_id": "110", "object_repr": "Multiple Virtual Showrooms 6 Month - 400", "action_flag": 3, "change_message": ""}}, {"model": "admin.logentry", "pk": 280, "fields": {"action_time": "2023-03-19T17:19:39.182Z", "user": 1, "content_type": 33, "object_id": "109", "object_repr": "Multiple Virtual Showrooms Monthly - 100", "action_flag": 3, "change_message": ""}}, {"model": "admin.logentry", "pk": 281, "fields": {"action_time": "2023-03-19T17:19:39.185Z", "user": 1, "content_type": 33, "object_id": "108", "object_repr": "One Virtual Showroom Annual - 600", "action_flag": 3, "change_message": ""}}, {"model": "admin.logentry", "pk": 282, "fields": {"action_time": "2023-03-19T17:19:39.186Z", "user": 1, "content_type": 33, "object_id": "107", "object_repr": "One Virtual Showroom 6 Month - 300", "action_flag": 3, "change_message": ""}}, {"model": "admin.logentry", "pk": 283, "fields": {"action_time": "2023-03-19T17:19:39.189Z", "user": 1, "content_type": 33, "object_id": "106", "object_repr": "One Virtual Showroom Monthly - 60", "action_flag": 3, "change_message": ""}}, {"model": "admin.logentry", "pk": 284, "fields": {"action_time": "2023-03-19T17:23:17.795Z", "user": 1, "content_type": 33, "object_id": "135", "object_repr": "Local Marketing Annual - 5000", "action_flag": 3, "change_message": ""}}, {"model": "admin.logentry", "pk": 285, "fields": {"action_time": "2023-03-19T17:23:17.800Z", "user": 1, "content_type": 33, "object_id": "134", "object_repr": "Local Marketing 6 Month - 2500", "action_flag": 3, "change_message": ""}}, {"model": "admin.logentry", "pk": 286, "fields": {"action_time": "2023-03-19T17:23:17.802Z", "user": 1, "content_type": 33, "object_id": "133", "object_repr": "Local Marketing Monthly - 500", "action_flag": 3, "change_message": ""}}, {"model": "admin.logentry", "pk": 287, "fields": {"action_time": "2023-03-19T17:23:17.804Z", "user": 1, "content_type": 33, "object_id": "132", "object_repr": "Multiple Virtual Showrooms Annual - 1000", "action_flag": 3, "change_message": ""}}, {"model": "admin.logentry", "pk": 288, "fields": {"action_time": "2023-03-19T17:23:17.807Z", "user": 1, "content_type": 33, "object_id": "131", "object_repr": "Multiple Virtual Showrooms 6 Month - 500", "action_flag": 3, "change_message": ""}}, {"model": "admin.logentry", "pk": 289, "fields": {"action_time": "2023-03-19T17:23:17.809Z", "user": 1, "content_type": 33, "object_id": "130", "object_repr": "Multiple Virtual Showrooms Monthly - 100", "action_flag": 3, "change_message": ""}}, {"model": "admin.logentry", "pk": 290, "fields": {"action_time": "2023-03-19T17:23:17.811Z", "user": 1, "content_type": 33, "object_id": "129", "object_repr": "One Virtual Showroom Annual - 500", "action_flag": 3, "change_message": ""}}, {"model": "admin.logentry", "pk": 291, "fields": {"action_time": "2023-03-19T17:23:17.812Z", "user": 1, "content_type": 33, "object_id": "128", "object_repr": "One Virtual Showroom 6 Month - 250", "action_flag": 3, "change_message": ""}}, {"model": "admin.logentry", "pk": 292, "fields": {"action_time": "2023-03-19T17:23:17.814Z", "user": 1, "content_type": 33, "object_id": "127", "object_repr": "One Virtual Showroom Monthly - 50", "action_flag": 3, "change_message": ""}}, {"model": "admin.logentry", "pk": 293, "fields": {"action_time": "2023-03-19T17:23:17.815Z", "user": 1, "content_type": 33, "object_id": "126", "object_repr": "Multiple Virtual Showrooms Annual - 800", "action_flag": 3, "change_message": ""}}, {"model": "admin.logentry", "pk": 294, "fields": {"action_time": "2023-03-19T17:23:17.817Z", "user": 1, "content_type": 33, "object_id": "125", "object_repr": "Multiple Virtual Showrooms 6 Month - 400", "action_flag": 3, "change_message": ""}}, {"model": "admin.logentry", "pk": 295, "fields": {"action_time": "2023-03-19T17:23:17.818Z", "user": 1, "content_type": 33, "object_id": "124", "object_repr": "Multiple Virtual Showrooms Monthly - 100", "action_flag": 3, "change_message": ""}}, {"model": "admin.logentry", "pk": 296, "fields": {"action_time": "2023-03-19T17:23:17.820Z", "user": 1, "content_type": 33, "object_id": "123", "object_repr": "One Virtual Showroom Annual - 600", "action_flag": 3, "change_message": ""}}, {"model": "admin.logentry", "pk": 297, "fields": {"action_time": "2023-03-19T17:23:17.822Z", "user": 1, "content_type": 33, "object_id": "122", "object_repr": "One Virtual Showroom 6 Month - 300", "action_flag": 3, "change_message": ""}}, {"model": "admin.logentry", "pk": 298, "fields": {"action_time": "2023-03-19T17:23:17.824Z", "user": 1, "content_type": 33, "object_id": "121", "object_repr": "One Virtual Showroom Monthly - 60", "action_flag": 3, "change_message": ""}}, {"model": "admin.logentry", "pk": 299, "fields": {"action_time": "2023-03-19T17:23:31.556Z", "user": 1, "content_type": 52, "object_id": "3", "object_repr": "Foroden B2B", "action_flag": 3, "change_message": ""}}, {"model": "admin.logentry", "pk": 300, "fields": {"action_time": "2023-03-19T17:29:10.457Z", "user": 1, "content_type": 29, "object_id": "5", "object_repr": "Local Marketing - In Every Country", "action_flag": 2, "change_message": "[{\"changed\": {\"fields\": [\"Features\"]}}]"}}, {"model": "admin.logentry", "pk": 301, "fields": {"action_time": "2023-03-19T17:29:17.547Z", "user": 1, "content_type": 29, "object_id": "4", "object_repr": "Digital Marketing - Multiple Virtual Showrooms", "action_flag": 2, "change_message": "[{\"changed\": {\"fields\": [\"Features\"]}}]"}}, {"model": "admin.logentry", "pk": 302, "fields": {"action_time": "2023-03-19T17:29:24.970Z", "user": 1, "content_type": 29, "object_id": "3", "object_repr": "Digital Marketing - One Virtual Showroom", "action_flag": 2, "change_message": "[{\"changed\": {\"fields\": [\"Features\"]}}]"}}, {"model": "admin.logentry", "pk": 303, "fields": {"action_time": "2023-03-19T17:29:38.010Z", "user": 1, "content_type": 29, "object_id": "2", "object_repr": "Virtual Showrooms - Multiple Virtual Showrooms", "action_flag": 2, "change_message": "[{\"changed\": {\"fields\": [\"Features\"]}}]"}}, {"model": "admin.logentry", "pk": 304, "fields": {"action_time": "2023-03-19T17:29:43.517Z", "user": 1, "content_type": 29, "object_id": "1", "object_repr": "Virtual Showrooms - One Virtual Showroom", "action_flag": 2, "change_message": "[{\"changed\": {\"fields\": [\"Features\"]}}]"}}, {"model": "admin.logentry", "pk": 305, "fields": {"action_time": "2023-03-19T17:53:45.504Z", "user": 1, "content_type": 32, "object_id": "46", "object_repr": "Membership object (46)", "action_flag": 3, "change_message": ""}}, {"model": "admin.logentry", "pk": 306, "fields": {"action_time": "2023-03-19T17:57:28.174Z", "user": 1, "content_type": 32, "object_id": "47", "object_repr": "Membership object (47)", "action_flag": 3, "change_message": ""}}, {"model": "admin.logentry", "pk": 307, "fields": {"action_time": "2023-03-19T17:58:53.777Z", "user": 1, "content_type": 32, "object_id": "48", "object_repr": "Membership object (48)", "action_flag": 3, "change_message": ""}}, {"model": "admin.logentry", "pk": 308, "fields": {"action_time": "2023-03-19T18:13:16.189Z", "user": 1, "content_type": 32, "object_id": "51", "object_repr": "Membership object (51)", "action_flag": 3, "change_message": ""}}, {"model": "admin.logentry", "pk": 309, "fields": {"action_time": "2023-03-19T18:13:16.197Z", "user": 1, "content_type": 32, "object_id": "50", "object_repr": "Membership object (50)", "action_flag": 3, "change_message": ""}}, {"model": "admin.logentry", "pk": 310, "fields": {"action_time": "2023-03-19T18:13:16.199Z", "user": 1, "content_type": 32, "object_id": "49", "object_repr": "Membership object (49)", "action_flag": 3, "change_message": ""}}, {"model": "admin.logentry", "pk": 311, "fields": {"action_time": "2023-03-19T18:14:34.541Z", "user": 1, "content_type": 32, "object_id": "52", "object_repr": "Membership object (52)", "action_flag": 3, "change_message": ""}}, {"model": "admin.logentry", "pk": 312, "fields": {"action_time": "2023-03-19T19:14:42.300Z", "user": 1, "content_type": 32, "object_id": "57", "object_repr": "Membership object (57)", "action_flag": 3, "change_message": ""}}, {"model": "admin.logentry", "pk": 313, "fields": {"action_time": "2023-03-19T19:14:42.332Z", "user": 1, "content_type": 32, "object_id": "56", "object_repr": "Membership object (56)", "action_flag": 3, "change_message": ""}}, {"model": "admin.logentry", "pk": 314, "fields": {"action_time": "2023-03-19T19:14:42.334Z", "user": 1, "content_type": 32, "object_id": "55", "object_repr": "Membership object (55)", "action_flag": 3, "change_message": ""}}, {"model": "admin.logentry", "pk": 315, "fields": {"action_time": "2023-03-19T19:14:42.336Z", "user": 1, "content_type": 32, "object_id": "54", "object_repr": "Membership object (54)", "action_flag": 3, "change_message": ""}}, {"model": "admin.logentry", "pk": 316, "fields": {"action_time": "2023-03-19T19:14:42.341Z", "user": 1, "content_type": 32, "object_id": "53", "object_repr": "Membership object (53)", "action_flag": 3, "change_message": ""}}, {"model": "admin.logentry", "pk": 317, "fields": {"action_time": "2023-03-19T20:30:25.812Z", "user": 1, "content_type": 32, "object_id": "62", "object_repr": "Membership object (62)", "action_flag": 3, "change_message": ""}}, {"model": "admin.logentry", "pk": 318, "fields": {"action_time": "2023-03-19T20:30:25.831Z", "user": 1, "content_type": 32, "object_id": "61", "object_repr": "Membership object (61)", "action_flag": 3, "change_message": ""}}, {"model": "admin.logentry", "pk": 319, "fields": {"action_time": "2023-03-19T20:30:25.832Z", "user": 1, "content_type": 32, "object_id": "60", "object_repr": "Membership object (60)", "action_flag": 3, "change_message": ""}}, {"model": "admin.logentry", "pk": 320, "fields": {"action_time": "2023-03-19T20:30:25.834Z", "user": 1, "content_type": 32, "object_id": "59", "object_repr": "Membership object (59)", "action_flag": 3, "change_message": ""}}, {"model": "admin.logentry", "pk": 321, "fields": {"action_time": "2023-03-19T20:30:25.836Z", "user": 1, "content_type": 32, "object_id": "58", "object_repr": "Membership object (58)", "action_flag": 3, "change_message": ""}}, {"model": "admin.logentry", "pk": 322, "fields": {"action_time": "2023-03-19T20:30:57.068Z", "user": 1, "content_type": 33, "object_id": "150", "object_repr": "Local Marketing Annual - 5000", "action_flag": 3, "change_message": ""}}, {"model": "admin.logentry", "pk": 323, "fields": {"action_time": "2023-03-19T20:30:57.072Z", "user": 1, "content_type": 33, "object_id": "149", "object_repr": "Local Marketing 6 Month - 2500", "action_flag": 3, "change_message": ""}}, {"model": "admin.logentry", "pk": 324, "fields": {"action_time": "2023-03-19T20:30:57.074Z", "user": 1, "content_type": 33, "object_id": "148", "object_repr": "Local Marketing Monthly - 500", "action_flag": 3, "change_message": ""}}, {"model": "admin.logentry", "pk": 325, "fields": {"action_time": "2023-03-19T20:30:57.075Z", "user": 1, "content_type": 33, "object_id": "147", "object_repr": "Multiple Virtual Showrooms Annual - 1000", "action_flag": 3, "change_message": ""}}, {"model": "admin.logentry", "pk": 326, "fields": {"action_time": "2023-03-19T20:30:57.076Z", "user": 1, "content_type": 33, "object_id": "146", "object_repr": "Multiple Virtual Showrooms 6 Month - 500", "action_flag": 3, "change_message": ""}}, {"model": "admin.logentry", "pk": 327, "fields": {"action_time": "2023-03-19T20:30:57.078Z", "user": 1, "content_type": 33, "object_id": "145", "object_repr": "Multiple Virtual Showrooms Monthly - 100", "action_flag": 3, "change_message": ""}}, {"model": "admin.logentry", "pk": 328, "fields": {"action_time": "2023-03-19T20:30:57.081Z", "user": 1, "content_type": 33, "object_id": "144", "object_repr": "One Virtual Showroom Annual - 500", "action_flag": 3, "change_message": ""}}, {"model": "admin.logentry", "pk": 329, "fields": {"action_time": "2023-03-19T20:30:57.082Z", "user": 1, "content_type": 33, "object_id": "143", "object_repr": "One Virtual Showroom 6 Month - 250", "action_flag": 3, "change_message": ""}}, {"model": "admin.logentry", "pk": 330, "fields": {"action_time": "2023-03-19T20:30:57.083Z", "user": 1, "content_type": 33, "object_id": "142", "object_repr": "One Virtual Showroom Monthly - 50", "action_flag": 3, "change_message": ""}}, {"model": "admin.logentry", "pk": 331, "fields": {"action_time": "2023-03-19T20:30:57.085Z", "user": 1, "content_type": 33, "object_id": "141", "object_repr": "Multiple Virtual Showrooms Annual - 800", "action_flag": 3, "change_message": ""}}, {"model": "admin.logentry", "pk": 332, "fields": {"action_time": "2023-03-19T20:30:57.086Z", "user": 1, "content_type": 33, "object_id": "140", "object_repr": "Multiple Virtual Showrooms 6 Month - 400", "action_flag": 3, "change_message": ""}}, {"model": "admin.logentry", "pk": 333, "fields": {"action_time": "2023-03-19T20:30:57.088Z", "user": 1, "content_type": 33, "object_id": "139", "object_repr": "Multiple Virtual Showrooms Monthly - 100", "action_flag": 3, "change_message": ""}}, {"model": "admin.logentry", "pk": 334, "fields": {"action_time": "2023-03-19T20:30:57.089Z", "user": 1, "content_type": 33, "object_id": "138", "object_repr": "One Virtual Showroom Annual - 600", "action_flag": 3, "change_message": ""}}, {"model": "admin.logentry", "pk": 335, "fields": {"action_time": "2023-03-19T20:30:57.091Z", "user": 1, "content_type": 33, "object_id": "137", "object_repr": "One Virtual Showroom 6 Month - 300", "action_flag": 3, "change_message": ""}}, {"model": "admin.logentry", "pk": 336, "fields": {"action_time": "2023-03-19T20:30:57.092Z", "user": 1, "content_type": 33, "object_id": "136", "object_repr": "One Virtual Showroom Monthly - 60", "action_flag": 3, "change_message": ""}}, {"model": "admin.logentry", "pk": 337, "fields": {"action_time": "2023-03-19T20:32:42.027Z", "user": 1, "content_type": 29, "object_id": "1", "object_repr": "Virtual Showrooms - One Virtual Showroom", "action_flag": 2, "change_message": "[{\"changed\": {\"fields\": [\"Features\"]}}]"}}, {"model": "admin.logentry", "pk": 338, "fields": {"action_time": "2023-03-19T20:32:48.363Z", "user": 1, "content_type": 29, "object_id": "2", "object_repr": "Virtual Showrooms - Multiple Virtual Showrooms", "action_flag": 2, "change_message": "[{\"changed\": {\"fields\": [\"Features\"]}}]"}}, {"model": "admin.logentry", "pk": 339, "fields": {"action_time": "2023-03-19T20:32:54.316Z", "user": 1, "content_type": 29, "object_id": "3", "object_repr": "Digital Marketing - One Virtual Showroom", "action_flag": 2, "change_message": "[{\"changed\": {\"fields\": [\"Features\"]}}]"}}, {"model": "admin.logentry", "pk": 340, "fields": {"action_time": "2023-03-19T20:33:01.202Z", "user": 1, "content_type": 29, "object_id": "4", "object_repr": "Digital Marketing - Multiple Virtual Showrooms", "action_flag": 2, "change_message": "[{\"changed\": {\"fields\": [\"Features\"]}}]"}}, {"model": "admin.logentry", "pk": 341, "fields": {"action_time": "2023-03-19T20:33:08.070Z", "user": 1, "content_type": 29, "object_id": "5", "object_repr": "Local Marketing - In Every Country", "action_flag": 2, "change_message": "[{\"changed\": {\"fields\": [\"Features\"]}}]"}}, {"model": "admin.logentry", "pk": 342, "fields": {"action_time": "2023-03-19T22:09:37.135Z", "user": 1, "content_type": 24, "object_id": "85", "object_repr": "", "action_flag": 3, "change_message": ""}}, {"model": "admin.logentry", "pk": 343, "fields": {"action_time": "2023-03-20T09:33:36.019Z", "user": 1, "content_type": 17, "object_id": "6", "object_repr": "6 Case Strap Bundle for Samsung Galaxy Watch5 4 Classic 46mm Band Cover Smart Watch Accessories", "action_flag": 3, "change_message": ""}}, {"model": "admin.logentry", "pk": 344, "fields": {"action_time": "2023-03-20T09:37:43.787Z", "user": 1, "content_type": 17, "object_id": "7", "object_repr": "Outdoor Military Rucksacks", "action_flag": 3, "change_message": ""}}, {"model": "admin.logentry", "pk": 345, "fields": {"action_time": "2023-03-20T09:47:38.758Z", "user": 1, "content_type": 17, "object_id": "8", "object_repr": "8 Women Fashion Oversized Bomber Jackets", "action_flag": 3, "change_message": ""}}, {"model": "admin.logentry", "pk": 346, "fields": {"action_time": "2023-03-20T09:49:09.538Z", "user": 1, "content_type": 17, "object_id": "10", "object_repr": "10 Military Bomber Jacket", "action_flag": 3, "change_message": ""}}, {"model": "admin.logentry", "pk": 347, "fields": {"action_time": "2023-03-20T09:49:09.544Z", "user": 1, "content_type": 17, "object_id": "9", "object_repr": "9 2022 Almeria Shirt Jerseys", "action_flag": 3, "change_message": ""}}, {"model": "admin.logentry", "pk": 348, "fields": {"action_time": "2023-03-20T09:49:09.546Z", "user": 1, "content_type": 17, "object_id": "5", "object_repr": "5 150mm Electronic Digital Caliper ", "action_flag": 3, "change_message": ""}}, {"model": "admin.logentry", "pk": 349, "fields": {"action_time": "2023-03-23T11:25:22.490Z", "user": 1, "content_type": 17, "object_id": "2", "object_repr": "UAE Dubai", "action_flag": 2, "change_message": "[{\"changed\": {\"fields\": [\"Name [en]\", \"Store\"]}}]"}}, {"model": "admin.logentry", "pk": 350, "fields": {"action_time": "2023-03-23T12:22:12.543Z", "user": 1, "content_type": 38, "object_id": "74", "object_repr": "Membership object (74)", "action_flag": 3, "change_message": ""}}, {"model": "admin.logentry", "pk": 351, "fields": {"action_time": "2023-03-23T12:22:12.546Z", "user": 1, "content_type": 38, "object_id": "73", "object_repr": "Membership object (73)", "action_flag": 3, "change_message": ""}}, {"model": "admin.logentry", "pk": 352, "fields": {"action_time": "2023-03-23T12:22:12.547Z", "user": 1, "content_type": 38, "object_id": "72", "object_repr": "Membership object (72)", "action_flag": 3, "change_message": ""}}, {"model": "admin.logentry", "pk": 353, "fields": {"action_time": "2023-03-23T12:22:12.548Z", "user": 1, "content_type": 38, "object_id": "71", "object_repr": "Membership object (71)", "action_flag": 3, "change_message": ""}}, {"model": "admin.logentry", "pk": 354, "fields": {"action_time": "2023-03-23T12:22:12.549Z", "user": 1, "content_type": 38, "object_id": "70", "object_repr": "Membership object (70)", "action_flag": 3, "change_message": ""}}, {"model": "admin.logentry", "pk": 355, "fields": {"action_time": "2023-03-23T12:22:12.549Z", "user": 1, "content_type": 38, "object_id": "69", "object_repr": "Membership object (69)", "action_flag": 3, "change_message": ""}}, {"model": "admin.logentry", "pk": 356, "fields": {"action_time": "2023-03-23T12:22:12.550Z", "user": 1, "content_type": 38, "object_id": "68", "object_repr": "Membership object (68)", "action_flag": 3, "change_message": ""}}, {"model": "admin.logentry", "pk": 357, "fields": {"action_time": "2023-03-23T12:22:12.551Z", "user": 1, "content_type": 38, "object_id": "67", "object_repr": "Membership object (67)", "action_flag": 3, "change_message": ""}}, {"model": "admin.logentry", "pk": 358, "fields": {"action_time": "2023-03-23T12:22:12.552Z", "user": 1, "content_type": 38, "object_id": "66", "object_repr": "Membership object (66)", "action_flag": 3, "change_message": ""}}, {"model": "admin.logentry", "pk": 359, "fields": {"action_time": "2023-03-23T12:22:12.553Z", "user": 1, "content_type": 38, "object_id": "65", "object_repr": "Membership object (65)", "action_flag": 3, "change_message": ""}}, {"model": "admin.logentry", "pk": 360, "fields": {"action_time": "2023-03-23T12:22:12.554Z", "user": 1, "content_type": 38, "object_id": "64", "object_repr": "Membership object (64)", "action_flag": 3, "change_message": ""}}, {"model": "admin.logentry", "pk": 361, "fields": {"action_time": "2023-03-23T12:22:12.555Z", "user": 1, "content_type": 38, "object_id": "63", "object_repr": "Membership object (63)", "action_flag": 3, "change_message": ""}}, {"model": "admin.logentry", "pk": 362, "fields": {"action_time": "2023-04-06T11:26:41.159Z", "user": 1, "content_type": 47, "object_id": "16", "object_repr": "kalanzi", "action_flag": 3, "change_message": ""}}, {"model": "admin.logentry", "pk": 363, "fields": {"action_time": "2023-04-06T11:27:06.199Z", "user": 1, "content_type": 47, "object_id": "17", "object_repr": "Ayo", "action_flag": 2, "change_message": "[{\"changed\": {\"fields\": [\"Account Type\"]}}]"}}, {"model": "admin.logentry", "pk": 364, "fields": {"action_time": "2023-04-07T05:05:11.551Z", "user": 1, "content_type": 47, "object_id": "19", "object_repr": "Tradeoases", "action_flag": 2, "change_message": "[{\"changed\": {\"fields\": [\"Active\", \"Email Activated\"]}}]"}}, {"model": "admin.logentry", "pk": 365, "fields": {"action_time": "2023-04-07T05:32:34.742Z", "user": 1, "content_type": 47, "object_id": "20", "object_repr": "test", "action_flag": 3, "change_message": ""}}, {"model": "admin.logentry", "pk": 366, "fields": {"action_time": "2023-04-07T05:42:48.912Z", "user": 1, "content_type": 47, "object_id": "21", "object_repr": "test", "action_flag": 3, "change_message": ""}}, {"model": "admin.logentry", "pk": 367, "fields": {"action_time": "2023-04-07T05:48:32.116Z", "user": 1, "content_type": 47, "object_id": "22", "object_repr": "test", "action_flag": 3, "change_message": ""}}, {"model": "admin.logentry", "pk": 368, "fields": {"action_time": "2023-04-07T06:08:07.758Z", "user": 1, "content_type": 47, "object_id": "23", "object_repr": "test", "action_flag": 3, "change_message": ""}}, {"model": "admin.logentry", "pk": 369, "fields": {"action_time": "2023-06-01T20:07:57.094Z", "user": 1, "content_type": 50, "object_id": "27", "object_repr": "Coire", "action_flag": 2, "change_message": "[{\"changed\": {\"fields\": [\"Active\", \"Email Activated\"]}}]"}}, {"model": "admin.logentry", "pk": 370, "fields": {"action_time": "2023-06-13T09:19:07.449Z", "user": 1, "content_type": 47, "object_id": "28", "object_repr": "aqibmehraj", "action_flag": 3, "change_message": ""}}, {"model": "admin.logentry", "pk": 371, "fields": {"action_time": "2023-06-13T09:19:07.453Z", "user": 1, "content_type": 47, "object_id": "27", "object_repr": "Coire", "action_flag": 3, "change_message": ""}}, {"model": "admin.logentry", "pk": 372, "fields": {"action_time": "2023-06-13T09:19:07.454Z", "user": 1, "content_type": 47, "object_id": "26", "object_repr": "abdoul", "action_flag": 3, "change_message": ""}}, {"model": "admin.logentry", "pk": 373, "fields": {"action_time": "2023-06-13T09:19:07.455Z", "user": 1, "content_type": 47, "object_id": "25", "object_repr": "mxffo2", "action_flag": 3, "change_message": ""}}, {"model": "admin.logentry", "pk": 374, "fields": {"action_time": "2023-06-13T09:19:07.456Z", "user": 1, "content_type": 47, "object_id": "24", "object_repr": "test", "action_flag": 3, "change_message": ""}}, {"model": "admin.logentry", "pk": 375, "fields": {"action_time": "2023-06-13T09:19:45.783Z", "user": 1, "content_type": 51, "object_id": "28", "object_repr": "aqibmehraj", "action_flag": 3, "change_message": ""}}, {"model": "admin.logentry", "pk": 376, "fields": {"action_time": "2023-06-13T09:19:45.785Z", "user": 1, "content_type": 51, "object_id": "26", "object_repr": "abdoul", "action_flag": 3, "change_message": ""}}, {"model": "admin.logentry", "pk": 377, "fields": {"action_time": "2023-06-13T09:19:45.786Z", "user": 1, "content_type": 51, "object_id": "25", "object_repr": "mxffo2", "action_flag": 3, "change_message": ""}}, {"model": "admin.logentry", "pk": 378, "fields": {"action_time": "2023-06-13T09:19:45.787Z", "user": 1, "content_type": 51, "object_id": "24", "object_repr": "test", "action_flag": 3, "change_message": ""}}, {"model": "admin.logentry", "pk": 379, "fields": {"action_time": "2023-06-13T09:20:26.822Z", "user": 1, "content_type": 47, "object_id": "17", "object_repr": "Ayo", "action_flag": 2, "change_message": "[{\"changed\": {\"fields\": [\"Account Type\"]}}]"}}, {"model": "admin.logentry", "pk": 380, "fields": {"action_time": "2023-06-14T20:20:49.151Z", "user": 1, "content_type": 25, "object_id": "4", "object_repr": "4 Magnetic Wireless Charger", "action_flag": 3, "change_message": ""}}, {"model": "admin.logentry", "pk": 381, "fields": {"action_time": "2023-06-14T20:20:49.154Z", "user": 1, "content_type": 25, "object_id": "3", "object_repr": "3 Fashion Hard Matte Back Case For Xiaomi Mi 11 Lite", "action_flag": 3, "change_message": ""}}, {"model": "sites.site", "pk": 1, "fields": {"domain": "https://foroden.com", "name": "https://foroden.com"}}, {"model": "manager.service", "pk": 1, "fields": {"name": "Representation", "name_ar": "", "name_fr": "Reprsentation", "name_de": "Darstellung", "name_en": "Representation", "description": "Representation of selected companies that can satisfy our customer network. Demands such as providing quality products and services at reasonable prices, respecting the rights of customers, prioritizing the positive image of customers and creating the conditions for a successful and pleasant purchase.\r\nBased on the needs of our customers, we find the desired product and then review the facilities of the manufacturers of that product, and finally reach a consultation and cooperation agreement.\r\nOn the other hand, in order to protect the interests of producers, we set up local offices and Showrooms with the approach of creating and developing an effective and successful marketing, sales and distribution network. Using local experts with the aim of managing experienced and local expert manpower to introduce the company and products. Specialized platform, human communication network among top local decision makers, targeted advertising, diversified sales portfolio are some of our successful methods.", "description_ar": "        .                        .\r\n                     .\r\n                        .              .                     .", "description_fr": "Reprsentation de socits slectionnes qui peuvent satisfaire notre rseau client.Des demandes telles que la fourniture de produits et services de qualit  des prix raisonnables, de respect des droits des clients, de prioriser l'image positive des clients et de crer les conditions d'un achat russi et agrable.\r\nSur la base des besoins de nos clients, nous trouvons le produit souhait, puis examinons les installations des fabricants de ce produit, et nous parvenons enfin  un accord de consultation et de coopration.\r\nD'un autre ct, afin de protger les intrts des producteurs, nous avons mis en place des bureaux et des salles d'exposition locaux avec l'approche de la cration et du dveloppement d'un rseau de marketing, de vente et de distribution efficace et russi.Utiliser des experts locaux dans le but de grer la main-d'uvre des experts expriments et locaux pour prsenter l'entreprise et les produits.Plateforme spcialise, rseau de communication humaine parmi les meilleurs dcideurs locaux, la publicit cible, le portefeuille de ventes diversifi sont quelques-unes de nos mthodes russies.", "description_de": "Darstellung ausgewhlter Unternehmen, die unser Kundennetzwerk erfllen knnen.Anforderungen wie die Bereitstellung hochwertiger Produkte und Dienstleistungen zu angemessenen Preisen, das Achtung der Rechte der Kunden, die Priorisierung des positiven Images der Kunden und die Schaffung der Bedingungen fr einen erfolgreichen und angenehmen Kauf.\r\nBasierend auf den Bedrfnissen unserer Kunden finden wir das gewnschte Produkt und berprfen dann die Einrichtungen der Hersteller dieses Produkts und erreichen schlielich einen Konsultations- und Kooperationsvertrag.\r\nAndererseits richten wir lokale Bros und Ausstellungsrume mit dem Ansatz der Erstellung und Entwicklung eines effektiven und erfolgreichen Marketing-, Vertriebs- und Vertriebsnetzes ein, um die Interessen der Hersteller zu schtzen.Nutzung lokaler Experten mit dem Ziel, erfahrene und lokale Experten zu verwalten, um das Unternehmen und die Produkte vorzustellen.Spezialisierte Plattform, Human Communication Network unter den besten lokalen Entscheidungstrgern, gezielte Werbung, diversifiziertes Verkaufsportfolio sind einige unserer erfolgreichen Methoden.", "description_en": "Representation of selected companies that can satisfy our customer network. Demands such as providing quality products and services at reasonable prices, respecting the rights of customers, prioritizing the positive image of customers and creating the conditions for a successful and pleasant purchase.\r\nBased on the needs of our customers, we find the desired product and then review the facilities of the manufacturers of that product, and finally reach a consultation and cooperation agreement.\r\nOn the other hand, in order to protect the interests of producers, we set up local offices and Showrooms with the approach of creating and developing an effective and successful marketing, sales and distribution network. Using local experts with the aim of managing experienced and local expert manpower to introduce the company and products. Specialized platform, human communication network among top local decision makers, targeted advertising, diversified sales portfolio are some of our successful methods.", "slug": "representation-861b481f-24fc-4330-950b-37a8cd61b03", "created_on": "2022-09-07"}}, {"model": "manager.service", "pk": 2, "fields": {"name": "Supply chain", "name_ar": "", "name_fr": "Chane d'approvisionnement", "name_de": "Lieferkette", "name_en": "Supply chain", "description": "To achieve a successful trading system, we achieve two items\r\n1- Stable and profitable sales for companies\r\n2- Successful and satisfactory purchase for our customers\r\n To accomplish these items, we have done the following\r\n    1- Use the network of local marketers to identify customer needs\r\n    2- Establish a marketing council to learn how to ensure customer satisfaction\r\n    3- Search among manufacturers to find the requested product and service\r\n    4- Contract with manufacturers who offer not only the product but also the experience of a successful purchase to the customer\r\n    5- Establishing close and continuous cooperation relationship with reputable international freight companies\r\n    6- Creating a dedicated trade line with companies providing customs services\r\nAll of this takes place in the form of a system of continuous learning and development", "description_ar": "      \r\n1-    \r\n2-    \r\n       \r\n    1-       \r\n    2-        \r\n    3-         \r\n    4-                \r\n    5-            \r\n    6-          \r\n         ", "description_fr": "Pour obtenir un systme de trading russi, nous ralisons deux lments\r\n1- Ventes stables et rentables pour les entreprises\r\n2- Achat russi et satisfaisant pour nos clients\r\n Pour accomplir ces lments, nous avons fait ce qui suit\r\n    1- Utilisez le rseau de spcialistes du marketing local pour identifier les besoins des clients\r\n    2- tablissez un conseil de marketing pour apprendre  assurer la satisfaction du client\r\n    3- Recherche entre les fabricants pour trouver le produit et le service demand\r\n    4- Contractez avec les fabricants qui offrent non seulement le produit mais aussi l'exprience d'un achat russi au client\r\n    5- tablir une relation de coopration troite et continue avec les entreprises de fret internationales rputes\r\n    6- Cration d'une ligne commerciale ddie avec des entreprises fournissant des services de douane\r\nTout cela a lieu sous la forme d'un systme d'apprentissage et de dveloppement continu", "description_de": "Um ein erfolgreiches Handelssystem zu erreichen, erreichen wir zwei Elemente\r\n1-stabile und profitable Umsatz fr Unternehmen\r\n2- erfolgreicher und zufriedenstellender Kauf fr unsere Kunden\r\n Um diese Artikel zu erreichen, haben wir Folgendes getan\r\n    1- Verwenden Sie das Netzwerk lokaler Vermarkter, um die Kundenbedrfnisse zu identifizieren\r\n    2- Erstellen Sie einen Marketingrat, um zu erfahren, wie Sie die Kundenzufriedenheit sicherstellen knnen\r\n    3- Suchen Sie unter den Herstellern, um das angeforderte Produkt und die angeforderte Dienstleistung zu finden\r\n    4- Vertrag mit Herstellern, die nicht nur das Produkt anbieten, sondern auch die Erfahrung eines erfolgreichen Kaufs dem Kunden\r\n    5- Zusammenarbeit mit angesehenen internationalen Frachtunternehmen ein enger und kontinuierlicher Zusammenarbeit hergestellt\r\n    6- Erstellen einer speziellen Handelslinie mit Unternehmen, die Zolldienste anbieten\r\nAll dies findet in Form eines Systems des kontinuierlichen Lernens und der Entwicklung statt", "description_en": "To achieve a successful trading system, we achieve two items\r\n1- Stable and profitable sales for companies\r\n2- Successful and satisfactory purchase for our customers\r\n To accomplish these items, we have done the following\r\n    1- Use the network of local marketers to identify customer needs\r\n    2- Establish a marketing council to learn how to ensure customer satisfaction\r\n    3- Search among manufacturers to find the requested product and service\r\n    4- Contract with manufacturers who offer not only the product but also the experience of a successful purchase to the customer\r\n    5- Establishing close and continuous cooperation relationship with reputable international freight companies\r\n    6- Creating a dedicated trade line with companies providing customs services\r\nAll of this takes place in the form of a system of continuous learning and development", "slug": "supply-chain-5712dd5f-b450-4099-8611-6a1c78b9b4e7", "created_on": "2022-09-07"}}, {"model": "manager.service", "pk": 3, "fields": {"name": "Indegenous marketing", "name_ar": " ", "name_fr": "Marketing autochtone", "name_de": "Indigenes Marketing", "name_en": "Indegenous marketing", "description": "Sustainable Sale System S.S.S (Indigenous Sales Council aims to influence indigenous decision makers) \r\nStrategy: Creating local offices with the approach of creating and developing a marketing, sales and distribution network\r\nMethod: Using the local sales council with the aim of managing experienced and local specialized human resources to introduce the company and products\r\nKey tools: specialized platform, human communication network among top local decision makers, targeted advertising, sales portfolio", "description_ar": "   S.S.S (      \r\n:           \r\n:               \r\n :                 ", "description_fr": "Systme de vente durable S.S.S (Le Conseil des ventes indignes vise  influencer les dcideurs autochtones)\r\nStratgie: crer des bureaux locaux avec l'approche de la cration et du dveloppement d'un rseau de marketing, de vente et de distribution\r\nMthode: Utiliser le Conseil des ventes locales dans le but de grer les ressources humaines spcialises exprimentes et locales pour prsenter l'entreprise et les produits\r\nOutils cls: plate-forme spcialise, rseau de communication humaine parmi les meilleurs dcideurs locaux, publicit cible, portefeuille de vente", "description_de": "Nachhaltiges Verkaufssystem S.S.S (Indigenous Sales Council zielt darauf ab, indigene Entscheidungstrger zu beeinflussen)\r\nStrategie: Erstellen lokaler Bros mit dem Ansatz der Erstellung und Entwicklung eines Marketing-, Vertriebs- und Vertriebsnetzwerks\r\nMethode: Verwenden des rtlichen Vertriebsrates mit dem Ziel, erfahrene und lokale spezialisierte Humanressourcen zu verwalten, um das Unternehmen und die Produkte vorzustellen\r\nWichtige Tools: Spezialplattform, menschliches Kommunikationsnetz unter den besten lokalen Entscheidungstrgern, gezielte Werbung, Verkaufsportfolio", "description_en": "Sustainable Sale System S.S.S (Indigenous Sales Council aims to influence indigenous decision makers) \r\nStrategy: Creating local offices with the approach of creating and developing a marketing, sales and distribution network\r\nMethod: Using the local sales council with the aim of managing experienced and local specialized human resources to introduce the company and products\r\nKey tools: specialized platform, human communication network among top local decision makers, targeted advertising, sales portfolio", "slug": "indegenous-marketing-1f7adbd9-0cb9-45d7-bc0e-f078c", "created_on": "2022-09-07"}}, {"model": "manager.showroom", "pk": 1, "fields": {"name": "Oman-Muscat", "name_ar": " ", "name_fr": "Muscat d'Oman", "name_de": "Oman-Muscat", "name_en": "Oman-Muscat", "location": null, "image": "Showroom/images/oman-muscat-3778ca9d-4a07-4c76-9a91-077b516a75f0-244684cf-6411-449c-b43c_GbnMrG9.png", "visits": 0, "slug": "oman-muscat-6b024483-8ea1-4d23-9af9-15b2e9284ef0", "created_on": "2022-09-06", "store": [1]}}, {"model": "manager.showroom", "pk": 2, "fields": {"name": "UAE Dubai", "name_ar": " ", "name_fr": "mirats arabes unis", "name_de": "VAE Dubai", "name_en": "UAE Dubai", "location": null, "image": "Showroom/images/uae-dubai-7fa88edd-7631-4da6-80ce-8ac9fd23a585-8840d0a3-46f4-4d2d-97a9-f_W2DsaYo.png", "visits": 0, "slug": "uae-dubai-2c8d2c8d-c47f-41f4-bd97-623d766e4b6a", "created_on": "2022-09-06", "store": [3]}}, {"model": "manager.showroom", "pk": 3, "fields": {"name": "Kuwait-Kuwait", "name_ar": "-", "name_fr": "Kowet-kowet", "name_de": "Kuwait-kuwait", "name_en": "Kuwait-Kuwait", "location": null, "image": "Showroom/images/kuwait-kuwait-56df05df-0536-4e2a-90eb-87b03a90d8d5-361ae38d-c4a6-472a-8d_ZDc4oCw.png", "visits": 0, "slug": "kuwait-kuwait-15a1eed9-2fb4-4e84-b478-412e2304f24a", "created_on": "2022-09-06", "store": [2]}}, {"model": "manager.showroom", "pk": 4, "fields": {"name": "Qatar-Doha", "name_ar": "", "name_fr": "Diamtre", "name_de": "Durchmesser", "name_en": "Qatar-Doha", "location": null, "image": "Showroom/images/qatar-doha-20f1897c-0b91-4fa2-aba8-716c9ab20bb8-5d1b76e0-8549-4388-a9bc-_xe3mU7y.png", "visits": 0, "slug": "qatar-doha-c8bf3e5d-cc8c-4467-8a4c-6bf84b97ca9e", "created_on": "2022-09-06", "store": [3]}}, {"model": "manager.showroom", "pk": 5, "fields": {"name": "Saudi Arabia-Riyadh", "name_ar": "  ", "name_fr": "Arabie saoudite", "name_de": "Saudi-Arabien-Ryadh", "name_en": "Saudi Arabia-Riyadh", "location": null, "image": "Showroom/images/saudi-arabia-riyadh-9c4108d4-63f4-455e-b08e-0ba5ec-2199407e-a6f0-4849-a4_kIqB2uA.png", "visits": 0, "slug": "saudi-arabia-riyadh-20a4c4a6-4b32-4fc0-a50b-679f05", "created_on": "2022-09-06", "store": []}}, {"model": "manager.discussion", "pk": 2, "fields": {"subject": "How to make payments", "subject_ar": "  ", "subject_fr": "Comment effectuer les paiements", "subject_de": "Wie man Zahlungen leistet", "subject_en": "How to make payments", "description": "How to make paymentsHow to make paymentsHow to make payments", "description_ar": "        ", "description_fr": "Comment effectuer des paiements comment effectuer des paiements comment effectuer des paiements", "description_de": "So leisten Sie Zahlungen, wie Sie Zahlungen leisten, wie sie Zahlungen leisten knnen", "description_en": "How to make paymentsHow to make paymentsHow to make payments", "user": 15, "slug": "how-to-make-payments-4586b545-183a-40e4-ba6e-08c70", "is_verified": true, "created_on": "2023-03-07"}}, {"model": "manager.discussionreply", "pk": 2, "fields": {"discussion": 2, "user": 1, "description": "please use paypal", "description_ar": "  PayPal", "description_fr": "Veuillez utiliser PayPal", "description_de": "Bitte verwenden Sie PayPal", "description_en": "please use paypal", "created_on": "2023-03-07"}}, {"model": "manager.discussionreply", "pk": 3, "fields": {"discussion": 2, "user": 1, "description": "moe information", "description_ar": " MOE", "description_fr": "Informations MOE", "description_de": "MOE -Informationen", "description_en": "moe information", "created_on": "2023-03-11"}}, {"model": "manager.discussionreply", "pk": 4, "fields": {"discussion": 2, "user": 1, "description": "please provide more information", "description_ar": "    ", "description_fr": "Veuillez fournir plus d'informations", "description_de": "Bitte geben Sie weitere Informationen an", "description_en": "please provide more information", "created_on": "2023-03-11"}}, {"model": "manager.chatroom", "pk": 2, "fields": {"roomname": "01e3f7cab0d94cd99487b31e3b3d4bd3", "user": 15, "support": 1, "chatfilepath": "/home/Tradeoasis/chatrooms/01e3f7cab0d94cd99487b31e3b3d4bd3.json", "is_closed": false, "is_handled": true, "created_on": "2023-03-06"}}, {"model": "manager.chatroom", "pk": 3, "fields": {"roomname": "2b5eec79a57843a2808e6eaf8fdedde3", "user": 15, "support": 1, "chatfilepath": "/home/Tradeoasis/chatrooms/2b5eec79a57843a2808e6eaf8fdedde3.json", "is_closed": false, "is_handled": true, "created_on": "2023-03-09"}}, {"model": "manager.chatroom", "pk": 4, "fields": {"roomname": "79d955e3409a40cc863fa0d04d673540", "user": 15, "support": 1, "chatfilepath": "/home/Tradeoasis/chatrooms/79d955e3409a40cc863fa0d04d673540.json", "is_closed": false, "is_handled": true, "created_on": "2023-03-13"}}, {"model": "manager.chatroom", "pk": 5, "fields": {"roomname": "c3b606ab946a42378ac9238b187b9790", "user": 2, "support": 1, "chatfilepath": "/home/Tradeoasis/chatrooms/c3b606ab946a42378ac9238b187b9790.json", "is_closed": false, "is_handled": true, "created_on": "2023-04-05"}}, {"model": "manager.promotion", "pk": 1, "fields": {"name": "Banner", "name_ar": "", "name_fr": "Bannire", "name_de": "Banner", "name_en": "Banner", "description": "Banner", "description_ar": "", "description_fr": "Bannire", "description_de": "Banner", "description_en": "Banner", "image": "Promotion/images/banner-737aca9a-8085-4068-827b-6ae8a1f2ad63-dee7da3c-6858-4eb9-8cdb-c24_f87YKOu.jpg", "type": "BANNER", "created_on": "2023-03-05", "showroom": null, "slug": "banner-f186ce36-794c-4923-98c3-c1f332ccfc5e", "has_image": true}}, {"model": "manager.promotion", "pk": 2, "fields": {"name": "Banner 2", "name_ar": " 2", "name_fr": "Bannire 2", "name_de": "Banner 2", "name_en": "Banner 2", "description": "Banner 2", "description_ar": " 2", "description_fr": "Bannire 2", "description_de": "Banner 2", "description_en": "Banner 2", "image": "Promotion/images/banner-2-e4e66ca0-a68a-41d5-9636-dbbd8bff49d2-4ba0797a-aed4-4607-994b-0_3DQEyLm.jpg", "type": "BANNER", "created_on": "2023-03-05", "showroom": null, "slug": "banner-2-092589b1-18a6-4e21-a987-5a75747df590", "has_image": true}}, {"model": "manager.promotion", "pk": 4, "fields": {"name": "Suppliers", "name_ar": "", "name_fr": "Suppliers", "name_de": "Lieferanten", "name_en": "Suppliers", "description": "Get quality products from our top suppliers!", "description_ar": "        !", "description_fr": "Obtenez des produits de qualit de nos meilleurs fournisseurs!", "description_de": "Holen Sie sich Qualittsprodukte von unseren Top -Lieferanten!", "description_en": "Get quality products from our top suppliers!", "image": "", "type": "SUPPLIERS", "created_on": "2023-03-05", "showroom": null, "slug": "suppliers-9d5b650e-3599-41ed-9659-148ba31dd2ac", "has_image": false}}, {"model": "manager.promotion", "pk": 5, "fields": {"name": "Oman-Muscat Suppliers", "name_ar": " ", "name_fr": "Fournisseurs de muscat Oman", "name_de": "Oman-Muscat-Lieferanten", "name_en": "Oman-Muscat Suppliers", "description": "15% off for new Oman-Muscat suppliers", "description_ar": " 15    ", "description_fr": "15% de rduction pour les nouveaux fournisseurs d'Oman-muscat", "description_de": "15% Rabatt fr neue Oman-Muscat-Lieferanten", "description_en": "15% off for new Oman-Muscat suppliers", "image": "", "type": "SHOWROOWS", "created_on": "2023-03-05", "showroom": 1, "slug": "oman-muscat-suppliers-704e48c1-121b-4f4e-a386-232d", "has_image": false}}, {"model": "manager.emailpromotion", "pk": 3, "fields": {"subject": "", "subject_ar": "", "subject_fr": "", "subject_de": "", "subject_en": "", "description": null, "description_ar": null, "description_fr": null, "description_de": null, "description_en": null, "image": "", "target": "ALL USERS", "created_on": "2023-03-12", "showroom": null, "slug": "-57f18729-31de-41bd-9e7d-12d6e045825a", "has_image": false}}, {"model": "manager.emailpromotion", "pk": 8, "fields": {"subject": "Discount for all buyers", "subject_ar": "  ", "subject_fr": "Remise pour tous les acheteurs", "subject_de": "Rabatt fr alle Kufer", "subject_en": "Discount for all buyers", "description": "Discount for all buyers 50%", "description_ar": "   50 ", "description_fr": "Remise pour tous les acheteurs 50%", "description_de": "Rabatt fr alle Kufer 50%", "description_en": "Discount for all buyers 50%", "image": "", "target": "BUYERS", "created_on": "2023-03-13", "showroom": null, "slug": "discount-for-all-buyers-7469e4dc-c879-44ed-aca4-3b", "has_image": false}}, {"model": "manager.advertisinglocation", "pk": 1, "fields": {"name": null, "name_ar": null, "name_fr": null, "name_de": null, "name_en": null, "price": "20.00", "showroom": null}}, {"model": "manager.advertisinglocation", "pk": 2, "fields": {"name": null, "name_ar": null, "name_fr": null, "name_de": null, "name_en": null, "price": "10.00", "showroom": 3}}, {"model": "manager.advertisinglocation", "pk": 3, "fields": {"name": null, "name_ar": null, "name_fr": null, "name_de": null, "name_en": null, "price": "15.00", "showroom": 1}}, {"model": "manager.advertisinglocation", "pk": 4, "fields": {"name": null, "name_ar": null, "name_fr": null, "name_de": null, "name_en": null, "price": "19.00", "showroom": 2}}, {"model": "manager.advertisinglocation", "pk": 5, "fields": {"name": "All Suppliers", "name_ar": " ", "name_fr": "Tous les fournisseurs", "name_de": "Alle Lieferanten", "name_en": "All Suppliers", "price": "100.00", "showroom": null}}, {"model": "manager.sentemail", "pk": 1, "fields": {"recipient": "phillipmugisa9@gmail.com", "subject": "this is a test", "sending_email": "phillipmugisa4@gmail.com", "content": "Hello, \nthe test content", "reply_to": "phillipmugisa@icloud.com", "created_on": "2023-03-12"}}, {"model": "manager.sentemail", "pk": 2, "fields": {"recipient": "phillipmugisa4@gmail.com, phillipmugisa9@gmail.com", "subject": "test", "sending_email": "phillipmugisa4@gmail.com", "content": "Hello, \nvwevwevwev", "reply_to": "phillipmugisa@icloud.com", "created_on": "2023-03-12"}}, {"model": "manager.sentemail", "pk": 3, "fields": {"recipient": "phillipmugisa9@gmail.com", "subject": "this is a test", "sending_email": "phillipmugisa4@gmail.com", "content": "Hello, \nthe test content", "reply_to": "phillipmugisa@icloud.com", "created_on": "2023-03-12"}}, {"model": "manager.sentemail", "pk": 4, "fields": {"recipient": "phillipmugisa9@gmail.com", "subject": "this is a test", "sending_email": "phillipmugisa4@gmail.com", "content": "Hello, \nthe test content", "reply_to": "phillipmugisa@icloud.com", "created_on": "2023-03-12"}}, {"model": "manager.sentemail", "pk": 5, "fields": {"recipient": "phillipmugisa9@gmail.com", "subject": "this is a test", "sending_email": "phillipmugisa4@gmail.com", "content": "Hello, \nthe test content", "reply_to": "phillipmugisa@icloud.com", "created_on": "2023-03-12"}}, {"model": "manager.sentemail", "pk": 6, "fields": {"recipient": "phillipmugisa9@gmail.com", "subject": "this is a test", "sending_email": "phillipmugisa4@gmail.com", "content": "Hello, \nthe test content", "reply_to": "phillipmugisa@icloud.com", "created_on": "2023-03-12"}}, {"model": "manager.sentemail", "pk": 7, "fields": {"recipient": "phillipmugisa9@gmail.com", "subject": "this is a test", "sending_email": "phillipmugisa4@gmail.com", "content": "Hello, \nthe test content", "reply_to": "phillipmugisa@icloud.com", "created_on": "2023-03-12"}}, {"model": "manager.sentemail", "pk": 8, "fields": {"recipient": "phillipmugisa9@gmail.com", "subject": "this is a test", "sending_email": "phillipmugisa4@gmail.com", "content": "Hello, \nthe test content", "reply_to": "phillipmugisa@icloud.com", "created_on": "2023-03-12"}}, {"model": "manager.sentemail", "pk": 9, "fields": {"recipient": "phillipmugisa9@gmail.com", "subject": "this is a test", "sending_email": "phillipmugisa4@gmail.com", "content": "Hello, \nthis is a test", "reply_to": "phillipmugisa@icloud.com", "created_on": "2023-03-12"}}, {"model": "manager.sentemail", "pk": 10, "fields": {"recipient": "phillipmugisa9@gmail.com", "subject": "this is a test", "sending_email": "phillipmugisa4@gmail.com", "content": "Hello, \nthis is a test", "reply_to": "phillipmugisa@icloud.com", "created_on": "2023-03-12"}}, {"model": "manager.sentemail", "pk": 11, "fields": {"recipient": "phillipmugisa4@gmail.com", "subject": "Suspension of Store On Fodoren", "sending_email": "phillipmugisa4@gmail.com", "content": "\n                    Dear Fututech,\n\n                    We regret to inform you that your store: Fututech Gadgets has been suspended on our website due to a violation of our Terms and Conditions. We have taken the necessary action to suspend it until the issue is rectified.\n\n                    We request you to kindly contact our support team at phillipmugisa@icloud.com or use the website support feature to discuss the matter and find a way to bring your store back to our website. Our support team will guide you through the necessary steps to rectify the issue and make your store compliant with our guidelines.\n\n                    We understand the inconvenience that this suspension may cause you and we apologize for the same. However, we believe that this action is necessary to ensure the quality and integrity of our platform and the all its stores.\n\n                    Please feel free to contact us if you have any questions or concerns regarding the suspension of your store. We appreciate your understanding and cooperation in this matter.\n\n                    Thank you for your attention to this matter.\n\n                    Sincerely,\n\n                    Fodoren.\n                ", "reply_to": "phillipmugisa@icloud.com", "created_on": "2023-03-13"}}, {"model": "manager.sentemail", "pk": 12, "fields": {"recipient": "phillipmugisa4@gmail.com", "subject": "Suspension of Store On Fodoren", "sending_email": "phillipmugisa4@gmail.com", "content": "\n                    Dear Fututech,\n\n                    We are pleased to inform you that your store: Fututech Gadgets has been successfully verified and is now visible to all buyers on our website. Our team has thoroughly reviewed the store and found it to be compliant with our quality standards and guidelines.\n\n                    We request you to kindly contact our support team at phillipmugisa@icloud.com or use the website support feature to discuss the matter.\n\n                    We appreciate your patience and cooperation during the verification process. We understand that this may have caused inconvenience to you, but we assure you that this step was necessary to ensure that all stores on our website meet our quality standards and guidelines.\n\n                    Please feel free to contact us if you have any questions or concerns regarding the verification of your store. We are always available to assist you in any way we can.\n\n                    Thank you for choosing our platform to sell your stores. We look forward to a successful and long-term partnership with you.\n\n                    Sincerely,\n\n                    Fodoren.\n                ", "reply_to": "phillipmugisa@icloud.com", "created_on": "2023-03-13"}}, {"model": "manager.sentemail", "pk": 13, "fields": {"recipient": "phillipmugisa4@gmail.com", "subject": "Suspension of Product On Fodoren", "sending_email": "phillipmugisa4@gmail.com", "content": "\n                    Dear Fututech,\n\n                    We are pleased to inform you that your product: Military Bomber Jacket has been successfully verified and is now visible to all buyers on our website. Our team has thoroughly reviewed the product and found it to be compliant with our quality standards and guidelines.\n\n                    We request you to kindly contact our support team at phillipmugisa@icloud.com or use the website support feature to discuss the matter.\n\n                    We appreciate your patience and cooperation during the verification process. We understand that this may have caused inconvenience to you, but we assure you that this step was necessary to ensure that all products on our website meet our quality standards and guidelines.\n\n                    Please feel free to contact us if you have any questions or concerns regarding the verification of your product. We are always available to assist you in any way we can.\n\n                    Thank you for choosing our platform to sell your products. We look forward to a successful and long-term partnership with you.\n\n                    Sincerely,\n\n                    Fodoren.\n                ", "reply_to": "phillipmugisa@icloud.com", "created_on": "2023-03-13"}}, {"model": "manager.sentemail", "pk": 14, "fields": {"recipient": "phillipmugisa4@gmail.com", "subject": "Suspension of Product On Fodoren", "sending_email": "phillipmugisa4@gmail.com", "content": "\n                    Dear Fututech,\n\n                    We regret to inform you that your product: Military Bomber Jacket has been suspended on our website due to a violation of our Terms and Conditions. We have taken the necessary action to suspend it until the issue is rectified.\n\n                    We request you to kindly contact our support team at phillipmugisa@icloud.com or use the website support feature to discuss the matter and find a way to bring your product back to our website. Our support team will guide you through the necessary steps to rectify the issue and make your product compliant with our guidelines.\n\n                    We understand the inconvenience that this suspension may cause you and we apologize for the same. However, we believe that this action is necessary to ensure the quality and integrity of our platform and the all its products.\n\n                    Please feel free to contact us if you have any questions or concerns regarding the suspension of your product. We appreciate your understanding and cooperation in this matter.\n\n                    Thank you for your attention to this matter.\n\n                    Sincerely,\n\n                    Fodoren.\n                ", "reply_to": "phillipmugisa@icloud.com", "created_on": "2023-03-13"}}, {"model": "manager.sentemail", "pk": 15, "fields": {"recipient": "phillipmugisa4@gmail.com", "subject": "Suspension of Product On Fodoren", "sending_email": "phillipmugisa4@gmail.com", "content": "\n                    Dear Fututech,\n\n                    We are pleased to inform you that your product: Military Bomber Jacket has been successfully verified and is now visible to all buyers on our website. Our team has thoroughly reviewed the product and found it to be compliant with our quality standards and guidelines.\n\n                    We request you to kindly contact our support team at phillipmugisa@icloud.com or use the website support feature to discuss the matter.\n\n                    We appreciate your patience and cooperation during the verification process. We understand that this may have caused inconvenience to you, but we assure you that this step was necessary to ensure that all products on our website meet our quality standards and guidelines.\n\n                    Please feel free to contact us if you have any questions or concerns regarding the verification of your product. We are always available to assist you in any way we can.\n\n                    Thank you for choosing our platform to sell your products. We look forward to a successful and long-term partnership with you.\n\n                    Sincerely,\n\n                    Fodoren.\n                ", "reply_to": "phillipmugisa@icloud.com", "created_on": "2023-03-13"}}, {"model": "manager.sentemail", "pk": 16, "fields": {"recipient": "phillipmugisa4@gmail.com", "subject": "Suspension of Store On Fodoren", "sending_email": "phillipmugisa4@gmail.com", "content": "\n                    Dear Fututech,\n\n                    We regret to inform you that your store: Fututech Fashion has been suspended on our website due to a violation of our Terms and Conditions. We have taken the necessary action to suspend it until the issue is rectified.\n\n                    We request you to kindly contact our support team at phillipmugisa@icloud.com or use the website support feature to discuss the matter and find a way to bring your store back to our website. Our support team will guide you through the necessary steps to rectify the issue and make your store compliant with our guidelines.\n\n                    We understand the inconvenience that this suspension may cause you and we apologize for the same. However, we believe that this action is necessary to ensure the quality and integrity of our platform and the all its stores.\n\n                    Please feel free to contact us if you have any questions or concerns regarding the suspension of your store. We appreciate your understanding and cooperation in this matter.\n\n                    Thank you for your attention to this matter.\n\n                    Sincerely,\n\n                    Fodoren.\n                ", "reply_to": "phillipmugisa@icloud.com", "created_on": "2023-03-13"}}, {"model": "manager.sentemail", "pk": 17, "fields": {"recipient": "phillipmugisa4@gmail.com", "subject": "Suspension of Store On Fodoren", "sending_email": "phillipmugisa4@gmail.com", "content": "\n                    Dear Fututech,\n\n                    We regret to inform you that your store: Fututech Gadgets has been suspended on our website due to a violation of our Terms and Conditions. We have taken the necessary action to suspend it until the issue is rectified.\n\n                    We request you to kindly contact our support team at phillipmugisa@icloud.com or use the website support feature to discuss the matter and find a way to bring your store back to our website. Our support team will guide you through the necessary steps to rectify the issue and make your store compliant with our guidelines.\n\n                    We understand the inconvenience that this suspension may cause you and we apologize for the same. However, we believe that this action is necessary to ensure the quality and integrity of our platform and the all its stores.\n\n                    Please feel free to contact us if you have any questions or concerns regarding the suspension of your store. We appreciate your understanding and cooperation in this matter.\n\n                    Thank you for your attention to this matter.\n\n                    Sincerely,\n\n                    Fodoren.\n                ", "reply_to": "phillipmugisa@icloud.com", "created_on": "2023-03-13"}}, {"model": "manager.sentemail", "pk": 18, "fields": {"recipient": "phillipmugisa4@gmail.com", "subject": "Suspension of Store On Fodoren", "sending_email": "phillipmugisa4@gmail.com", "content": "\n                    Dear Fututech,\n\n                    We are pleased to inform you that your store: Fututech Gadgets has been successfully verified and is now visible to all buyers on our website. Our team has thoroughly reviewed the store and found it to be compliant with our quality standards and guidelines.\n\n                    We request you to kindly contact our support team at phillipmugisa@icloud.com or use the website support feature to discuss the matter.\n\n                    We appreciate your patience and cooperation during the verification process. We understand that this may have caused inconvenience to you, but we assure you that this step was necessary to ensure that all stores on our website meet our quality standards and guidelines.\n\n                    Please feel free to contact us if you have any questions or concerns regarding the verification of your store. We are always available to assist you in any way we can.\n\n                    Thank you for choosing our platform to sell your stores. We look forward to a successful and long-term partnership with you.\n\n                    Sincerely,\n\n                    Fodoren.\n                ", "reply_to": "phillipmugisa@icloud.com", "created_on": "2023-03-13"}}, {"model": "manager.sentemail", "pk": 19, "fields": {"recipient": "phillipmugisa4@gmail.com", "subject": "Suspension of Store On Fodoren", "sending_email": "phillipmugisa4@gmail.com", "content": "\n                    Dear Fututech,\n\n                    We are pleased to inform you that your store: Fututech Fashion has been successfully verified and is now visible to all buyers on our website. Our team has thoroughly reviewed the store and found it to be compliant with our quality standards and guidelines.\n\n                    We request you to kindly contact our support team at phillipmugisa@icloud.com or use the website support feature to discuss the matter.\n\n                    We appreciate your patience and cooperation during the verification process. We understand that this may have caused inconvenience to you, but we assure you that this step was necessary to ensure that all stores on our website meet our quality standards and guidelines.\n\n                    Please feel free to contact us if you have any questions or concerns regarding the verification of your store. We are always available to assist you in any way we can.\n\n                    Thank you for choosing our platform to sell your stores. We look forward to a successful and long-term partnership with you.\n\n                    Sincerely,\n\n                    Fodoren.\n                ", "reply_to": "phillipmugisa@icloud.com", "created_on": "2023-03-13"}}, {"model": "manager.sentemail", "pk": 20, "fields": {"recipient": "phillipmugisa4@gmail.com, phillipmugisa9@gmail.com", "subject": "", "sending_email": "phillipmugisa4@gmail.com", "content": "Hello, \nNone", "reply_to": "phillipmugisa@icloud.com", "created_on": "2023-03-13"}}, {"model": "manager.sentemail", "pk": 21, "fields": {"recipient": "phillipmugisa9@gmail.com", "subject": "Discount for all buyers", "sending_email": "phillipmugisa4@gmail.com", "content": "Hello, \nDiscount for all buyers", "reply_to": "phillipmugisa@icloud.com", "created_on": "2023-03-13"}}, {"model": "manager.sentemail", "pk": 22, "fields": {"recipient": "phillipmugisa4@gmail.com", "subject": "Suspension of Product On Fodoren", "sending_email": "phillipmugisa4@gmail.com", "content": "\n                    Dear Fututech,\n\n                    We regret to inform you that your product: Magnetic Wireless Charger has been suspended on our website due to a violation of our Terms and Conditions. We have taken the necessary action to suspend it until the issue is rectified.\n\n                    We request you to kindly contact our support team at phillipmugisa@icloud.com or use the website support feature to discuss the matter and find a way to bring your product back to our website. Our support team will guide you through the necessary steps to rectify the issue and make your product compliant with our guidelines.\n\n                    We understand the inconvenience that this suspension may cause you and we apologize for the same. However, we believe that this action is necessary to ensure the quality and integrity of our platform and the all its products.\n\n                    Please feel free to contact us if you have any questions or concerns regarding the suspension of your product. We appreciate your understanding and cooperation in this matter.\n\n                    Thank you for your attention to this matter.\n\n                    Sincerely,\n\n                    Fodoren.\n                ", "reply_to": "phillipmugisa@icloud.com", "created_on": "2023-03-13"}}, {"model": "manager.sentemail", "pk": 23, "fields": {"recipient": "phillipmugisa4@gmail.com", "subject": "Suspension of Product On Fodoren", "sending_email": "phillipmugisa4@gmail.com", "content": "\n                    Dear Fututech,\n\n                    We regret to inform you that your product: Military Bomber Jacket has been suspended on our website due to a violation of our Terms and Conditions. We have taken the necessary action to suspend it until the issue is rectified.\n\n                    We request you to kindly contact our support team at phillipmugisa@icloud.com or use the website support feature to discuss the matter and find a way to bring your product back to our website. Our support team will guide you through the necessary steps to rectify the issue and make your product compliant with our guidelines.\n\n                    We understand the inconvenience that this suspension may cause you and we apologize for the same. However, we believe that this action is necessary to ensure the quality and integrity of our platform and the all its products.\n\n                    Please feel free to contact us if you have any questions or concerns regarding the suspension of your product. We appreciate your understanding and cooperation in this matter.\n\n                    Thank you for your attention to this matter.\n\n                    Sincerely,\n\n                    Fodoren.\n                ", "reply_to": "phillipmugisa@icloud.com", "created_on": "2023-03-13"}}, {"model": "manager.sentemail", "pk": 24, "fields": {"recipient": "phillipmugisa4@gmail.com", "subject": "Foroden Subscription", "sending_email": "phillipmugisa4@gmail.com", "content": "Hello, phillipmugisa, \nYour payment was successfull.", "reply_to": "phillipmugisa@icloud.com", "created_on": "2023-03-19"}}, {"model": "manager.sentemail", "pk": 25, "fields": {"recipient": "phillipmugisa4@gmail.com", "subject": "Foroden Subscription", "sending_email": "phillipmugisa4@gmail.com", "content": "Hello, phillipmugisa, \nYour payment as been initialized. Please wait for confirmation email.", "reply_to": "phillipmugisa@icloud.com", "created_on": "2023-03-19"}}, {"model": "manager.sentemail", "pk": 26, "fields": {"recipient": "phillipmugisa4@gmail.com", "subject": "Foroden Subscription", "sending_email": "phillipmugisa4@gmail.com", "content": "Hello, phillipmugisa, \nYour payment was successfull.", "reply_to": "phillipmugisa@icloud.com", "created_on": "2023-03-19"}}, {"model": "manager.sentemail", "pk": 27, "fields": {"recipient": "phillipmugisa4@gmail.com", "subject": "Foroden Subscription", "sending_email": "phillipmugisa4@gmail.com", "content": "Hello, phillipmugisa, \nYour payment as been initialized. Please wait for confirmation email.", "reply_to": "phillipmugisa@icloud.com", "created_on": "2023-03-19"}}, {"model": "manager.sentemail", "pk": 28, "fields": {"recipient": "phillipmugisa4@gmail.com", "subject": "Foroden Subscription", "sending_email": "phillipmugisa4@gmail.com", "content": "Hello, phillipmugisa, \nYour payment was successfull.", "reply_to": "phillipmugisa@icloud.com", "created_on": "2023-03-19"}}, {"model": "manager.sentemail", "pk": 29, "fields": {"recipient": "phillipmugisa4@gmail.com", "subject": "Verification of Product On Fodoren", "sending_email": "phillipmugisa4@gmail.com", "content": "\n                    Dear Fututech,\n\n                    We are pleased to inform you that your product: Women Fashion Oversized Bomber Jackets has been successfully verified and is now visible to all buyers on our website. Our team has thoroughly reviewed the product and found it to be compliant with our quality standards and guidelines.\n\n                    We request you to kindly contact our support team at phillipmugisa@icloud.com or use the website support feature to discuss the matter.\n\n                    We appreciate your patience and cooperation during the verification process. We understand that this may have caused inconvenience to you, but we assure you that this step was necessary to ensure that all products on our website meet our quality standards and guidelines.\n\n                    Please feel free to contact us if you have any questions or concerns regarding the verification of your product. We are always available to assist you in any way we can.\n\n                    Thank you for choosing our platform to sell your products. We look forward to a successful and long-term partnership with you.\n\n                    Sincerely,\n\n                    Fodoren.\n                ", "reply_to": "phillipmugisa@icloud.com", "created_on": "2023-03-20"}}, {"model": "manager.sentemail", "pk": 30, "fields": {"recipient": "phillipmugisa4@gmail.com", "subject": "Verification of Product On Fodoren", "sending_email": "phillipmugisa4@gmail.com", "content": "\n                    Dear Fututech,\n\n                    We are pleased to inform you that your product: Military Bomber Jacket has been successfully verified and is now visible to all buyers on our website. Our team has thoroughly reviewed the product and found it to be compliant with our quality standards and guidelines.\n\n                    We request you to kindly contact our support team at phillipmugisa@icloud.com or use the website support feature to discuss the matter.\n\n                    We appreciate your patience and cooperation during the verification process. We understand that this may have caused inconvenience to you, but we assure you that this step was necessary to ensure that all products on our website meet our quality standards and guidelines.\n\n                    Please feel free to contact us if you have any questions or concerns regarding the verification of your product. We are always available to assist you in any way we can.\n\n                    Thank you for choosing our platform to sell your products. We look forward to a successful and long-term partnership with you.\n\n                    Sincerely,\n\n                    Fodoren.\n                ", "reply_to": "phillipmugisa@icloud.com", "created_on": "2023-03-20"}}, {"model": "manager.sentemail", "pk": 31, "fields": {"recipient": "phillipmugisa4@gmail.com", "subject": "Verification of Product On Fodoren", "sending_email": "phillipmugisa4@gmail.com", "content": "\n                    Dear Fututech,\n\n                    We are pleased to inform you that your product: Magnetic Wireless Charger has been successfully verified and is now visible to all buyers on our website. Our team has thoroughly reviewed the product and found it to be compliant with our quality standards and guidelines.\n\n                    We request you to kindly contact our support team at phillipmugisa@icloud.com or use the website support feature to discuss the matter.\n\n                    We appreciate your patience and cooperation during the verification process. We understand that this may have caused inconvenience to you, but we assure you that this step was necessary to ensure that all products on our website meet our quality standards and guidelines.\n\n                    Please feel free to contact us if you have any questions or concerns regarding the verification of your product. We are always available to assist you in any way we can.\n\n                    Thank you for choosing our platform to sell your products. We look forward to a successful and long-term partnership with you.\n\n                    Sincerely,\n\n                    Fodoren.\n                ", "reply_to": "phillipmugisa@icloud.com", "created_on": "2023-03-20"}}, {"model": "manager.sentemail", "pk": 32, "fields": {"recipient": "phillipmugisa4@gmail.com", "subject": "Suspension of Store On Foroden", "sending_email": "phillipmugisa4@gmail.com", "content": "\n                    Dear Fututech,\n\n                    We regret to inform you that your store: Fututech Fashion has been suspended on our website due to a violation of our Terms and Conditions. We have taken the necessary action to suspend it until the issue is rectified.\n\n                    We request you to kindly contact our support team at phillipmugisa@icloud.com or use the website support feature to discuss the matter and find a way to bring your store back to our website. Our support team will guide you through the necessary steps to rectify the issue and make your store compliant with our guidelines.\n\n                    We understand the inconvenience that this suspension may cause you and we apologize for the same. However, we believe that this action is necessary to ensure the quality and integrity of our platform and the all its stores.\n\n                    Please feel free to contact us if you have any questions or concerns regarding the suspension of your store. We appreciate your understanding and cooperation in this matter.\n\n                    Thank you for your attention to this matter.\n\n                    Sincerely,\n\n                    Foroden.\n                ", "reply_to": "phillipmugisa@icloud.com", "created_on": "2023-05-13"}}, {"model": "manager.sentemail", "pk": 33, "fields": {"recipient": "phillipmugisa4@gmail.com", "subject": "Verification of Store On Foroden", "sending_email": "phillipmugisa4@gmail.com", "content": "\n                    Dear Fututech,\n\n                    We are pleased to inform you that your store: Fututech Fashion has been successfully verified and is now visible to all buyers on our website. Our team has thoroughly reviewed the store and found it to be compliant with our quality standards and guidelines.\n\n                    We request you to kindly contact our support team at phillipmugisa@icloud.com or use the website support feature to discuss the matter.\n\n                    We appreciate your patience and cooperation during the verification process. We understand that this may have caused inconvenience to you, but we assure you that this step was necessary to ensure that all stores on our website meet our quality standards and guidelines.\n\n                    Please feel free to contact us if you have any questions or concerns regarding the verification of your store. We are always available to assist you in any way we can.\n\n                    Thank you for choosing our platform to sell your stores. We look forward to a successful and long-term partnership with you.\n\n                    Sincerely,\n\n                    Foroden.\n                ", "reply_to": "phillipmugisa@icloud.com", "created_on": "2023-05-13"}}, {"model": "manager.sentemail", "pk": 34, "fields": {"recipient": "phillipmugisa4@gmail.com", "subject": "Foroden Contract Created", "sending_email": "phillipmugisa4@gmail.com", "content": "Hello, phillipmugisa.\nA Contract application has been sumbited by Breezer on service Product Advertising.\nPlease visit the dashboard to respond to the application.\nThank you.", "reply_to": "phillipmugisa@icloud.com", "created_on": "2023-05-13"}}, {"model": "manager.sentemail", "pk": 35, "fields": {"recipient": "phillipmugisa4@gmail.com", "subject": "Foroden Contract Created", "sending_email": "phillipmugisa4@gmail.com", "content": "Hello, phillipmugisa.\nA Contract application has been sumbited by Breezer on service Product delivery.\nPlease visit the dashboard to respond to the application.\nThank you.", "reply_to": "phillipmugisa@icloud.com", "created_on": "2023-05-13"}}, {"model": "supplier.store", "pk": 1, "fields": {"name": "Fututech Electronics", "name_ar": " Fututech", "name_fr": "Electronique Fututech", "name_de": "Fututech -Elektronik", "name_en": "Fututech Electronics", "supplier": 2, "slug": "fututech-electronics4c24f7c3-1f34-4270-9d00-5fb3c5195f39", "image": "Store/images/fututech-electronics2576315d-a1f8-4ed0-a848-e6cba2.jpg", "is_verified": true, "created_on": "2022-09-08"}}, {"model": "supplier.store", "pk": 2, "fields": {"name": "Fututech Gadgets", "name_ar": " Fututech", "name_fr": "Gadgets fututech", "name_de": "Fututech -Gerte", "name_en": "Fututech Gadgets", "supplier": 2, "slug": "fututech-gadgetsc4463b96-cc6e-44fb-9357-f29e08154f13", "image": "Store/images/fututech-gadgets7619c715-146b-4b4b-83fb-2332bccdfc.jpg", "is_verified": true, "created_on": "2022-09-08"}}, {"model": "supplier.store", "pk": 3, "fields": {"name": "Fututech Fashion", "name_ar": " Fututech", "name_fr": "Mode fututech", "name_de": "Fututech Mode", "name_en": "Fututech Fashion", "supplier": 2, "slug": "fututech-fashion075ecf30-f584-4056-9012-ee93be19cd26", "image": "Store/images/fututech-fashion9c6cd644-29e7-4b6d-92f0-ebb17286c8.jpg", "is_verified": true, "created_on": "2022-09-08"}}, {"model": "supplier.productcategory", "pk": 2, "fields": {"name": "Textile Products", "name_ar": " ", "name_fr": "Produits textiles", "name_de": "Textilprodukte", "name_en": "Textile Products", "product_count": 0, "image": "ProductCategory/images/textile-productsc0837371-b8c5-45cc-85e2-7d0130a49d.png", "slug": "textile-productsff4d0abd-4206-4976-91ee-46da1f356f0d", "created_on": "2022-09-03"}}, {"model": "supplier.productcategory", "pk": 3, "fields": {"name": "Sporting and Recreation Equipments", "name_ar": "  ", "name_fr": "quipements sportifs et rcratifs", "name_de": "Sport- und Freizeitausrstungen", "name_en": "Sporting and Recreation Equipments", "product_count": 0, "image": "ProductCategory/images/sporting-and-recreation-equipments8e4f9099-7c57-42.png", "slug": "sporting-and-recreation-equipmentscb0fed6f-e379-4347-a065-996fefde11a7", "created_on": "2022-09-03"}}, {"model": "supplier.productcategory", "pk": 4, "fields": {"name": "School and Office Stationery", "name_ar": "  ", "name_fr": "Papeterie d'cole et de bureau", "name_de": "Schul- und Bro -Schreibwaren", "name_en": "School and Office Stationery", "product_count": 0, "image": "ProductCategory/images/school-and-office-stationery78dce158-5eeb-4bb0-8d3.png", "slug": "school-and-office-stationeryc571c6cc-0927-4101-b5f5-0c6d5b5d412c", "created_on": "2022-09-03"}}, {"model": "supplier.productcategory", "pk": 5, "fields": {"name": "Plastic and Rubber Industry", "name_ar": "  ", "name_fr": "Industrie du plastique et du caoutchouc", "name_de": "Plastik- und Gummiindustrie", "name_en": "Plastic and Rubber Industry", "product_count": 0, "image": "ProductCategory/images/plastic-and-rubber-industryed11fcae-bf83-406e-ace0.png", "slug": "plastic-and-rubber-industry12788f25-c4ed-49fa-9b60-39346dc7e294", "created_on": "2022-09-03"}}, {"model": "supplier.productcategory", "pk": 6, "fields": {"name": "Medical Products", "name_ar": " ", "name_fr": "Produits mdicaux", "name_de": "Medizinische Produkte", "name_en": "Medical Products", "product_count": 0, "image": "ProductCategory/images/medical-products9b6b8d92-b06c-4332-835b-3fa289b453.png", "slug": "medical-productsde8e13c4-459c-4b91-8ec4-57900abf0db1", "created_on": "2022-09-03"}}, {"model": "supplier.productcategory", "pk": 7, "fields": {"name": "Jewelry", "name_ar": "", "name_fr": "Bijoux", "name_de": "Schmuck", "name_en": "Jewelry", "product_count": 0, "image": "ProductCategory/images/jewelry42622e8c-f480-490d-a720-f17094c59797-caeff9.png", "slug": "jewelry87a8be1a-01dc-4e59-b8f6-de78be4282d8", "created_on": "2022-09-03"}}, {"model": "supplier.productcategory", "pk": 8, "fields": {"name": "Food Industry", "name_ar": " ", "name_fr": "Industrie alimentaire", "name_de": "Nahrungsmittelindustrie", "name_en": "Food Industry", "product_count": 0, "image": "ProductCategory/images/food-industry56fa39d3-fffc-469a-a784-b58272a79427-.png", "slug": "food-industry08d6797e-9d98-4786-ab1a-04ee0d443896", "created_on": "2022-09-03"}}, {"model": "supplier.productcategory", "pk": 9, "fields": {"name": "Environment and Recycling", "name_ar": "  ", "name_fr": "Environnement et recyclage", "name_de": "Umwelt und Recycling", "name_en": "Environment and Recycling", "product_count": 0, "image": "ProductCategory/images/environment-and-recyclingc6c16272-8a8c-4bd3-84d3-c.png", "slug": "environment-and-recyclingbc3de80d-5496-486e-9fc7-456e757f9a69", "created_on": "2022-09-03"}}, {"model": "supplier.productcategory", "pk": 10, "fields": {"name": "Energy Sector", "name_ar": " ", "name_fr": "Secteur nergtique", "name_de": "Energie Sektor", "name_en": "Energy Sector", "product_count": 0, "image": "ProductCategory/images/energy-sectorb39e558e-472a-496e-a460-4acb52f32cec-.png", "slug": "energy-sector9fa499b1-f962-408f-82c6-109372cd246f", "created_on": "2022-09-03"}}, {"model": "supplier.productcategory", "pk": 11, "fields": {"name": "Electrical Equipment", "name_ar": " ", "name_fr": "quipement lectrique", "name_de": "Elektrische Ausrstung", "name_en": "Electrical Equipment", "product_count": 0, "image": "ProductCategory/images/electrical-equipment3fe1a43f-8aee-4364-a191-0c94b3.png", "slug": "electrical-equipment28026aa6-3472-40fc-a06b-54da581eec6f", "created_on": "2022-09-03"}}, {"model": "supplier.productcategory", "pk": 12, "fields": {"name": "Consumer Electronics", "name_ar": " ", "name_fr": "lectronique grand public", "name_de": "Unterhaltungselektronik", "name_en": "Consumer Electronics", "product_count": 146, "image": "ProductCategory/images/consumer-electronicsb06caaf5-f1d5-4e65-ae2b-24de98.png", "slug": "consumer-electronics11174ea5-fccb-48f6-95cb-afba1568cd3b", "created_on": "2022-09-03"}}, {"model": "supplier.productcategory", "pk": 13, "fields": {"name": "Safety and Security Equipments", "name_ar": "  ", "name_fr": "quipements de scurit et de scurit", "name_de": "Sicherheitsausrstungen", "name_en": "Safety and Security Equipments", "product_count": 0, "image": "ProductCategory/images/safety-and-security-equipments61bbbd3e-cd83-41d9-8.png", "slug": "safety-and-security-equipments637b0a45-5ba0-4d29-90bd-643e23417010", "created_on": "2022-09-03"}}, {"model": "supplier.productcategory", "pk": 14, "fields": {"name": "Construction and Building Industry", "name_ar": "  ", "name_fr": "Industrie de la construction et de la construction", "name_de": "Bau- und Bauindustrie", "name_en": "Construction and Building Industry", "product_count": 0, "image": "ProductCategory/images/construction-and-building-industry2dc20bd9-cc33-4c.png", "slug": "construction-and-building-industryf8f88b8e-bd50-4cec-a001-b8f69d4dc586", "created_on": "2022-09-03"}}, {"model": "supplier.productcategory", "pk": 15, "fields": {"name": "Cosmetic Products", "name_ar": " ", "name_fr": "Produits cosmtiques", "name_de": "Kosmetikprodukte", "name_en": "Cosmetic Products", "product_count": 0, "image": "ProductCategory/images/cosmetic-products9fb378d8-d265-4a80-9180-067047ad3.png", "slug": "cosmetic-products8329340d-d883-43f9-84eb-32aa39d0f08d", "created_on": "2022-09-03"}}, {"model": "supplier.productcategory", "pk": 16, "fields": {"name": "Mens's Fashion", "name_ar": " ", "name_fr": "La mode masculine", "name_de": "Mnnermode", "name_en": "Mens's Fashion", "product_count": 166, "image": "ProductCategory/images/menss-fashion7e863f93-6193-468d-8cbb-2c2a26a99fef-.png", "slug": "menss-fashiond9c645c0-0538-4fdd-9beb-e3fb5cf839cb", "created_on": "2022-09-03"}}, {"model": "supplier.productcategory", "pk": 17, "fields": {"name": "Agricultural Machinery", "name_ar": " ", "name_fr": "Machines agricoles", "name_de": "Landwirtschaftliche Maschinen", "name_en": "Agricultural Machinery", "product_count": 0, "image": "ProductCategory/images/agricultural-machinery59f8d6e0-f50f-4f5e-ab8d-0933.png", "slug": "agricultural-machinery3ed92dc4-f20f-431d-bd8f-f272c2cd219e", "created_on": "2022-09-09"}}, {"model": "supplier.productcategory", "pk": 18, "fields": {"name": "Baby Produts & Accessories", "name_ar": "  ", "name_fr": "Produits et accessoires pour bb", "name_de": "Babyprodukte und Zubehr", "name_en": "Baby Produts & Accessories", "product_count": 0, "image": "ProductCategory/images/baby-produts-accessories2ca258cb-3fba-4f3f-a775-48.png", "slug": "baby-produts-accessories32fe0381-8cce-4641-9da5-bf6508814519", "created_on": "2022-09-09"}}, {"model": "supplier.productcategory", "pk": 19, "fields": {"name": "Agents", "name_ar": "", "name_fr": "Agents", "name_de": "Agents", "name_en": "Agents", "product_count": 0, "image": "ProductCategory/images/agentsecbeea6f-c1a1-4331-b030-c8abdaa40de5-b7f2f01.png", "slug": "agentsdeea5b7d-45d0-4cdf-8949-f57c9d3b1258", "created_on": "2022-09-09"}}, {"model": "supplier.productcategory", "pk": 20, "fields": {"name": "Agro Supplies", "name_ar": " ", "name_fr": "Agro Supplies", "name_de": "Agro -Lieferungen", "name_en": "Agro Supplies", "product_count": 0, "image": "ProductCategory/images/agro-supplies837d2755-4285-496e-854c-61f242be8667-.png", "slug": "agro-supplies276a0efc-5b21-4bf0-a39d-a7f50bca8d31", "created_on": "2022-09-09"}}, {"model": "supplier.productcategory", "pk": 21, "fields": {"name": "Automotives", "name_ar": "", "name_fr": "Automobile", "name_de": "Kfz", "name_en": "Automotives", "product_count": 0, "image": "ProductCategory/images/automotivese70cde18-8deb-43fb-983a-de4954db62f4-e0.png", "slug": "automotives866fedc4-8684-48f5-8655-8719b84231d7", "created_on": "2022-09-09"}}, {"model": "supplier.productcategory", "pk": 22, "fields": {"name": "Women's Fashion", "name_ar": "  ", "name_fr": "La mode des femmes", "name_de": "Frauenmode", "name_en": "Women's Fashion", "product_count": 0, "image": "ProductCategory/images/womens-fashionf881c58f-95c7-4609-af9b-21f5cfb923a5.png", "slug": "womens-fashionf2888700-74de-4a60-a2e7-fd815aa35521", "created_on": "2022-09-09"}}, {"model": "supplier.productsubcategory", "pk": 10, "fields": {"name": "Feather Textile", "name_ar": " ", "name_fr": "Textile en plumes", "name_de": "Feder Textile", "name_en": "Feather Textile", "category": 2, "image": "ProductSubCategory/images/feather-textile36d6ac52-649b-49fd-8527-0bfcc6fdc39.webp", "slug": "feather-textiled4091ff6-7b93-4166-9a08-f622d778ca8a", "created_on": "2022-09-03"}}, {"model": "supplier.productsubcategory", "pk": 11, "fields": {"name": "Fabric Textile", "name_ar": " ", "name_fr": "Textile de tissu", "name_de": "Stoff Textile", "name_en": "Fabric Textile", "category": 2, "image": "ProductSubCategory/images/fabric-textile7e4696a2-c618-4249-b1d7-efbed311b3be.webp", "slug": "fabric-textilebfd9fc1e-e7cf-4e80-b242-21fb5586fe31", "created_on": "2022-09-03"}}, {"model": "supplier.productsubcategory", "pk": 12, "fields": {"name": "Fiber Textile", "name_ar": " ", "name_fr": "Textile de fibre", "name_de": "Fasertextile", "name_en": "Fiber Textile", "category": 2, "image": "ProductSubCategory/images/fiber-textile69628b8c-2404-4b43-8bee-09bff4484e2c-.webp", "slug": "fiber-textile4796655e-f8b8-4149-8c39-1a59eb962349", "created_on": "2022-09-03"}}, {"model": "supplier.productsubcategory", "pk": 13, "fields": {"name": "Fur Textile", "name_ar": " ", "name_fr": "Textile de fourrure", "name_de": "Pelztextile", "name_en": "Fur Textile", "category": 2, "image": "ProductSubCategory/images/fur-textile7486a532-ffe5-4ebc-bc19-b8d2b39f77fb-e4.webp", "slug": "fur-textile3fc7d8d3-91b2-4b04-b05b-8ce4008053c7", "created_on": "2022-09-03"}}, {"model": "supplier.productsubcategory", "pk": 14, "fields": {"name": "Leather Textile", "name_ar": " ", "name_fr": "Textile en cuir", "name_de": "Ledertextil", "name_en": "Leather Textile", "category": 2, "image": "ProductSubCategory/images/leather-textile6e018d30-6d54-4844-9040-bec78dc99f9.webp", "slug": "leather-textilea4f0de1b-e4fa-4108-9f07-78381e45d01d", "created_on": "2022-09-03"}}, {"model": "supplier.productsubcategory", "pk": 15, "fields": {"name": "Other Textiles", "name_ar": " ", "name_fr": "Autres textiles", "name_de": "Andere Textilien", "name_en": "Other Textiles", "category": 2, "image": "ProductSubCategory/images/other-textilesd3905fda-213f-46b5-8e0c-a456d65ff505.webp", "slug": "other-textiles6a487cf9-9942-4e5f-b7c5-c41d6b5c459a", "created_on": "2022-09-03"}}, {"model": "supplier.productsubcategory", "pk": 16, "fields": {"name": "Artificial Grass & Sports Flooring", "name_ar": "   ", "name_fr": "Grass artificiels et revtements sportifs", "name_de": "Knstliches Gras- und Sportboden", "name_en": "Artificial Grass & Sports Flooring", "category": 3, "image": "ProductSubCategory/images/artificial-grass-sports-flooring2fc13439-f844-480e.webp", "slug": "artificial-grass-sports-flooring9b90030e-54f1-4253-9466-ccec01207832", "created_on": "2022-09-03"}}, {"model": "supplier.productsubcategory", "pk": 17, "fields": {"name": "Boats & Ships", "name_ar": " ", "name_fr": "Bateaux et navires", "name_de": "Boote & Schiffe", "name_en": "Boats & Ships", "category": 3, "image": "ProductSubCategory/images/boats-shipsf58a1899-4b80-49e9-9773-da47d0ba8c81-e6.webp", "slug": "boats-shipsd5df17c6-e8e2-4a73-8c8c-b44b37709601", "created_on": "2022-09-03"}}, {"model": "supplier.productsubcategory", "pk": 18, "fields": {"name": "Camping & Hiking", "name_ar": " ", "name_fr": "Camping et randonne", "name_de": "Campen und Wandern", "name_en": "Camping & Hiking", "category": 3, "image": "ProductSubCategory/images/camping-hiking3df2e987-81e6-427f-aa3c-e5e1ba325d63.webp", "slug": "camping-hiking456943b6-0222-42b2-95f2-e590f2d505ee", "created_on": "2022-09-03"}}, {"model": "supplier.productsubcategory", "pk": 19, "fields": {"name": "Cycling", "name_ar": " ", "name_fr": "Vlo", "name_de": "Radfahren", "name_en": "Cycling", "category": 3, "image": "ProductSubCategory/images/cyclingf6c0b75d-e908-4495-ae05-8133c8dcef83-624a02.jpg", "slug": "cyclingc7dadacb-5ef9-4adc-a8ae-697a77bb45b6", "created_on": "2022-09-03"}}, {"model": "supplier.productsubcategory", "pk": 20, "fields": {"name": "Exercise Rehabilitation", "name_ar": "  ", "name_fr": "Rhabilitation de l'exercice", "name_de": "Rehabilitation bung", "name_en": "Exercise Rehabilitation", "category": 3, "image": "ProductSubCategory/images/exercise-rehabilitationc30ffc61-63d5-48a6-8888-e70.webp", "slug": "exercise-rehabilitationa73d34ce-ea93-479e-a6db-a64b30f96375", "created_on": "2022-09-03"}}, {"model": "supplier.productsubcategory", "pk": 21, "fields": {"name": "Fishing", "name_ar": " ", "name_fr": "Pche", "name_de": "Angeln", "name_en": "Fishing", "category": 3, "image": "ProductSubCategory/images/fishing3ea654e0-5976-4354-817a-48c2e9724287-bcb591.webp", "slug": "fishingf856c085-6ccd-4668-8908-b01e5e2b7d0f", "created_on": "2022-09-03"}}, {"model": "supplier.productsubcategory", "pk": 22, "fields": {"name": "Fitness & Body Building", "name_ar": "   ", "name_fr": "Fitness et corps  corps", "name_de": "Fitness- und Krpergebude", "name_en": "Fitness & Body Building", "category": 3, "image": "ProductSubCategory/images/fitness-body-building3ce6c814-0f89-4843-a309-20dfa.webp", "slug": "fitness-body-building0faac40d-ecf2-48cb-97d9-6e7e7f10d45a", "created_on": "2022-09-03"}}, {"model": "supplier.productsubcategory", "pk": 23, "fields": {"name": "Golf", "name_ar": "", "name_fr": "Le golf", "name_de": "Golf", "name_en": "Golf", "category": 3, "image": "ProductSubCategory/images/golfe08b802e-ff62-416e-883d-82b06f9d9f6d-8f06ac42-.webp", "slug": "golfd2a0327f-d61b-410f-b25a-469f54346092", "created_on": "2022-09-03"}}, {"model": "supplier.productsubcategory", "pk": 24, "fields": {"name": "Indoor Sports", "name_ar": "   ", "name_fr": "Sports d'intrieur", "name_de": "Hallensport", "name_en": "Indoor Sports", "category": 3, "image": "ProductSubCategory/images/indoor-sports92c8e516-af77-42b3-97e7-b9372e0e098f-.webp", "slug": "indoor-sportsbc95c6d7-bbab-4ab7-b20b-ebdc7d9fdb65", "created_on": "2022-09-03"}}, {"model": "supplier.productsubcategory", "pk": 25, "fields": {"name": "Musical Instruments", "name_ar": " ", "name_fr": "Instruments de musique", "name_de": "Musikinstrumente", "name_en": "Musical Instruments", "category": 3, "image": "ProductSubCategory/images/musical-instruments13acaf01-fc1f-43f1-9f73-2522c62.webp", "slug": "musical-instrumentsd1c66007-2bdf-4a01-9ad4-a6b7bda0a96a", "created_on": "2022-09-03"}}, {"model": "supplier.productsubcategory", "pk": 26, "fields": {"name": "Art Supplies", "name_ar": " ", "name_fr": "Fournitures d'art", "name_de": "Kunstbedarf", "name_en": "Art Supplies", "category": 4, "image": "ProductSubCategory/images/art-supplies865301c9-121d-4674-928f-22a1cc82d925-e.webp", "slug": "art-supplies26f22882-533b-40d6-9419-b1640b4b48fa", "created_on": "2022-09-03"}}, {"model": "supplier.productsubcategory", "pk": 27, "fields": {"name": "Books", "name_ar": "", "name_fr": "Livres", "name_de": "Bcher", "name_en": "Books", "category": 4, "image": "ProductSubCategory/images/books63799bf2-1ff9-49f7-922c-db3c262e661b-fdfb0cc5.webp", "slug": "bookse845177d-4fe3-4753-aebe-3612f9561232", "created_on": "2022-09-03"}}, {"model": "supplier.productsubcategory", "pk": 28, "fields": {"name": "Calculators", "name_ar": " ", "name_fr": "Calculatrices", "name_de": "Taschenrechner", "name_en": "Calculators", "category": 4, "image": "ProductSubCategory/images/calculators7c2391d7-e037-4d79-b267-b13acbab15e2-a0.webp", "slug": "calculators7a3cd3e7-d737-45f1-b20c-1edf1b428e26", "created_on": "2022-09-03"}}, {"model": "supplier.productsubcategory", "pk": 29, "fields": {"name": "Calendars", "name_ar": "", "name_fr": "Calendriers", "name_de": "Kalender", "name_en": "Calendars", "category": 4, "image": "ProductSubCategory/images/calendars0be1f8f8-ebfb-4b6b-9a7e-8ce5c9bee95d-b306.webp", "slug": "calendarsb6cfcf1b-c2ea-489b-b830-60f14df05ed7", "created_on": "2022-09-03"}}, {"model": "supplier.productsubcategory", "pk": 30, "fields": {"name": "", "name_ar": "", "name_fr": "", "name_de": "", "name_en": "", "category": 4, "image": "", "slug": "2ff9d072-a691-49e0-a332-cb1047882fd5", "created_on": "2022-09-03"}}, {"model": "supplier.productsubcategory", "pk": 31, "fields": {"name": "Plastic Products", "name_ar": " ", "name_fr": "Produits en plastique", "name_de": "Kunststoff-Produkte", "name_en": "Plastic Products", "category": 5, "image": "ProductSubCategory/images/plastic-products6310a8a0-740b-4fcb-bd4e-28702264af.webp", "slug": "plastic-products4438f1e6-d84d-49a6-889a-bf8716b455f1", "created_on": "2022-09-03"}}, {"model": "supplier.productsubcategory", "pk": 32, "fields": {"name": "Plastic Raw Materials", "name_ar": "  ", "name_fr": "Matires premires en plastique", "name_de": "Kunststoffrohstoffe", "name_en": "Plastic Raw Materials", "category": 5, "image": "ProductSubCategory/images/plastic-raw-materials186dec11-ace9-4fdf-9af4-f5aeb.jpg", "slug": "plastic-raw-materialsd8f56c2b-7d62-4f5d-8f40-c57df133a66c", "created_on": "2022-09-03"}}, {"model": "supplier.productsubcategory", "pk": 33, "fields": {"name": "Rubber Products", "name_ar": " ", "name_fr": "Produits en caoutchouc", "name_de": "Gummiprodukte", "name_en": "Rubber Products", "category": 5, "image": "ProductSubCategory/images/rubber-products7bca695f-e2b2-4079-a730-74564151fd5.jpg", "slug": "rubber-productsa5201f95-ad51-4829-ba77-7e04a3ba2b6a", "created_on": "2022-09-03"}}, {"model": "supplier.productsubcategory", "pk": 34, "fields": {"name": "Other Plastic and Rubber Products", "name_ar": "   ", "name_fr": "Autres produits en plastique et en caoutchouc", "name_de": "Andere Plastik- und Gummiprodukte", "name_en": "Other Plastic and Rubber Products", "category": 5, "image": "ProductSubCategory/images/other-plastic-and-rubber-productsb9ba6d7d-bdc0-492.webp", "slug": "other-plastic-and-rubber-products6e066001-eb23-44cb-bd20-2cc8c2f00d8d", "created_on": "2022-09-03"}}, {"model": "supplier.productsubcategory", "pk": 35, "fields": {"name": "Animal & Veterinary", "name_ar": " ", "name_fr": "Animal et vtrinaire", "name_de": "Tier & Veterinr", "name_en": "Animal & Veterinary", "category": 6, "image": "ProductSubCategory/images/animal-veterinary019aa5c4-5d69-4798-a32f-a2e3e998d.jpg", "slug": "animal-veterinary33e40dfd-b98b-425b-af10-8c55f7db5163", "created_on": "2022-09-03"}}, {"model": "supplier.productsubcategory", "pk": 36, "fields": {"name": "Health Care Products", "name_ar": "  ", "name_fr": "Produits de sant", "name_de": "Gesundheitsprodukte", "name_en": "Health Care Products", "category": 6, "image": "ProductSubCategory/images/health-care-products772911ec-c3b8-4c2a-9dd5-acbc7c.jpg", "slug": "health-care-products5cb9af37-561e-45c2-8718-757a2fb18604", "created_on": "2022-09-03"}}, {"model": "supplier.productsubcategory", "pk": 37, "fields": {"name": "Household Medical Devices", "name_ar": "  ", "name_fr": "Dispositifs mdicaux du mnage", "name_de": "Haushaltsmediziner", "name_en": "Household Medical Devices", "category": 6, "image": "ProductSubCategory/images/household-medical-devicesf166746e-010c-435c-8ea1-4.jpg", "slug": "household-medical-devices8d0ce0ec-b5f3-4b6b-b078-6cc9c8e38f6d", "created_on": "2022-09-03"}}, {"model": "supplier.productsubcategory", "pk": 38, "fields": {"name": "Medical Consumables", "name_ar": "  ", "name_fr": "Consommables mdicaux", "name_de": "Medizinische Verbrauchsmaterialien", "name_en": "Medical Consumables", "category": 6, "image": "ProductSubCategory/images/medical-consumablesd3a6d4cb-8c74-4300-b635-6f16551.webp", "slug": "medical-consumablesbe52787e-f281-4d3a-ae9a-5fd65c121268", "created_on": "2022-09-03"}}, {"model": "supplier.productsubcategory", "pk": 39, "fields": {"name": "Professional Medical Devices", "name_ar": "  ", "name_fr": "Dispositifs mdicaux professionnels", "name_de": "Professionelle medizinische Gerte", "name_en": "Professional Medical Devices", "category": 6, "image": "ProductSubCategory/images/professional-medical-devices303c5d91-af7e-4b11-ad2.webp", "slug": "professional-medical-devices84bbdd0d-eb10-42a6-8f3d-5efd75bb0654", "created_on": "2022-09-03"}}, {"model": "supplier.productsubcategory", "pk": 40, "fields": {"name": "Sex Products", "name_ar": " ", "name_fr": "Produits sexuels", "name_de": "Sexprodukte", "name_en": "Sex Products", "category": 6, "image": "ProductSubCategory/images/sex-products99d7ad8a-ddfd-4a14-97cc-cae2ff9570c7-0.webp", "slug": "sex-products2ede3c17-47fd-41ff-9096-4b08988efa13", "created_on": "2022-09-03"}}, {"model": "supplier.productsubcategory", "pk": 41, "fields": {"name": "Other Medical Products", "name_ar": "  ", "name_fr": "Autres produits mdicaux", "name_de": "Andere medizinische Produkte", "name_en": "Other Medical Products", "category": 6, "image": "ProductSubCategory/images/other-medical-products5c917428-5c46-4b5f-bfd1-d6fa.jpg", "slug": "other-medical-products3b60a58f-4b07-44de-b4c6-39741ae40a7c", "created_on": "2022-09-03"}}, {"model": "supplier.productsubcategory", "pk": 42, "fields": {"name": "Beads & Jewelry Making", "name_ar": "  ", "name_fr": "Perles et bijoux", "name_de": "Perlen und Schmuckzustnde", "name_en": "Beads & Jewelry Making", "category": 7, "image": "ProductSubCategory/images/beads-jewelry-makingc7ef8b82-44ad-4ca5-bad3-6fa1ee.jpg", "slug": "beads-jewelry-making3f49478d-e6c4-4121-ab87-1afbbbcf0d52", "created_on": "2022-09-03"}}, {"model": "supplier.productsubcategory", "pk": 43, "fields": {"name": "Wedding & Engagement Jewelry", "name_ar": "  ", "name_fr": "Bijoux de mariage et de fianailles", "name_de": "Hochzeits- und Verlobungsschmuck", "name_en": "Wedding & Engagement Jewelry", "category": 7, "image": "ProductSubCategory/images/wedding-engagement-jewelry1529995a-c32e-4964-a12e-.jpg", "slug": "wedding-engagement-jewelry60510adc-c503-46af-9964-0104c4dc68df", "created_on": "2022-09-03"}}, {"model": "supplier.productsubcategory", "pk": 44, "fields": {"name": "Earrings", "name_ar": "", "name_fr": "Des boucles d'oreilles", "name_de": "Ohrringe", "name_en": "Earrings", "category": 7, "image": "ProductSubCategory/images/earrings03055561-aa2a-4934-917c-3d5e4c13e9a0-df861.jpg", "slug": "earrings76246fab-ad69-4c39-bde7-94ec9dfc8e32", "created_on": "2022-09-03"}}, {"model": "supplier.productsubcategory", "pk": 45, "fields": {"name": "Necklaces & Pendants", "name_ar": "", "name_fr": "colliers et pendentifs", "name_de": "Halsketten und Anhnger", "name_en": "Necklaces & Pendants", "category": 7, "image": "ProductSubCategory/images/necklaces-pendants9bd3304c-2f04-4736-81d7-ea2fa8e0.jpg", "slug": "necklaces-pendants1abae5aa-74cf-4a22-b2d7-ae6d52e6e7ca", "created_on": "2022-09-03"}}, {"model": "supplier.productsubcategory", "pk": 46, "fields": {"name": "Bracelets & Bangles", "name_ar": "", "name_fr": "Bracelets et bracelets", "name_de": "Armbnder & Armreifen", "name_en": "Bracelets & Bangles", "category": 7, "image": "ProductSubCategory/images/bracelets-banglesd66b5510-b0bc-4d1e-9343-c2b2c7973.jpg", "slug": "bracelets-bangles274f5b29-5abc-4cef-9915-17d7d96ad73a", "created_on": "2022-09-03"}}, {"model": "supplier.productsubcategory", "pk": 47, "fields": {"name": "Other Jewelry", "name_ar": " ", "name_fr": "Autres bijoux", "name_de": "Anderer Schmuck", "name_en": "Other Jewelry", "category": 7, "image": "ProductSubCategory/images/other-jewelry306acac5-ddb0-4bc8-94c5-4059dc79ca93-.jpg", "slug": "other-jewelry0d699f62-5f70-405e-b708-b5bca56543b1", "created_on": "2022-09-03"}}, {"model": "supplier.productsubcategory", "pk": 48, "fields": {"name": "Baby Food", "name_ar": " ", "name_fr": "Nourriture pour bbs", "name_de": "Babynahrung", "name_en": "Baby Food", "category": 8, "image": "ProductSubCategory/images/baby-fooda2e46b05-49bd-4e84-8b24-9e4c0208dadb-6a7a.webp", "slug": "baby-food681bd5ed-7d5f-4fbe-8654-3ead122fd3a6", "created_on": "2022-09-03"}}, {"model": "supplier.productsubcategory", "pk": 49, "fields": {"name": "Baked Foods", "name_ar": " ", "name_fr": "Aliments au four", "name_de": "Gebackene Lebensmittel", "name_en": "Baked Foods", "category": 8, "image": "ProductSubCategory/images/baked-foodsd568d058-87f8-4d8c-99ec-8b6fe2601baa-eb.webp", "slug": "baked-foodsfb14a40c-d4c7-4ad5-ab04-296d600bc718", "created_on": "2022-09-03"}}, {"model": "supplier.productsubcategory", "pk": 50, "fields": {"name": "Beverages", "name_ar": "", "name_fr": "Breuvages", "name_de": "Getrnke", "name_en": "Beverages", "category": 8, "image": "ProductSubCategory/images/beveragesc8c4a54e-5159-4ceb-b0d1-c012ece6f41c-00ba.webp", "slug": "beveragescbd012e5-5774-4cd1-adfb-6288a9ccdc94", "created_on": "2022-09-03"}}, {"model": "supplier.productsubcategory", "pk": 51, "fields": {"name": "Canned Food", "name_ar": " ", "name_fr": "Nourriture en bote", "name_de": "Dosen Essen", "name_en": "Canned Food", "category": 8, "image": "ProductSubCategory/images/canned-food74c71796-71c3-4f2e-ad71-ccecd5812233-21.webp", "slug": "canned-food79e7ae9c-16e8-4388-aa56-ab953bc3c20f", "created_on": "2022-09-03"}}, {"model": "supplier.productsubcategory", "pk": 52, "fields": {"name": "Confectionery", "name_ar": "", "name_fr": "Confiserie", "name_de": "Swaren", "name_en": "Confectionery", "category": 8, "image": "ProductSubCategory/images/confectionery48388651-5555-49ec-9fbd-38268778f916-.webp", "slug": "confectioneryaf34e88d-9405-41e6-9874-a4e05e0c120b", "created_on": "2022-09-03"}}, {"model": "supplier.productsubcategory", "pk": 53, "fields": {"name": "Dairy Products", "name_ar": " ", "name_fr": "Les produits laitiers", "name_de": "Milchprodukte", "name_en": "Dairy Products", "category": 8, "image": "ProductSubCategory/images/dairy-productsc33d7c3e-6fb8-46ef-9a39-be38dd0c6a7c.webp", "slug": "dairy-productsb48b43ef-b19f-48e8-aeb1-86bcd7a00156", "created_on": "2022-09-03"}}, {"model": "supplier.productsubcategory", "pk": 54, "fields": {"name": "Egg Products", "name_ar": " ", "name_fr": "Produits d'oeuf", "name_de": "Eierprodukte", "name_en": "Egg Products", "category": 8, "image": "ProductSubCategory/images/egg-productsed6e4d5e-e1e6-4b14-ae01-34f3497eb460-b.webp", "slug": "egg-products5868ac8e-a7e1-48e0-9da1-2b12d9f012c9", "created_on": "2022-09-03"}}, {"model": "supplier.productsubcategory", "pk": 55, "fields": {"name": "Other Food", "name_ar": " ", "name_fr": "Autre nourriture", "name_de": "Anderes Essen", "name_en": "Other Food", "category": 8, "image": "ProductSubCategory/images/other-food8b2ce97f-cbce-4b5c-af95-3a9d2a4bb91b-338.webp", "slug": "other-foodef14903d-5ab1-4769-bdaa-62062347098a", "created_on": "2022-09-03"}}, {"model": "supplier.productsubcategory", "pk": 56, "fields": {"name": "Environmental Products", "name_ar": " ", "name_fr": "Produits environnementaux", "name_de": "Umweltprodukte", "name_en": "Environmental Products", "category": 9, "image": "ProductSubCategory/images/environmental-productsdaefd254-5f2c-4791-be2b-eb59.jpg", "slug": "environmental-products0b449ec4-29b0-4c42-ba13-46e5fe7b023e", "created_on": "2022-09-03"}}, {"model": "supplier.productsubcategory", "pk": 57, "fields": {"name": "Other Environment and Recycling Products", "name_ar": "    ", "name_fr": "Autres produits environnementaux et recyclage", "name_de": "Andere Umgebung und Recyclingprodukte", "name_en": "Other Environment and Recycling Products", "category": 9, "image": "ProductSubCategory/images/other-environment-and-recycling-products23606386-1.jpg", "slug": "other-environment-and-recycling-products70e901ed-d2f1-4506-86b8-5bf3adfdc5a2", "created_on": "2022-09-03"}}, {"model": "supplier.productsubcategory", "pk": 58, "fields": {"name": "Recycling Products", "name_ar": "  ", "name_fr": "Recyclage des produits", "name_de": "Recyclingprodukte", "name_en": "Recycling Products", "category": 9, "image": "ProductSubCategory/images/recycling-productsf6e88d90-91d3-422e-b44c-1de83be4.jpg", "slug": "recycling-products451876c7-164f-47f4-885d-71ee21ea07a3", "created_on": "2022-09-03"}}, {"model": "supplier.productsubcategory", "pk": 59, "fields": {"name": "Biodiesel and Biogas", "name_ar": "    ", "name_fr": "Biodiesel et biogaz", "name_de": "Biodiesel und Biogas", "name_en": "Biodiesel and Biogas", "category": 10, "image": "ProductSubCategory/images/biodiesel-and-biogaseb88cfae-e81e-4477-8f80-d07242.jpg", "slug": "biodiesel-and-biogasb7459efa-2001-4d07-8d7e-f9036e7dc91d", "created_on": "2022-09-03"}}, {"model": "supplier.productsubcategory", "pk": 60, "fields": {"name": "Charcoal and Coal", "name_ar": " ", "name_fr": "Charbon de bois et charbon", "name_de": "Holzkohle und Kohle", "name_en": "Charcoal and Coal", "category": 10, "image": "ProductSubCategory/images/charcoal-and-coal53a19c0d-b359-4636-9ee0-f4f40290d.webp", "slug": "charcoal-and-coal3292239d-9a37-43ec-82da-e1ee75b22dde", "created_on": "2022-09-03"}}, {"model": "supplier.productsubcategory", "pk": 61, "fields": {"name": "Solar", "name_ar": "", "name_fr": "Solaire", "name_de": "Solar", "name_en": "Solar", "category": 10, "image": "ProductSubCategory/images/solar16841afc-a128-4da1-b4f4-a632deb24b6c-f08ea996.webp", "slug": "solar8a29a63e-b3d6-4eb6-afeb-24a841a05f07", "created_on": "2022-09-03"}}, {"model": "supplier.productsubcategory", "pk": 62, "fields": {"name": "Other Energy Sector Products", "name_ar": "   ", "name_fr": "Autres produits du secteur de l'nergie", "name_de": "Andere Produkte des Energiesektors", "name_en": "Other Energy Sector Products", "category": 10, "image": "ProductSubCategory/images/other-energy-sector-products149a9675-7712-4654-921.webp", "slug": "other-energy-sector-productsc251a3d5-1fae-4fc2-a4f1-8da08d499aab", "created_on": "2022-09-03"}}, {"model": "supplier.productsubcategory", "pk": 63, "fields": {"name": "Electrical Instruments", "name_ar": " ", "name_fr": "Instruments lectriques", "name_de": "Elektrische Instrumente", "name_en": "Electrical Instruments", "category": 11, "image": "ProductSubCategory/images/electrical-instruments31ceff44-0214-4283-a838-9d12.jpg", "slug": "electrical-instruments2a1a0adc-5274-4d67-bfd7-88f65fcf1d65", "created_on": "2022-09-03"}}, {"model": "supplier.productsubcategory", "pk": 64, "fields": {"name": "Electrical Supplies", "name_ar": " ", "name_fr": "Materiel electrique", "name_de": "Elektrischen Ausrstungen", "name_en": "Electrical Supplies", "category": 11, "image": "ProductSubCategory/images/electrical-supplies6641051e-4e9e-4b22-8551-573b365.jpg", "slug": "electrical-suppliescb5405b7-1f66-489a-93ed-4b30e8169d8e", "created_on": "2022-09-03"}}, {"model": "supplier.productsubcategory", "pk": 65, "fields": {"name": "Generators", "name_ar": " ", "name_fr": "Generators", "name_de": "Generatoren", "name_en": "Generators", "category": 11, "image": "ProductSubCategory/images/generatorsc6d109e6-2596-4070-900e-49b0d5c69eee-62c.jpg", "slug": "generatorse02253da-4264-47c3-a3b2-b7b5262dad41", "created_on": "2022-09-03"}}, {"model": "supplier.productsubcategory", "pk": 66, "fields": {"name": "Industrial Controls", "name_ar": " ", "name_fr": "Commandes industrielles", "name_de": "Industriekontrollen", "name_en": "Industrial Controls", "category": 11, "image": "ProductSubCategory/images/industrial-controlsf22a968f-3be8-4d38-a254-7dd7074.webp", "slug": "industrial-controls98dfef42-2da3-4f58-a6bc-d83feae7c9a2", "created_on": "2022-09-03"}}, {"model": "supplier.productsubcategory", "pk": 67, "fields": {"name": "Low Voltage Products", "name_ar": "  ", "name_fr": "Produits basse tension", "name_de": "Niedrige Spannungsprodukte", "name_en": "Low Voltage Products", "category": 11, "image": "ProductSubCategory/images/low-voltage-products3b31fc5b-ba64-43c8-b0b1-957d01.jpg", "slug": "low-voltage-products6789f51c-ad21-41e9-869d-bbbd92b9661e", "created_on": "2022-09-03"}}, {"model": "supplier.productsubcategory", "pk": 68, "fields": {"name": "Medium & High Voltage Products", "name_ar": "   ", "name_fr": "Produits moyens et haute tension", "name_de": "Medien- und Hochspannungsprodukte", "name_en": "Medium & High Voltage Products", "category": 11, "image": "ProductSubCategory/images/medium-high-voltage-products87cc2e4f-1963-403a-967.jpg", "slug": "medium-high-voltage-productsc0573d23-1c40-4899-9313-c203bf54eb8e", "created_on": "2022-09-03"}}, {"model": "supplier.productsubcategory", "pk": 69, "fields": {"name": "Power Supplies", "name_ar": " ", "name_fr": "Alimentation lectrique", "name_de": "Netzteile", "name_en": "Power Supplies", "category": 11, "image": "ProductSubCategory/images/power-suppliesdf8cf19e-149d-42f6-a08d-24d6c7ee30f9.jpg", "slug": "power-suppliesc4401cdb-157b-437e-97fa-576d9bfb79fc", "created_on": "2022-09-03"}}, {"model": "supplier.productsubcategory", "pk": 70, "fields": {"name": "Other Electrical Equipment", "name_ar": "  ", "name_fr": "Autres quipements lectriques", "name_de": "Andere elektrische Gerte", "name_en": "Other Electrical Equipment", "category": 11, "image": "ProductSubCategory/images/other-electrical-equipmentb1226bbe-cb93-471c-ac09-.jpg", "slug": "other-electrical-equipment4e96af05-1305-482c-a87d-24752da191ae", "created_on": "2022-09-03"}}, {"model": "supplier.productsubcategory", "pk": 71, "fields": {"name": "Camera, Photo & Accessories", "name_ar": "  ", "name_fr": "Appareil photo, photo et accessoires", "name_de": "Kamera, Foto und Zubehr", "name_en": "Camera, Photo & Accessories", "category": 12, "image": "ProductSubCategory/images/camera-photo-accessories4f52b9a6-6fc3-4ac1-91ce-56.webp", "slug": "camera-photo-accessories5cdae4b8-1c1f-4778-9ba2-9c5fee2794a4", "created_on": "2022-09-03"}}, {"model": "supplier.productsubcategory", "pk": 72, "fields": {"name": "Chargers, Batteries & Power Supplies", "name_ar": "    ", "name_fr": "Chargeurs, batteries et alimentations", "name_de": "Ladegerte, Batterien und Netzteile", "name_en": "Chargers, Batteries & Power Supplies", "category": 12, "image": "ProductSubCategory/images/chargers-batteries-power-suppliesab26032e-8601-4de.jpg", "slug": "chargers-batteries-power-suppliesa3be3640-1974-44ca-aa45-f4f2ed12d81b", "created_on": "2022-09-03"}}, {"model": "supplier.productsubcategory", "pk": 73, "fields": {"name": "Computer Hardware & Software", "name_ar": "  ", "name_fr": "Matriel informatique et logiciel", "name_de": "Computerhardware und Software", "name_en": "Computer Hardware & Software", "category": 12, "image": "ProductSubCategory/images/computer-hardware-softwarebd2c5d7a-133a-4f10-870c-.webp", "slug": "computer-hardware-software78511ae5-faf8-42a7-8567-c8af0a43bcc9", "created_on": "2022-09-03"}}, {"model": "supplier.productsubcategory", "pk": 74, "fields": {"name": "Earphone & Headphone & Accessories", "name_ar": "    ", "name_fr": "couteurs et casque et accessoires", "name_de": "Kopfhone und Kopfhrer und Zubehr", "name_en": "Earphone & Headphone & Accessories", "category": 12, "image": "ProductSubCategory/images/earphone-headphone-accessories41a66ae0-10ca-4449-a.webp", "slug": "earphone-headphone-accessoriesdceb562f-8ee3-4122-b532-269abd4b41c5", "created_on": "2022-09-03"}}, {"model": "supplier.productsubcategory", "pk": 75, "fields": {"name": "Electronic Publications", "name_ar": " ", "name_fr": "Publications lectroniques", "name_de": "Elektronische Verffentlichungen", "name_en": "Electronic Publications", "category": 12, "image": "ProductSubCategory/images/electronic-publications52748f03-97d2-492b-accf-4f2.webp", "slug": "electronic-publications093e4966-9ff9-498b-916d-86df0c77080c", "created_on": "2022-09-03"}}, {"model": "supplier.productsubcategory", "pk": 76, "fields": {"name": "Home Audio, Video Accessories", "name_ar": "    ", "name_fr": "Audio domestique, accessoires vido", "name_de": "Home -Audio, Videozubehr", "name_en": "Home Audio, Video Accessories", "category": 12, "image": "ProductSubCategory/images/home-audio-video-accessories54656dbf-b423-4089-848.webp", "slug": "home-audio-video-accessories9774dc16-56fd-46b2-8bdd-de9915dd6295", "created_on": "2022-09-03"}}, {"model": "supplier.productsubcategory", "pk": 77, "fields": {"name": "Mobile Phone & Accessories", "name_ar": "  ", "name_fr": "Accessoires de tlphonie mobile", "name_de": "Handy-Zubehr", "name_en": "Mobile Phone & Accessories", "category": 12, "image": "ProductSubCategory/images/mobile-phone-accessories01beba14-fbf0-4fbf-944d-fb.webp", "slug": "mobile-phone-accessoriesea20d398-c774-4d7f-95ec-aa3969d51ca4", "created_on": "2022-09-03"}}, {"model": "supplier.productsubcategory", "pk": 78, "fields": {"name": "Other Consumer Electronics", "name_ar": "  ", "name_fr": "Autres lectroniques grand public", "name_de": "Andere Unterhaltungselektronik", "name_en": "Other Consumer Electronics", "category": 12, "image": "ProductSubCategory/images/other-consumer-electronicse9838de0-6d2c-482d-80c9-.webp", "slug": "other-consumer-electronics083a2c89-add4-464f-8f36-d2a7615429ec", "created_on": "2022-09-03"}}, {"model": "supplier.productsubcategory", "pk": 79, "fields": {"name": "Alarms", "name_ar": "", "name_fr": "Alarmes", "name_de": "Alarm", "name_en": "Alarms", "category": 13, "image": "ProductSubCategory/images/alarms764d7dc0-09c4-49ad-8f33-5b7425dced02-be93d9d.webp", "slug": "alarmsb5787f3f-bd44-4c81-a41e-0333eb65a7bb", "created_on": "2022-09-03"}}, {"model": "supplier.productsubcategory", "pk": 80, "fields": {"name": "Self Defense Supplies", "name_ar": "   ", "name_fr": "Fournitures d'autodfense", "name_de": "Selbstverteidigungsvorrte", "name_en": "Self Defense Supplies", "category": 13, "image": "ProductSubCategory/images/self-defense-supplies02a89d0f-317c-4b24-8404-7b176.jpg", "slug": "self-defense-supplies49898ba8-9c46-4a1f-905e-cd88cdce0b84", "created_on": "2022-09-03"}}, {"model": "supplier.productsubcategory", "pk": 81, "fields": {"name": "Surveillance Products", "name_ar": " ", "name_fr": "Produits de surveillance", "name_de": "berwachungsprodukte", "name_en": "Surveillance Products", "category": 13, "image": "ProductSubCategory/images/surveillance-products36249510-9e60-47d8-95fc-da8cf.webp", "slug": "surveillance-productsfe89b273-d4cf-4f43-92f7-ad3ca9416a64", "created_on": "2022-09-03"}}, {"model": "supplier.productsubcategory", "pk": 82, "fields": {"name": "Locks & Keys", "name_ar": " ", "name_fr": "Serrures et cls", "name_de": "Schlsser & Keys", "name_en": "Locks & Keys", "category": 13, "image": "ProductSubCategory/images/locks-keyscd91592e-a7fd-4081-bc1a-5df5dba5cdde-8e1.jpg", "slug": "locks-keysa81b20df-166c-4327-bdf0-c0940dec6cf5", "created_on": "2022-09-03"}}, {"model": "supplier.productsubcategory", "pk": 83, "fields": {"name": "Safes", "name_ar": "", "name_fr": "Coffres", "name_de": "Safes", "name_en": "Safes", "category": 13, "image": "ProductSubCategory/images/safes404070bc-33f8-4de2-99b2-0e4ce07d2d29-a9098ff7.jpg", "slug": "safesc5f65bb0-511e-41db-aa46-14caf3385893", "created_on": "2022-09-03"}}, {"model": "supplier.productsubcategory", "pk": 84, "fields": {"name": "IoT Solutions & Software", "name_ar": "   ", "name_fr": "Solutions et logiciels IoT", "name_de": "IoT Solutions & Software", "name_en": "IoT Solutions & Software", "category": 13, "image": "ProductSubCategory/images/iot-solutions-softwared18347b1-1503-458c-8fcf-5b17.webp", "slug": "iot-solutions-softwareee6f7bf3-2f9c-4659-a0ac-57b01d7779c6", "created_on": "2022-09-03"}}, {"model": "supplier.productsubcategory", "pk": 85, "fields": {"name": "", "name_ar": "", "name_fr": "", "name_de": "", "name_en": "", "category": 13, "image": "", "slug": "546681b4-c277-4828-a1cf-a1f01660a86b", "created_on": "2022-09-03"}}, {"model": "supplier.productsubcategory", "pk": 86, "fields": {"name": "Balustrades & Handrails", "name_ar": " ", "name_fr": "Balustrades et mains courantes", "name_de": "Balustraden & Handlufe", "name_en": "Balustrades & Handrails", "category": 14, "image": "ProductSubCategory/images/balustrades-handrails870675d6-0d3c-4d07-a3c0-abd03.jpg", "slug": "balustrades-handrailsc0a70879-b91b-46a0-8fb0-bc7860731654", "created_on": "2022-09-03"}}, {"model": "supplier.productsubcategory", "pk": 87, "fields": {"name": "Bathroom & Kitchen", "name_ar": " ", "name_fr": "Salle de bain et cuisine", "name_de": "Badezimmer & Kche", "name_en": "Bathroom & Kitchen", "category": 14, "image": "ProductSubCategory/images/bathroom-kitchen3d2b39a4-8a3b-450c-8676-b61d4161e7.jpg", "slug": "bathroom-kitchen6ee99ef2-cc71-4b70-b055-767041b40746", "created_on": "2022-09-03"}}, {"model": "supplier.productsubcategory", "pk": 88, "fields": {"name": "Building & Industrial Glass", "name_ar": "  ", "name_fr": "Btiment et verre industriel", "name_de": "Gebude- und Industrieglas", "name_en": "Building & Industrial Glass", "category": 14, "image": "ProductSubCategory/images/building-industrial-glassc181150f-a729-47b9-97ca-b.jpg", "slug": "building-industrial-glassb41f3494-8347-42f0-acc2-f9d0b93ae8df", "created_on": "2022-09-03"}}, {"model": "supplier.productsubcategory", "pk": 89, "fields": {"name": "Building Boards", "name_ar": " ", "name_fr": "Conseils d'immeuble", "name_de": "Baubretter", "name_en": "Building Boards", "category": 14, "image": "ProductSubCategory/images/building-boardseb2da591-bcff-410a-8a1e-8c5a5bfec8a.jpg", "slug": "building-boardsa0c9185d-4b67-496f-8753-4930dbab1f7c", "created_on": "2022-09-03"}}, {"model": "supplier.productsubcategory", "pk": 90, "fields": {"name": "Ceilings", "name_ar": "", "name_fr": "Plafonds", "name_de": "Decken", "name_en": "Ceilings", "category": 14, "image": "ProductSubCategory/images/ceilings6c334488-2094-4332-a2f6-141be19aad32-92839.jpg", "slug": "ceilingse7e25ba1-8a96-4847-997a-4c74d92a5331", "created_on": "2022-09-03"}}, {"model": "supplier.productsubcategory", "pk": 91, "fields": {"name": "Corner Guards", "name_ar": " ", "name_fr": "Gardes d'angle", "name_de": "Eckwchter", "name_en": "Corner Guards", "category": 14, "image": "ProductSubCategory/images/corner-guardse71ec2b1-6c94-4a66-a01e-309c04fdc7f7-.jpg", "slug": "corner-guards58c5b20a-284c-4e12-a1e9-6955832bca1a", "created_on": "2022-09-03"}}, {"model": "supplier.productsubcategory", "pk": 92, "fields": {"name": "Door, Window & Accessories", "name_ar": "   ", "name_fr": "Porte, fentre et accessoires", "name_de": "Tr, Fenster und Zubehr", "name_en": "Door, Window & Accessories", "category": 14, "image": "ProductSubCategory/images/door-window-accessoriescd1e31d4-25e9-4eea-884a-dd8.jpg", "slug": "door-window-accessories699152d1-7d31-4829-a89d-16b031015866", "created_on": "2022-09-03"}}, {"model": "supplier.productsubcategory", "pk": 93, "fields": {"name": "Earthwork Products", "name_ar": " ", "name_fr": "Produits de terrassement", "name_de": "Erdarbeitsprodukte", "name_en": "Earthwork Products", "category": 14, "image": "ProductSubCategory/images/earthwork-products4046a9e5-fa27-4244-b538-e405b4da.jpg", "slug": "earthwork-products4d481731-0272-4abb-a92e-3f03c4724985", "created_on": "2022-09-03"}}, {"model": "supplier.productsubcategory", "pk": 94, "fields": {"name": "Other Construction Products", "name_ar": "  ", "name_fr": "Autres produits de construction", "name_de": "Andere Bauprodukte", "name_en": "Other Construction Products", "category": 14, "image": "ProductSubCategory/images/other-construction-products00c6b493-c9dd-47f6-b376.jpg", "slug": "other-construction-products3d693ed9-e986-4502-8820-231530cd956d", "created_on": "2022-09-03"}}, {"model": "supplier.productsubcategory", "pk": 95, "fields": {"name": "Sanitary Paper", "name_ar": " ", "name_fr": "Papier sanitaire", "name_de": "Sanitrpapier", "name_en": "Sanitary Paper", "category": 15, "image": "ProductSubCategory/images/sanitary-paper80478565-76d5-4840-ba8f-73626924b6bd.webp", "slug": "sanitary-paper1a229c13-a93d-4ecf-88c2-91ab1a8888c5", "created_on": "2022-09-03"}}, {"model": "supplier.productsubcategory", "pk": 96, "fields": {"name": "Oral Hygiene", "name_ar": " ", "name_fr": "Hygine buccale", "name_de": "Mundhygiene", "name_en": "Oral Hygiene", "category": 15, "image": "ProductSubCategory/images/oral-hygienef6f1ed23-bee8-4d24-a780-9fc8c123ae4a-c.webp", "slug": "oral-hygieneefb95936-9d02-48b0-b583-57b143e269bd", "created_on": "2022-09-03"}}, {"model": "supplier.productsubcategory", "pk": 97, "fields": {"name": "Skin Care", "name_ar": " ", "name_fr": "Soins de la peau", "name_de": "Hautpflege", "name_en": "Skin Care", "category": 15, "image": "ProductSubCategory/images/skin-care64dd0db8-9223-4ea8-942b-50301882619a-7114.webp", "slug": "skin-care9414f141-91e4-4254-b4cd-42b1232e2f13", "created_on": "2022-09-03"}}, {"model": "supplier.productsubcategory", "pk": 98, "fields": {"name": "Makeup", "name_ar": "", "name_fr": "Se maquiller", "name_de": "Bilden", "name_en": "Makeup", "category": 15, "image": "ProductSubCategory/images/makeup8b07d0bf-0150-4fcd-8a91-42bd3cb3d629-3f75969.webp", "slug": "makeup0e983963-89d1-4e3b-9a62-d27f82e66139", "created_on": "2022-09-03"}}, {"model": "supplier.productsubcategory", "pk": 99, "fields": {"name": "Shaving & Hair Removal", "name_ar": "  ", "name_fr": "Rasage et pilation", "name_de": "Rasier- und Haarentfernung", "name_en": "Shaving & Hair Removal", "category": 15, "image": "ProductSubCategory/images/shaving-hair-removal60897186-f930-4e81-a65b-682cf3.jpg", "slug": "shaving-hair-removal7ec908ff-1084-40af-8002-a645c6f30241", "created_on": "2022-09-03"}}, {"model": "supplier.productsubcategory", "pk": 100, "fields": {"name": "Bath & Shower", "name_ar": " ", "name_fr": "Bain douche", "name_de": "Bath & Dusche", "name_en": "Bath & Shower", "category": 15, "image": "ProductSubCategory/images/bath-shower01a788a7-5eca-4f1c-bffa-5285b4d168fb-af.webp", "slug": "bath-showerd04dd5a6-b627-4509-91f7-3e35e9aad37c", "created_on": "2022-09-03"}}, {"model": "supplier.productsubcategory", "pk": 101, "fields": {"name": "Hair Care & Styling", "name_ar": "  ", "name_fr": "Soins capillaires et coiffure", "name_de": "Haarpflege & Styling", "name_en": "Hair Care & Styling", "category": 15, "image": "ProductSubCategory/images/hair-care-styling120b75eb-f79b-40e4-a4fd-c6c51b1c4.jpg", "slug": "hair-care-styling08414cc0-9073-40bb-9e2a-6950c858a18d", "created_on": "2022-09-03"}}, {"model": "supplier.productsubcategory", "pk": 102, "fields": {"name": "Fragrances & Deodorants", "name_ar": "  ", "name_fr": "Parfums et dodorants", "name_de": "Duft- und Deodorants", "name_en": "Fragrances & Deodorants", "category": 15, "image": "ProductSubCategory/images/fragrances-deodorants6ac30587-15a6-4f64-bfe7-612fa.webp", "slug": "fragrances-deodorantsfb4e6a8e-05f6-402a-a9dd-d3924c06c01c", "created_on": "2022-09-03"}}, {"model": "supplier.productsubcategory", "pk": 103, "fields": {"name": "Tattoo & Body Art", "name_ar": "  ", "name_fr": "Tatouage et art corporel", "name_de": "Tattoo & Krperkunst", "name_en": "Tattoo & Body Art", "category": 15, "image": "ProductSubCategory/images/tattoo-body-artc28ee07d-f08d-47d7-97e8-70d78e8b17d.webp", "slug": "tattoo-body-artcad104a2-314f-419e-98a5-1629d37621a0", "created_on": "2022-09-03"}}, {"model": "supplier.productsubcategory", "pk": 104, "fields": {"name": "Men's Pants", "name_ar": " ", "name_fr": "Pantalon masculin", "name_de": "Mnnerhosen", "name_en": "Men's Pants", "category": 16, "image": "ProductSubCategory/images/mens-pantsf0cbeea4-0abc-4f85-b4d1-a6cdbf35789d-500.webp", "slug": "mens-pants74a109b9-1ba0-485c-beb9-b5ac9c48b824", "created_on": "2022-09-03"}}, {"model": "supplier.productsubcategory", "pk": 105, "fields": {"name": "Men's Shirts", "name_ar": " ", "name_fr": "Chemises pour hommes", "name_de": "Mnnershirts", "name_en": "Men's Shirts", "category": 16, "image": "ProductSubCategory/images/mens-shirtsfa42f935-45b2-44fe-8dda-2bced82c5f83-ba.webp", "slug": "mens-shirtsdab3a02e-c14c-4f40-b365-1a9b232d0cb6", "created_on": "2022-09-03"}}, {"model": "supplier.productsubcategory", "pk": 106, "fields": {"name": "Men's Sweaters", "name_ar": " ", "name_fr": "Pulls masculins", "name_de": "Mnnerpullover", "name_en": "Men's Sweaters", "category": 16, "image": "ProductSubCategory/images/mens-sweaters53527e48-e476-42d7-8c3c-6a0302176318-.webp", "slug": "mens-sweaters45ad0228-88fb-4088-ba4d-9a63300dafae", "created_on": "2022-09-03"}}, {"model": "supplier.productsubcategory", "pk": 107, "fields": {"name": "Suits & Blazers", "name_ar": "  Blazers", "name_fr": "Costumes et blazers", "name_de": "Anzge und Blazer", "name_en": "Suits & Blazers", "category": 16, "image": "ProductSubCategory/images/suits-blazerse3f7989e-7cb8-4700-9492-97538de88d1a-.webp", "slug": "suits-blazersecddbad8-dc3d-45d7-909d-74544754fe87", "created_on": "2022-09-03"}}, {"model": "supplier.productsubcategory", "pk": 108, "fields": {"name": "Men's Jackets & Coats", "name_ar": "  ", "name_fr": "Vestes et manteaux pour hommes", "name_de": "Herrenjacken & Mntel", "name_en": "Men's Jackets & Coats", "category": 16, "image": "ProductSubCategory/images/mens-jackets-coats7ba28929-653f-42f1-b6ea-52e53c98.jpg", "slug": "mens-jackets-coats0a699d25-4fa0-44ed-a3cc-48382b42746b", "created_on": "2022-09-03"}}, {"model": "supplier.productsubcategory", "pk": 109, "fields": {"name": "Casual Shorts", "name_ar": "  ", "name_fr": "Short dcontract", "name_de": "Gelegenheitsshorts", "name_en": "Casual Shorts", "category": 16, "image": "ProductSubCategory/images/casual-shorts6d3b1284-5a43-4003-9599-26c13024ab6f-.webp", "slug": "casual-shortsc1cd8692-57c6-460d-9cd3-7fe4b3debcdc", "created_on": "2022-09-03"}}, {"model": "supplier.productsubcategory", "pk": 110, "fields": {"name": "Hoodies & Sweatshirts", "name_ar": " ", "name_fr": "Sweats  capuche et pulls molletonns", "name_de": "Hoodies & Sweatshirts", "name_en": "Hoodies & Sweatshirts", "category": 16, "image": "ProductSubCategory/images/hoodies-sweatshirts578b3e5f-4b85-4c46-a309-007d5c6.jpg", "slug": "hoodies-sweatshirtsd795e043-f899-445c-94f1-1ea9f55f410f", "created_on": "2022-09-03"}}, {"model": "supplier.productsubcategory", "pk": 111, "fields": {"name": "Other Mens' Clothes", "name_ar": "  ", "name_fr": "Autres vtements pour hommes", "name_de": "Kleidung anderer Mnner", "name_en": "Other Mens' Clothes", "category": 16, "image": "ProductSubCategory/images/other-mens-clothes318139a0-5c65-4fe4-81bb-8cbae068.jpg", "slug": "other-mens-clothes9f54bff7-cb23-412e-9d31-fbced32983fa", "created_on": "2022-09-03"}}, {"model": "supplier.productsubcategory", "pk": 112, "fields": {"name": "Agricultural Machinery Parts", "name_ar": "  ", "name_fr": "Pices de machines agricoles", "name_de": "Landwirtschaftliche Maschinenteile", "name_en": "Agricultural Machinery Parts", "category": 17, "image": "ProductSubCategory/images/agricultural-machinery-partse79df2d7-3a88-4ab1-aad.jpg", "slug": "agricultural-machinery-partsb3b06713-1efa-4eb5-b467-838ab92bcc2e", "created_on": "2022-09-09"}}, {"model": "supplier.productsubcategory", "pk": 113, "fields": {"name": "Agricultural Sprayers", "name_ar": " ", "name_fr": "Pulvrisateurs agricoles", "name_de": "Landwirtschaftliche Sprhgerte", "name_en": "Agricultural Sprayers", "category": 17, "image": "ProductSubCategory/images/agricultural-sprayersb4d97546-d00d-4e2a-a6c6-ff23d.jpg", "slug": "agricultural-sprayers6a7a663b-0fef-4569-bffe-7711a84eb972", "created_on": "2022-09-09"}}, {"model": "supplier.productsubcategory", "pk": 114, "fields": {"name": "Cultivators", "name_ar": "", "name_fr": "Cultivators", "name_de": "Kultivierenden", "name_en": "Cultivators", "category": 17, "image": "ProductSubCategory/images/cultivatorsf27fb935-1664-4bff-b48f-fbe116a88df0-4f.jpg", "slug": "cultivatorsb20a1055-820b-4fa7-9e1e-721fd05ece21", "created_on": "2022-09-09"}}, {"model": "supplier.productsubcategory", "pk": 115, "fields": {"name": "Farm Irrigation Systems", "name_ar": "  ", "name_fr": "Systmes d'irrigation agricole", "name_de": "Farmbewsserungssysteme", "name_en": "Farm Irrigation Systems", "category": 17, "image": "ProductSubCategory/images/farm-irrigation-systems238b2069-697f-43a4-8304-9f1.jpg", "slug": "farm-irrigation-systems8ac783dd-43f9-43fd-b0cd-5e5e86f01bdd", "created_on": "2022-09-09"}}, {"model": "supplier.productsubcategory", "pk": 116, "fields": {"name": "Fertilizer Spreaders", "name_ar": " ", "name_fr": "pandeurs d'engrais", "name_de": "Dngerstreuer", "name_en": "Fertilizer Spreaders", "category": 17, "image": "ProductSubCategory/images/fertilizer-spreaderse6de0094-ccf3-4ac6-a290-55ab50.jpg", "slug": "fertilizer-spreadersdabcd59d-1171-4042-998f-0e4b5467caf3", "created_on": "2022-09-09"}}, {"model": "supplier.productsubcategory", "pk": 117, "fields": {"name": "Baby Stroller & Accessories", "name_ar": "  ", "name_fr": "Poussette et accessoires pour bb", "name_de": "Kinderwagen & Accessoires", "name_en": "Baby Stroller & Accessories", "category": 18, "image": "ProductSubCategory/images/baby-stroller-accessories7948cd53-60e0-4b3b-8cb3-b.jpg", "slug": "baby-stroller-accessories6d3980d0-f709-4fa7-9777-477ea82df2bc", "created_on": "2022-09-09"}}, {"model": "supplier.productsubcategory", "pk": 118, "fields": {"name": "Baby Souvenirs", "name_ar": " ", "name_fr": "Bb souvenirs", "name_de": "Baby Souvenirs", "name_en": "Baby Souvenirs", "category": 18, "image": "ProductSubCategory/images/baby-souvenirsa93ee79e-43d7-4eaa-aa65-63c32df6f6ee.jpg", "slug": "baby-souvenirsadde3036-27c3-482f-86c4-97fecaf3841b", "created_on": "2022-09-09"}}, {"model": "supplier.productsubcategory", "pk": 119, "fields": {"name": "Baby Care", "name_ar": " ", "name_fr": "Soins bb", "name_de": "Suglingspflege", "name_en": "Baby Care", "category": 18, "image": "ProductSubCategory/images/baby-care5ce79971-5e57-4997-b7d1-af8832ed4adf-5569.jpg", "slug": "baby-care5c8f44d4-fdd0-4fee-9c78-805b250e2d8b", "created_on": "2022-09-09"}}, {"model": "supplier.productsubcategory", "pk": 120, "fields": {"name": "Baby Shoes", "name_ar": " ", "name_fr": "Chaussures de bb", "name_de": "Baby Schuhe", "name_en": "Baby Shoes", "category": 18, "image": "ProductSubCategory/images/baby-shoes10ba1b52-9397-4790-9308-6092e801fed3-cdc.jpg", "slug": "baby-shoes531f95c5-13c2-49fe-912a-63fc4dd4aee1", "created_on": "2022-09-09"}}, {"model": "supplier.productsubcategory", "pk": 121, "fields": {"name": "Matching Family Outfits", "name_ar": "  ", "name_fr": "Tenues familiales assorties", "name_de": "Passende Familienoutfits", "name_en": "Matching Family Outfits", "category": 18, "image": "ProductSubCategory/images/matching-family-outfitsd316c2eb-b295-4bcf-a305-404.jpg", "slug": "matching-family-outfitse0506af3-e017-4474-9023-5fa1f356180f", "created_on": "2022-09-09"}}, {"model": "supplier.productsubcategory", "pk": 122, "fields": {"name": "Adhesives & Sealants", "name_ar": "  ", "name_fr": "Adhsifs et scellants", "name_de": "Klebstoffe und Dichtungsmittel", "name_en": "Adhesives & Sealants", "category": 19, "image": "ProductSubCategory/images/adhesives-sealantsa417ba12-9eff-465e-813f-ad45436b.jpg", "slug": "adhesives-sealantsbe6fcd6d-c93f-4e1b-9a8f-002dc3a25949", "created_on": "2022-09-09"}}, {"model": "supplier.productsubcategory", "pk": 123, "fields": {"name": "Admixture & Additives", "name_ar": " ", "name_fr": "Mlange et additifs", "name_de": "Beimischung & Zusatzstoffe", "name_en": "Admixture & Additives", "category": 19, "image": "ProductSubCategory/images/admixture-additives8892c491-1d1e-49bd-94d2-bd0b86f.jpg", "slug": "admixture-additives16987679-840c-426b-a2e7-923afef5beae", "created_on": "2022-09-09"}}, {"model": "supplier.productsubcategory", "pk": 124, "fields": {"name": "Catalysts", "name_ar": "", "name_fr": "Catalyseurs", "name_de": "Katalysatoren", "name_en": "Catalysts", "category": 19, "image": "ProductSubCategory/images/catalysts1e3a462e-ffdd-4d30-87e7-ec8661c9e3e0-5a41.jpg", "slug": "catalystsf7b15310-128f-421f-8bfe-936e470c7608", "created_on": "2022-09-09"}}, {"model": "supplier.productsubcategory", "pk": 125, "fields": {"name": "Agrochemicals", "name_ar": " ", "name_fr": "Agrochimiques", "name_de": "Agrochemikalien", "name_en": "Agrochemicals", "category": 19, "image": "ProductSubCategory/images/agrochemicalsc9573197-3766-4ac1-b621-e42f43a710c4-.jpg", "slug": "agrochemicals057e5ddd-eb61-4fce-b453-f9b59d72e8be", "created_on": "2022-09-09"}}, {"model": "supplier.productsubcategory", "pk": 126, "fields": {"name": "Biological Chemical Products", "name_ar": "  ", "name_fr": "Produits chimiques biologiques", "name_de": "Biologische chemische Produkte", "name_en": "Biological Chemical Products", "category": 19, "image": "ProductSubCategory/images/biological-chemical-products4ab18881-3691-44ad-946.jpg", "slug": "biological-chemical-productsc6156ded-863d-4483-be69-10a4ba73b7af", "created_on": "2022-09-09"}}, {"model": "supplier.productsubcategory", "pk": 127, "fields": {"name": "Animal Feeds", "name_ar": " ", "name_fr": "Animaux", "name_de": "Tierfutter", "name_en": "Animal Feeds", "category": 20, "image": "ProductSubCategory/images/animal-feeds7917189d-41c1-4868-83bf-70b20f5f2a24-1.jpg", "slug": "animal-feeds86744ccc-1243-48ed-93c3-208a743d7780", "created_on": "2022-09-09"}}, {"model": "supplier.productsubcategory", "pk": 128, "fields": {"name": "Animal Products", "name_ar": " ", "name_fr": "Produits animaux", "name_de": "Tierische Produkte", "name_en": "Animal Products", "category": 20, "image": "ProductSubCategory/images/animal-products5d05d524-68f3-49b8-a078-46ca57dfe41.jpg", "slug": "animal-products877efa75-8eb8-4818-93de-bc79a833c4a4", "created_on": "2022-09-09"}}, {"model": "supplier.productsubcategory", "pk": 129, "fields": {"name": "Fresh Fruits", "name_ar": " ", "name_fr": "Fruits frais", "name_de": "Frische Frchte", "name_en": "Fresh Fruits", "category": 20, "image": "ProductSubCategory/images/fresh-fruits08c2f911-15ab-4ea8-a9ee-070214b9c655-5.jpg", "slug": "fresh-fruitse93b6e4d-efed-4bc0-a5ed-3ba0f1a86449", "created_on": "2022-09-09"}}, {"model": "supplier.productsubcategory", "pk": 130, "fields": {"name": "Vehicles", "name_ar": "", "name_fr": "Vhicules", "name_de": "Fahrzeuge", "name_en": "Vehicles", "category": 21, "image": "ProductSubCategory/images/vehiclescc0e0aa1-38ed-486b-a70e-719642fa63b7-bb7d3.jpg", "slug": "vehicles7078b1e6-829b-4659-b31f-7d12c82a27ad", "created_on": "2022-09-09"}}, {"model": "supplier.productsubcategory", "pk": 131, "fields": {"name": "Car Lights", "name_ar": " ", "name_fr": "Vocaux de voiture", "name_de": "Autolichter", "name_en": "Car Lights", "category": 21, "image": "ProductSubCategory/images/car-lights9660c975-039a-4965-878a-829c04f5d7ea-511.jpg", "slug": "car-lightsa332961c-e2b7-46de-9a4e-ecbc8bf80598", "created_on": "2022-09-09"}}, {"model": "supplier.productsubcategory", "pk": 132, "fields": {"name": "Car Repairs Tools", "name_ar": "  ", "name_fr": "Outils de rparation de voiture", "name_de": "Autoreparaturwerkzeuge", "name_en": "Car Repairs Tools", "category": 21, "image": "ProductSubCategory/images/car-repairs-tools06125eb8-3487-473d-9cfe-b68531a1d.jpg", "slug": "car-repairs-tools5233672e-d708-4767-8c58-eb4270285cd8", "created_on": "2022-09-09"}}, {"model": "supplier.productsubcategory", "pk": 133, "fields": {"name": "Motorcycle Accessories & Parts", "name_ar": "    ", "name_fr": "Accessoires et pices de moto", "name_de": "Motorradzubehr und Teile", "name_en": "Motorcycle Accessories & Parts", "category": 21, "image": "ProductSubCategory/images/motorcycle-accessories-parts208ab3a6-a24d-4ff0-ab9.jpg", "slug": "motorcycle-accessories-partsd0d37d54-21ac-460f-bd64-61ee51afee42", "created_on": "2022-09-09"}}, {"model": "supplier.productsubcategory", "pk": 134, "fields": {"name": "Rompers", "name_ar": "", "name_fr": "Barboteuse", "name_de": "Strampelhschen", "name_en": "Rompers", "category": 22, "image": "ProductSubCategory/images/rompersa5bfec02-0dfa-41f4-a998-afe535cb14cc-37622d.jpg", "slug": "rompersc23911dd-44b4-4909-8750-78c1d9be6f0f", "created_on": "2022-09-09"}}, {"model": "supplier.productsubcategory", "pk": 135, "fields": {"name": "Body Suits", "name_ar": " ", "name_fr": "Costumes", "name_de": "Krperanzge", "name_en": "Body Suits", "category": 22, "image": "ProductSubCategory/images/body-suitsf072bbfa-a147-44e1-a9a4-291ab4e4a522-4d1.jpg", "slug": "body-suits97e44eba-0592-4b2f-8c5f-85d42b4d5aa3", "created_on": "2022-09-09"}}, {"model": "supplier.productsubcategory", "pk": 136, "fields": {"name": "Women's Pants & Capris", "name_ar": "   capris", "name_fr": "Pantalon pour femmes et capris", "name_de": "Frauenhose & Capris", "name_en": "Women's Pants & Capris", "category": 22, "image": "ProductSubCategory/images/womens-pants-capris534647c7-fcf7-44a8-8fac-75a7aa7.jpg", "slug": "womens-pants-capris063d2223-e8e6-419c-8c0c-673610e8577f", "created_on": "2022-09-09"}}, {"model": "supplier.productsubcategory", "pk": 137, "fields": {"name": "Dresses", "name_ar": "", "name_fr": "Robes", "name_de": "Kleider", "name_en": "Dresses", "category": 22, "image": "ProductSubCategory/images/dressesf0237342-36ce-4bd6-96eb-c023d1857b8a-948c88.jpg", "slug": "dressesc6450821-41ba-4acc-9e8a-ce1ccb82bbf3", "created_on": "2022-09-09"}}, {"model": "supplier.productsubcategory", "pk": 138, "fields": {"name": "Skirts", "name_ar": "", "name_fr": "Jupes", "name_de": "die Rcke", "name_en": "Skirts", "category": 22, "image": "ProductSubCategory/images/skirts93a9a027-a0da-49b7-974a-e3dc0ce851f1-8f99a88.jpg", "slug": "skirts1279b44a-dc12-4cd2-ba9b-23b9574c1e7d", "created_on": "2022-09-09"}}, {"model": "supplier.productsubcategory", "pk": 139, "fields": {"name": "Women's Bottoms", "name_ar": " ", "name_fr": "Bottoms fminins", "name_de": "Frauenbden", "name_en": "Women's Bottoms", "category": 22, "image": "ProductSubCategory/images/womens-bottomse5ad447a-c4b0-437c-a629-f6b61e5d5b8a.jpg", "slug": "womens-bottoms36d1848c-1e17-45fc-b164-fa5b1616dbc5", "created_on": "2022-09-09"}}, {"model": "supplier.productsubcategory", "pk": 140, "fields": {"name": "Muslim Fashions", "name_ar": " ", "name_fr": "Modes musulmanes", "name_de": "Muslimische Mode", "name_en": "Muslim Fashions", "category": 22, "image": "ProductSubCategory/images/muslim-fashions2d1cf02a-a0b2-4bb2-9671-be3da3350ca.jpg", "slug": "muslim-fashions13893758-cb26-4b3c-8b68-0d22932a7715", "created_on": "2022-09-09"}}, {"model": "supplier.service", "pk": 1, "fields": {"supplier": 2, "name": "Product delivery", "name_ar": " ", "name_fr": "Livraison de produit", "name_de": "Produktlieferung", "name_en": "Product delivery", "description": "One morning, when Gregor Samsa woke from troubled dreams, he found himself transformed in his bed into a horrible vermin. He lay on his armour-like back, and if he lifted his head a little he could see his brown belly, slightly domed and divided by arches into stiff sections. The bedding was hardly able to cover it and seemed ready to slide off any moment. His many legs, pitifully thin compared with the size of the rest of him", "description_ar": "                    .                        .            .        ", "description_fr": "Un matin, lorsque Gregor Samsa s'est rveill de rves troubls, il s'est retrouv transform dans son lit en une vermine horrible.Il tait allong sur son dos en forme d'armour, et s'il levait la tte un peu, il pouvait voir son ventre brun, lgrement bomb et divis par des arches en sections raides.La literie n'tait gure en mesure de le couvrir et semblait prt  glisser  tout moment.Ses nombreuses jambes, minces pitoyablement par rapport  la taille du reste de lui", "description_de": "Eines Morgens, als Gregor Samsa aus unruhigen Trumen aufwachte, verwandelte er sich in seinem Bett in eine schreckliche Ungeziefer.Er lag auf seinem rstigen Rcken, und wenn er seinen Kopf ein wenig hob, konnte er seinen braunen Bauch sehen, leicht gewlbt und durch Bgen in steife Abschnitte unterteilt.Die Bettwsche war kaum in der Lage, sie abzudecken, und schien jeden Moment bereit zu schieben.Seine vielen Beine, erbrmlich dnn im Vergleich zur Gre des Restes von ihm", "description_en": "One morning, when Gregor Samsa woke from troubled dreams, he found himself transformed in his bed into a horrible vermin. He lay on his armour-like back, and if he lifted his head a little he could see his brown belly, slightly domed and divided by arches into stiff sections. The bedding was hardly able to cover it and seemed ready to slide off any moment. His many legs, pitifully thin compared with the size of the rest of him", "price": "1000.00", "price_ar": "1000.00", "price_fr": "1000.00", "price_de": "1000.00", "price_en": "1000.00", "currency": "USD", "currency_ar": "USD", "currency_fr": "USD", "currency_de": "USD", "currency_en": "USD", "contract_count": 0, "slug": "product-deliveryb8eb9b1e-0974-4539-bf16-b7e4fa9cd1", "created_on": "2022-09-08"}}, {"model": "supplier.service", "pk": 2, "fields": {"supplier": 2, "name": "Product Advertising", "name_ar": " ", "name_fr": "Publicit des produits", "name_de": "Produktwerbung", "name_en": "Product Advertising", "description": "One morning, when Gregor Samsa woke from troubled dreams, he found himself transformed in his bed into a horrible vermin. He lay on his armour-like back, and if he lifted his head a little he could see his brown belly, slightly domed and divided by arches into stiff sections. The bedding was hardly able to cover it and seemed ready to slide off any moment. His many legs, pitifully thin compared with the size of the rest of him", "description_ar": "                    .                        .            .        ", "description_fr": "Un matin, lorsque Gregor Samsa s'est rveill de rves troubls, il s'est retrouv transform dans son lit en une vermine horrible.Il tait allong sur son dos en forme d'armour, et s'il levait la tte un peu, il pouvait voir son ventre brun, lgrement bomb et divis par des arches en sections raides.La literie n'tait gure en mesure de le couvrir et semblait prt  glisser  tout moment.Ses nombreuses jambes, minces pitoyablement par rapport  la taille du reste de lui", "description_de": "Eines Morgens, als Gregor Samsa aus unruhigen Trumen aufwachte, verwandelte er sich in seinem Bett in eine schreckliche Ungeziefer.Er lag auf seinem rstigen Rcken, und wenn er seinen Kopf ein wenig hob, konnte er seinen braunen Bauch sehen, leicht gewlbt und durch Bgen in steife Abschnitte unterteilt.Die Bettwsche war kaum in der Lage, sie abzudecken, und schien jeden Moment bereit zu schieben.Seine vielen Beine, erbrmlich dnn im Vergleich zur Gre des Restes von ihm", "description_en": "One morning, when Gregor Samsa woke from troubled dreams, he found himself transformed in his bed into a horrible vermin. He lay on his armour-like back, and if he lifted his head a little he could see his brown belly, slightly domed and divided by arches into stiff sections. The bedding was hardly able to cover it and seemed ready to slide off any moment. His many legs, pitifully thin compared with the size of the rest of him", "price": "800.00", "price_ar": "800.00", "price_fr": "800.00", "price_de": "800.00", "price_en": "800.00", "currency": "USD", "currency_ar": "USD", "currency_fr": "USD", "currency_de": "USD", "currency_en": "USD", "contract_count": 0, "slug": "product-advertising8ead7f3c-61ab-4dd2-95f4-b293000", "created_on": "2022-09-08"}}, {"model": "supplier.service", "pk": 3, "fields": {"supplier": 2, "name": "Manufacturing", "name_ar": "", "name_fr": "Fabrication", "name_de": "Herstellung", "name_en": "Manufacturing", "description": "One morning, when Gregor Samsa woke from troubled dreams, he found himself transformed in his bed into a horrible vermin. He lay on his armour-like back, and if he lifted his head a little he could see his brown belly, slightly domed and divided by arches into stiff sections. The bedding was hardly able to cover it and seemed ready to slide off any moment. His many legs, pitifully thin compared with the size of the rest of him", "description_ar": "                    .                        .            .        ", "description_fr": "Un matin, lorsque Gregor Samsa s'est rveill de rves troubls, il s'est retrouv transform dans son lit en une vermine horrible.Il tait allong sur son dos en forme d'armour, et s'il levait la tte un peu, il pouvait voir son ventre brun, lgrement bomb et divis par des arches en sections raides.La literie n'tait gure en mesure de le couvrir et semblait prt  glisser  tout moment.Ses nombreuses jambes, minces pitoyablement par rapport  la taille du reste de lui", "description_de": "Eines Morgens, als Gregor Samsa aus unruhigen Trumen aufwachte, verwandelte er sich in seinem Bett in eine schreckliche Ungeziefer.Er lag auf seinem rstigen Rcken, und wenn er seinen Kopf ein wenig hob, konnte er seinen braunen Bauch sehen, leicht gewlbt und durch Bgen in steife Abschnitte unterteilt.Die Bettwsche war kaum in der Lage, sie abzudecken, und schien jeden Moment bereit zu schieben.Seine vielen Beine, erbrmlich dnn im Vergleich zur Gre des Restes von ihm", "description_en": "One morning, when Gregor Samsa woke from troubled dreams, he found himself transformed in his bed into a horrible vermin. He lay on his armour-like back, and if he lifted his head a little he could see his brown belly, slightly domed and divided by arches into stiff sections. The bedding was hardly able to cover it and seemed ready to slide off any moment. His many legs, pitifully thin compared with the size of the rest of him", "price": "500.00", "price_ar": "500.00", "price_fr": "500.00", "price_de": "500.00", "price_en": "500.00", "currency": "USD", "currency_ar": "USD", "currency_fr": "USD", "currency_de": "USD", "currency_en": "USD", "contract_count": 0, "slug": "manufacturing9b143618-e874-4f3a-a074-e4c388153124", "created_on": "2022-09-08"}}, {"model": "payment.membershipgroup", "pk": 22, "fields": {"name": "Digital Marketing", "name_ar": " ", "name_fr": "Le marketing numrique", "name_de": "Digitales Marketing", "name_en": "Digital Marketing", "slug": "digital-marketingc2ae8be8-9537-41cf-b658-b3179fd4e", "created_on": "2023-03-16", "description": "Digital Marketing", "description_ar": " ", "description_fr": "Le marketing numrique", "description_de": "Digitales Marketing", "description_en": "Digital Marketing"}}, {"model": "payment.membershipgroup", "pk": 23, "fields": {"name": "Virtual Showrooms", "name_ar": "  ", "name_fr": "Salles d'exposition virtuelles", "name_de": "Virtuelle Ausstellungsrume", "name_en": "Virtual Showrooms", "slug": "virtual-showrooms89d7cbfa-5cb5-46b8-b226-12a57160c", "created_on": "2023-03-16", "description": "Virtual Showrooms", "description_ar": "  ", "description_fr": "Salles d'exposition virtuelles", "description_de": "Virtuelle Ausstellungsrume", "description_en": "Virtual Showrooms"}}, {"model": "payment.membershipgroup", "pk": 24, "fields": {"name": "Local Marketing", "name_ar": " ", "name_fr": "Marketing local", "name_de": "Lokales Marketing", "name_en": "Local Marketing", "slug": "local-marketing6fb28259-a51e-4b72-b3ff-eb4e6056180", "created_on": "2023-03-16", "description": "Local Marketing", "description_ar": " ", "description_fr": "Marketing local", "description_de": "Lokales Marketing", "description_en": "Local Marketing"}}, {"model": "payment.membershipplan", "pk": 1, "fields": {"name": "One Virtual Showroom", "name_ar": "   ", "name_fr": "Une salle d'exposition virtuelle", "name_de": "Ein virtueller Ausstellungsraum", "name_en": "One Virtual Showroom", "slug": "one-virtual-showroom7af0c4f4-2e73-450e-92f2-cbcc1c", "created_on": "2023-03-16", "group": 23, "description": null, "description_ar": null, "description_fr": null, "description_de": null, "description_en": null, "features": [152, 153, 151]}}, {"model": "payment.membershipplan", "pk": 2, "fields": {"name": "Multiple Virtual Showrooms", "name_ar": "   ", "name_fr": "Plusieurs salles d'exposition virtuelles", "name_de": "Mehrere virtuelle Ausstellungsrume", "name_en": "Multiple Virtual Showrooms", "slug": "multiple-virtual-showroomsa97a3055-cf91-4f9d-b57e-", "created_on": "2023-03-16", "group": 23, "description": null, "description_ar": null, "description_fr": null, "description_de": null, "description_en": null, "features": [154, 155, 156]}}, {"model": "payment.membershipplan", "pk": 3, "fields": {"name": "One Virtual Showroom", "name_ar": "   ", "name_fr": "Une salle d'exposition virtuelle", "name_de": "Ein virtueller Ausstellungsraum", "name_en": "One Virtual Showroom", "slug": "one-virtual-showroom6a058be6-0134-4c87-bf95-a1f353", "created_on": "2023-03-16", "group": 22, "description": null, "description_ar": null, "description_fr": null, "description_de": null, "description_en": null, "features": [157, 158, 159]}}, {"model": "payment.membershipplan", "pk": 4, "fields": {"name": "Multiple Virtual Showrooms", "name_ar": "   ", "name_fr": "Plusieurs salles d'exposition virtuelles", "name_de": "Mehrere virtuelle Ausstellungsrume", "name_en": "Multiple Virtual Showrooms", "slug": "multiple-virtual-showrooms55032912-d6d3-4532-8e0f-", "created_on": "2023-03-16", "group": 22, "description": null, "description_ar": null, "description_fr": null, "description_de": null, "description_en": null, "features": [160, 161, 162]}}, {"model": "payment.membershipplan", "pk": 5, "fields": {"name": "In Every Country", "name_ar": "  ", "name_fr": "Dans chaque pays", "name_de": "In jedem Land", "name_en": "In Every Country", "slug": "in-every-countrybe4034ca-715f-47f7-91da-6287d22aad", "created_on": "2023-03-16", "group": 24, "description": null, "description_ar": null, "description_fr": null, "description_de": null, "description_en": null, "features": [163, 164, 165]}}, {"model": "payment.feature", "pk": 151, "fields": {"custom_id": "one-virtual-showroom-monthly-virtual-showrooms-dev-03", "name": "One Virtual Showroom Monthly", "name_ar": "    ", "name_fr": "Une salle d'exposition virtuelle mensuelle", "name_de": "Ein monatlicher virtueller Ausstellungsraum", "name_en": "One Virtual Showroom Monthly", "price": "60", "price_ar": "60", "price_fr": "60", "price_de": "60", "price_en": "60", "description": "One Virtual Showroom Monthly subscription", "billing_frequency": "1", "currency_iso_code": "USD", "currency_iso_code_ar": " ", "currency_iso_code_fr": "USD", "currency_iso_code_de": "US Dollar", "currency_iso_code_en": "USD", "interval_unit": "MONTH", "status": "ACTIVE", "has_trial": false, "trial_period": null, "trial_period_count": null, "paypal_id": "P-7YE91060TE431833FMQLXCKQ"}}, {"model": "payment.feature", "pk": 152, "fields": {"custom_id": "one-virtual-showroom-6-month-virtual-showrooms-dev-03", "name": "One Virtual Showroom 6 Month", "name_ar": "    6 ", "name_fr": "Une salle d'exposition virtuelle 6 mois", "name_de": "Ein virtueller Showroom 6 Monate", "name_en": "One Virtual Showroom 6 Month", "price": "300", "price_ar": "300", "price_fr": "300", "price_de": "300", "price_en": "300", "description": "One Virtual Showroom 6 Month subscription", "billing_frequency": "6", "currency_iso_code": "USD", "currency_iso_code_ar": " ", "currency_iso_code_fr": "USD", "currency_iso_code_de": "US Dollar", "currency_iso_code_en": "USD", "interval_unit": "MONTH", "status": "ACTIVE", "has_trial": false, "trial_period": null, "trial_period_count": null, "paypal_id": "P-6HB613339X9544600MQLXCLA"}}, {"model": "payment.feature", "pk": 153, "fields": {"custom_id": "one-virtual-showroom-annual-virtual-showrooms-dev-03", "name": "One Virtual Showroom Annual", "name_ar": "   ", "name_fr": "Une salle d'exposition virtuelle annuelle", "name_de": "Ein virtueller Ausstellungsraum jhrlich", "name_en": "One Virtual Showroom Annual", "price": "600", "price_ar": "600", "price_fr": "600", "price_de": "600", "price_en": "600", "description": "One Virtual Showroom Annual subscription", "billing_frequency": "12", "currency_iso_code": "USD", "currency_iso_code_ar": " ", "currency_iso_code_fr": "USD", "currency_iso_code_de": "US Dollar", "currency_iso_code_en": "USD", "interval_unit": "YEAR", "status": "ACTIVE", "has_trial": false, "trial_period": null, "trial_period_count": null, "paypal_id": "P-52C80388RU038043RMQLXCLI"}}, {"model": "payment.feature", "pk": 154, "fields": {"custom_id": "multiple-virtual-showroom-monthly-virtual-showrooms-dev-03", "name": "Multiple Virtual Showrooms Monthly", "name_ar": "    ", "name_fr": "Plusieurs salles d'exposition virtuelles mensuelles", "name_de": "Mehrere virtuelle Ausstellungsrume monatlich", "name_en": "Multiple Virtual Showrooms Monthly", "price": "100", "price_ar": "100", "price_fr": "100", "price_de": "100", "price_en": "100", "description": "Multiple Virtual Showrooms Monthly subscription", "billing_frequency": "1", "currency_iso_code": "USD", "currency_iso_code_ar": " ", "currency_iso_code_fr": "USD", "currency_iso_code_de": "US Dollar", "currency_iso_code_en": "USD", "interval_unit": "MONTH", "status": "ACTIVE", "has_trial": false, "trial_period": null, "trial_period_count": null, "paypal_id": "P-91U20826NT823671PMQLXCLY"}}, {"model": "payment.feature", "pk": 155, "fields": {"custom_id": "multiple-virtual-showroom-6-month-virtual-showrooms-dev-03", "name": "Multiple Virtual Showrooms 6 Month", "name_ar": "    6 ", "name_fr": "Plusieurs salles d'exposition virtuelles 6 mois", "name_de": "Mehrere virtuelle Ausstellungsrume 6 Monate", "name_en": "Multiple Virtual Showrooms 6 Month", "price": "400", "price_ar": "400", "price_fr": "400", "price_de": "400", "price_en": "400", "description": "Multiple Virtual Showrooms 6 Month subscription", "billing_frequency": "6", "currency_iso_code": "USD", "currency_iso_code_ar": " ", "currency_iso_code_fr": "USD", "currency_iso_code_de": "US Dollar", "currency_iso_code_en": "USD", "interval_unit": "MONTH", "status": "ACTIVE", "has_trial": false, "trial_period": null, "trial_period_count": null, "paypal_id": "P-9HT85435J3520343PMQLXCMI"}}, {"model": "payment.feature", "pk": 156, "fields": {"custom_id": "multiple-virtual-showroom-annual-virtual-showrooms-dev-03", "name": "Multiple Virtual Showrooms Annual", "name_ar": "    ", "name_fr": "Plusieurs salles d'exposition virtuelles annuelles", "name_de": "Mehrere virtuelle Ausstellungsrume jhrlich", "name_en": "Multiple Virtual Showrooms Annual", "price": "800", "price_ar": "800", "price_fr": "800", "price_de": "800", "price_en": "800", "description": "Multiple Virtual Showrooms Annual subscription", "billing_frequency": "12", "currency_iso_code": "USD", "currency_iso_code_ar": " ", "currency_iso_code_fr": "USD", "currency_iso_code_de": "US Dollar", "currency_iso_code_en": "USD", "interval_unit": "YEAR", "status": "ACTIVE", "has_trial": false, "trial_period": null, "trial_period_count": null, "paypal_id": "P-0YS41833YB606360JMQLXCMQ"}}, {"model": "payment.feature", "pk": 157, "fields": {"custom_id": "one-virtual-showroom-monthly-digital-marketing-dev-03", "name": "One Virtual Showroom Monthly", "name_ar": "    ", "name_fr": "Une salle d'exposition virtuelle mensuelle", "name_de": "Ein monatlicher virtueller Ausstellungsraum", "name_en": "One Virtual Showroom Monthly", "price": "50", "price_ar": "50", "price_fr": "50", "price_de": "50", "price_en": "50", "description": "One Virtual Showroom Monthly subscription", "billing_frequency": "1", "currency_iso_code": "USD", "currency_iso_code_ar": " ", "currency_iso_code_fr": "USD", "currency_iso_code_de": "US Dollar", "currency_iso_code_en": "USD", "interval_unit": "MONTH", "status": "ACTIVE", "has_trial": false, "trial_period": null, "trial_period_count": null, "paypal_id": "P-3JS58160DJ039703MMQLXCNA"}}, {"model": "payment.feature", "pk": 158, "fields": {"custom_id": "one-virtual-showroom-6-month-digital-marketing-dev-03", "name": "One Virtual Showroom 6 Month", "name_ar": "    6 ", "name_fr": "Une salle d'exposition virtuelle 6 mois", "name_de": "Ein virtueller Showroom 6 Monate", "name_en": "One Virtual Showroom 6 Month", "price": "250", "price_ar": "250", "price_fr": "250", "price_de": "250", "price_en": "250", "description": "One Virtual Showroom 6 Month subscription", "billing_frequency": "6", "currency_iso_code": "USD", "currency_iso_code_ar": " ", "currency_iso_code_fr": "USD", "currency_iso_code_de": "US Dollar", "currency_iso_code_en": "USD", "interval_unit": "MONTH", "status": "ACTIVE", "has_trial": false, "trial_period": null, "trial_period_count": null, "paypal_id": "P-2SK34406L3897763GMQLXCNI"}}, {"model": "payment.feature", "pk": 159, "fields": {"custom_id": "one-virtual-showroom-annual-digital-marketing-dev-03", "name": "One Virtual Showroom Annual", "name_ar": "   ", "name_fr": "Une salle d'exposition virtuelle annuelle", "name_de": "Ein virtueller Ausstellungsraum jhrlich", "name_en": "One Virtual Showroom Annual", "price": "500", "price_ar": "500", "price_fr": "500", "price_de": "500", "price_en": "500", "description": "One Virtual Showroom Annual subscription", "billing_frequency": "12", "currency_iso_code": "USD", "currency_iso_code_ar": " ", "currency_iso_code_fr": "USD", "currency_iso_code_de": "US Dollar", "currency_iso_code_en": "USD", "interval_unit": "YEAR", "status": "ACTIVE", "has_trial": false, "trial_period": null, "trial_period_count": null, "paypal_id": "P-1S601717BB232842FMQLXCNY"}}, {"model": "payment.feature", "pk": 160, "fields": {"custom_id": "multiple-virtual-showroom-monthly-digital-marketing-dev-03", "name": "Multiple Virtual Showrooms Monthly", "name_ar": "    ", "name_fr": "Plusieurs salles d'exposition virtuelles mensuelles", "name_de": "Mehrere virtuelle Ausstellungsrume monatlich", "name_en": "Multiple Virtual Showrooms Monthly", "price": "100", "price_ar": "100", "price_fr": "100", "price_de": "100", "price_en": "100", "description": "Multiple Virtual Showrooms Monthly subscription", "billing_frequency": "1", "currency_iso_code": "USD", "currency_iso_code_ar": " ", "currency_iso_code_fr": "USD", "currency_iso_code_de": "US Dollar", "currency_iso_code_en": "USD", "interval_unit": "MONTH", "status": "ACTIVE", "has_trial": false, "trial_period": null, "trial_period_count": null, "paypal_id": "P-7Y806655XM4015228MQLXCOI"}}, {"model": "payment.feature", "pk": 161, "fields": {"custom_id": "multiple-virtual-showroom-6-month-digital-marketing-dev-03", "name": "Multiple Virtual Showrooms 6 Month", "name_ar": "    6 ", "name_fr": "Plusieurs salles d'exposition virtuelles 6 mois", "name_de": "Mehrere virtuelle Ausstellungsrume 6 Monate", "name_en": "Multiple Virtual Showrooms 6 Month", "price": "500", "price_ar": "500", "price_fr": "500", "price_de": "500", "price_en": "500", "description": "Multiple Virtual Showrooms 6 Month subscription", "billing_frequency": "6", "currency_iso_code": "USD", "currency_iso_code_ar": " ", "currency_iso_code_fr": "USD", "currency_iso_code_de": "US Dollar", "currency_iso_code_en": "USD", "interval_unit": "MONTH", "status": "ACTIVE", "has_trial": false, "trial_period": null, "trial_period_count": null, "paypal_id": "P-5MF40845VK110810CMQLXCOQ"}}, {"model": "payment.feature", "pk": 162, "fields": {"custom_id": "multiple-virtual-showroom-annual-digital-marketing-dev-03", "name": "Multiple Virtual Showrooms Annual", "name_ar": "    ", "name_fr": "Plusieurs salles d'exposition virtuelles annuelles", "name_de": "Mehrere virtuelle Ausstellungsrume jhrlich", "name_en": "Multiple Virtual Showrooms Annual", "price": "1000", "price_ar": "1000", "price_fr": "1000", "price_de": "1000", "price_en": "1000", "description": "Multiple Virtual Showrooms Annual subscription", "billing_frequency": "12", "currency_iso_code": "USD", "currency_iso_code_ar": " ", "currency_iso_code_fr": "USD", "currency_iso_code_de": "US Dollar", "currency_iso_code_en": "USD", "interval_unit": "YEAR", "status": "ACTIVE", "has_trial": false, "trial_period": null, "trial_period_count": null, "paypal_id": "P-9ER55029S8681152HMQLXCPA"}}, {"model": "payment.feature", "pk": 163, "fields": {"custom_id": "local-marketing-monthly-dev-03", "name": "Local Marketing Monthly", "name_ar": "  ", "name_fr": "Marketing local mensuellement", "name_de": "Lokales Marketing monatlich", "name_en": "Local Marketing Monthly", "price": "500", "price_ar": "500", "price_fr": "500", "price_de": "500", "price_en": "500", "description": "Local Marketing Monthly subscription", "billing_frequency": "1", "currency_iso_code": "USD", "currency_iso_code_ar": " ", "currency_iso_code_fr": "USD", "currency_iso_code_de": "US Dollar", "currency_iso_code_en": "USD", "interval_unit": "MONTH", "status": "ACTIVE", "has_trial": false, "trial_period": null, "trial_period_count": null, "paypal_id": "P-4VF79866704409916MQLXCPQ"}}, {"model": "payment.feature", "pk": 164, "fields": {"custom_id": "local-marketing-6-month-dev-03", "name": "Local Marketing 6 Month", "name_ar": "  6 ", "name_fr": "Marketing local 6 mois", "name_de": "Lokales Marketing 6 Monate", "name_en": "Local Marketing 6 Month", "price": "2500", "price_ar": "2500", "price_fr": "2500", "price_de": "2500", "price_en": "2500", "description": "Local Marketing 6 Month subscription", "billing_frequency": "6", "currency_iso_code": "USD", "currency_iso_code_ar": " ", "currency_iso_code_fr": "USD", "currency_iso_code_de": "US Dollar", "currency_iso_code_en": "USD", "interval_unit": "MONTH", "status": "ACTIVE", "has_trial": false, "trial_period": null, "trial_period_count": null, "paypal_id": "P-8MN42949PC031381WMQLXCPY"}}, {"model": "payment.feature", "pk": 165, "fields": {"custom_id": "local-marketing-annual-dev-03", "name": "Local Marketing Annual", "name_ar": "  ", "name_fr": "Annuaire du marketing local", "name_de": "Lokales Marketing jhrlich", "name_en": "Local Marketing Annual", "price": "5000", "price_ar": "5000", "price_fr": "5000", "price_de": "5000", "price_en": "5000", "description": "Local Marketing Annual subscription", "billing_frequency": "12", "currency_iso_code": "USD", "currency_iso_code_ar": " ", "currency_iso_code_fr": "USD", "currency_iso_code_de": "US Dollar", "currency_iso_code_en": "USD", "interval_unit": "YEAR", "status": "ACTIVE", "has_trial": false, "trial_period": null, "trial_period_count": null, "paypal_id": "P-0XU98103UF962371DMQLXCQI"}}, {"model": "payment.membership", "pk": 75, "fields": {"membership_type": "PAYPAL", "client": 2, "feature": 158, "previous_feature": null, "upgrading_to": 158, "start_date": "2023-03-20", "expiry_date": null, "status": true, "payment_completed": true}}, {"model": "payment.paypalsubscription", "pk": 13, "fields": {"membership": 75, "order_key": "I-YXJJ1UF468UJ", "created_on": "2023-03-20"}}, {"model": "payment.paypalproduct", "pk": 4, "fields": {"custom_id": "Foroden-B2B-DEV-02", "name": "Foroden B2B", "ProductType": "SERVICE", "description": "Foroden B2B subscription"}}, {"model": "payment.paypalproduct", "pk": 5, "fields": {"custom_id": "Foroden-B2B-DEV-03", "name": "Foroden B2B", "ProductType": "SERVICE", "description": "Foroden B2B subscription"}}, {"model": "payment.contract", "pk": 1, "fields": {"ref_no": "8710b5e1d3214", "supplier": 2, "buyer": 15, "service": 2, "is_complete": false, "is_accepted": false, "payment_made": false, "start_date": "2023-05-13", "end_date": "2024-05-13", "created_on": "2023-05-13"}}, {"model": "payment.contract", "pk": 2, "fields": {"ref_no": "1e32f0c152a64", "supplier": 2, "buyer": 15, "service": 1, "is_complete": false, "is_accepted": false, "payment_made": false, "start_date": "2023-05-13", "end_date": "2024-05-13", "created_on": "2023-05-13"}}, {"model": "auth_app.user", "pk": 1, "fields": {"password": "pbkdf2_sha256$390000$lBJQj7SKXdg3LUdgtNf7QE$GmxzHPSbqFkOmVG+lGtt1LHL/ErbZpbx3RhZE0pMfJ8=", "last_login": "2023-06-14T20:14:49.638Z", "is_superuser": true, "username": "mugisa", "first_name": "", "first_name_ar": null, "first_name_fr": null, "first_name_de": null, "first_name_en": null, "last_name": "", "last_name_ar": null, "last_name_fr": null, "last_name_de": null, "last_name_en": null, "email": "", "is_staff": true, "is_active": true, "date_joined": "2022-09-08T19:39:49Z", "account_type": "ADMIN", "image": "test/profiledefault.png", "is_email_activated": true, "groups": [], "user_permissions": []}}, {"model": "auth_app.user", "pk": 2, "fields": {"password": "!vpVbzr7zyYupa3R7iTku4bWGY2I3nv61pb5hiSVN", "last_login": "2023-06-04T15:03:13.071Z", "is_superuser": false, "username": "phillipmugisa", "first_name": "phillip", "first_name_ar": null, "first_name_fr": null, "first_name_de": null, "first_name_en": "phillip", "last_name": "mugisa", "last_name_ar": null, "last_name_fr": null, "last_name_de": null, "last_name_en": "mugisa", "email": "phillipmugisa4@gmail.com", "is_staff": false, "is_active": true, "date_joined": "2022-09-08T20:05:51.633Z", "account_type": "SUPPLIER", "image": "test/profiledefault.png", "is_email_activated": true, "groups": [], "user_permissions": []}}, {"model": "auth_app.user", "pk": 15, "fields": {"password": "pbkdf2_sha256$390000$fQO5i8cmtHYsSLIlt0B7Z1$gjVyY9NMzBj43gAD/lgBVhlw68L2Dl3wiS1JQTquFOM=", "last_login": "2023-06-02T13:06:53.279Z", "is_superuser": false, "username": "mugisaphillip", "first_name": "Phillip", "first_name_ar": "Phillip", "first_name_fr": "Phillip", "first_name_de": "Phillip", "first_name_en": "Phillip", "last_name": "Mugisa", "last_name_ar": "Mugisa", "last_name_fr": "Mugisa", "last_name_de": "Mugisa", "last_name_en": "Mugisa", "email": "phillipmugisa9@gmail.com", "is_staff": false, "is_active": true, "date_joined": "2023-03-06T20:24:57.449Z", "account_type": "BUYER", "image": "test/profiledefault.png", "is_email_activated": true, "groups": [], "user_permissions": []}}, {"model": "auth_app.user", "pk": 17, "fields": {"password": "!519bnZODaVqokChPwUhrthqR9KRZOXUUvqxkVJiM", "last_login": "2023-06-13T09:17:35Z", "is_superuser": false, "username": "Ayo", "first_name": "Ayo", "first_name_ar": null, "first_name_fr": null, "first_name_de": null, "first_name_en": "Ayo", "last_name": "Barbra", "last_name_ar": null, "last_name_fr": null, "last_name_de": null, "last_name_en": "Barbra", "email": "barbraayo2@gmail.com", "is_staff": false, "is_active": true, "date_joined": "2023-04-06T11:23:27Z", "account_type": "BUYER", "image": "test/profiledefault.png", "is_email_activated": true, "groups": [], "user_permissions": []}}, {"model": "auth_app.user", "pk": 18, "fields": {"password": "!NiimP98SOGH7zA6VWxuYv3GRu1oJvj6iZzmyWxpC", "last_login": "2023-05-01T09:11:21.443Z", "is_superuser": false, "username": "kalanzipeter", "first_name": "Kalanzi", "first_name_ar": null, "first_name_fr": null, "first_name_de": null, "first_name_en": "Kalanzi", "last_name": "Peter", "last_name_ar": null, "last_name_fr": null, "last_name_de": null, "last_name_en": "Peter", "email": "kalanzipeter12@gmail.com", "is_staff": false, "is_active": true, "date_joined": "2023-04-06T16:48:53.038Z", "account_type": "BUYER", "image": "test/profiledefault.png", "is_email_activated": true, "groups": [], "user_permissions": []}}, {"model": "auth_app.user", "pk": 19, "fields": {"password": "pbkdf2_sha256$390000$aeXCp2XDAL4SlG3QSp2SGA$F1t+giAx7T/QnyARp8ia3VmiUHVeCinfBaHTNPnaruE=", "last_login": "2023-04-07T05:12:48.492Z", "is_superuser": false, "username": "Tradeoases", "first_name": "Trade", "first_name_ar": null, "first_name_fr": null, "first_name_de": null, "first_name_en": "Trade", "last_name": "Oases", "last_name_ar": null, "last_name_fr": null, "last_name_de": null, "last_name_en": "Oases", "email": "tradeoases@gmail.com", "is_staff": false, "is_active": true, "date_joined": "2023-04-07T04:59:55Z", "account_type": "SUPPLIER", "image": "test/profiledefault.png", "is_email_activated": true, "groups": [], "user_permissions": []}}, {"model": "auth_app.user", "pk": 24, "fields": {"password": "pbkdf2_sha256$390000$yV67h8PQPSjwDRwFgdHreW$0+QeoHtp1y2A+qdsFIFhZM4u+38LM4Eup6EIO8t8+A8=", "last_login": "2023-04-07T06:09:11.792Z", "is_superuser": false, "username": "test", "first_name": "Phillip", "first_name_ar": "", "first_name_fr": "Phillip", "first_name_de": "Phillip", "first_name_en": "Phillip", "last_name": "Mugisa", "last_name_ar": "", "last_name_fr": "Mugisa", "last_name_de": "Mugisa", "last_name_en": "Mugisa", "email": "namukasaangela04@gmail.com", "is_staff": false, "is_active": true, "date_joined": "2023-04-07T06:08:37.929Z", "account_type": "SUPPLIER", "image": "test/profiledefault.png", "is_email_activated": true, "groups": [], "user_permissions": []}}, {"model": "auth_app.user", "pk": 25, "fields": {"password": "pbkdf2_sha256$390000$wBDtaw1joJlxBA5AstNmHY$m1eMSCovOrIwPW/57MEfy5lISL/nHRqoZ1HGOnnmyEY=", "last_login": null, "is_superuser": false, "username": "mxffo2", "first_name": "Hello World! https://racetrack.top/go/hezwgobsmq5dinbw?hs=52c3212a7bbdd71a48e8071ba5445e6e&", "first_name_ar": " !https://racetrack.top/go/hezwgobsmq5dinbwhs=52c3212a7bbdd71a48e8071ba5445e6e&", "first_name_fr": "Bonjour le monde!https://racetrack.top/go/HezwgObsmq5dinbw?hs=52C3212A7BDD71A48E8071BA5445E6E&", "first_name_de": "Hallo Welt!https://racetrack.top/go/hezwgobsmq5dinbw?hs=52C3212A7BBDD71A48E8071BA5445E6E&", "first_name_en": "Hello World! https://racetrack.top/go/hezwgobsmq5dinbw?hs=52c3212a7bbdd71a48e8071ba5445e6e&", "last_name": "mmddsk", "last_name_ar": "MMDDD", "last_name_fr": "Mmddd", "last_name_de": "Mmddd", "last_name_en": "mmddsk", "email": "yhfee@chitthi.in", "is_staff": false, "is_active": false, "date_joined": "2023-04-28T08:54:16.807Z", "account_type": "SUPPLIER", "image": "test/profiledefault.png", "is_email_activated": false, "groups": [], "user_permissions": []}}, {"model": "auth_app.user", "pk": 26, "fields": {"password": "pbkdf2_sha256$390000$RjM41wWXcBQcSNteyiMsXZ$+YZRHYeEZdGnRPkRSMb6Bf3UzF02oGG9qchUg0g7n3s=", "last_login": "2023-05-15T11:49:17.491Z", "is_superuser": false, "username": "abdoul", "first_name": "Abdoulanziz", "first_name_ar": "", "first_name_fr": "Remplacer", "first_name_de": "Ersetzen", "first_name_en": "Abdoulanziz", "last_name": "Ally", "last_name_ar": "", "last_name_fr": "Ally", "last_name_de": "Ally", "last_name_en": "Ally", "email": "abdoulanzizally@outlook.com", "is_staff": false, "is_active": true, "date_joined": "2023-05-15T11:48:57.781Z", "account_type": "SUPPLIER", "image": "test/profiledefault.png", "is_email_activated": true, "groups": [], "user_permissions": []}}, {"model": "auth_app.user", "pk": 27, "fields": {"password": "pbkdf2_sha256$390000$d3Cewjzox9u78HlUyFByOA$UP2MlvEa3dZFUL8eHZdjmLyIyw3rJGi6+zD4O4Veo7c=", "last_login": null, "is_superuser": false, "username": "Coire", "first_name": "Abdoulanziz", "first_name_ar": "", "first_name_fr": "Remplacer", "first_name_de": "Ersetzen", "first_name_en": "Abdoulanziz", "last_name": "Ally", "last_name_ar": "", "last_name_fr": "Ally", "last_name_de": "Ally", "last_name_en": "Ally", "email": "coire@outlook.com", "is_staff": false, "is_active": false, "date_joined": "2023-06-01T14:20:25.729Z", "account_type": "BUYER", "image": "test/profiledefault.png", "is_email_activated": false, "groups": [], "user_permissions": []}}, {"model": "auth_app.user", "pk": 28, "fields": {"password": "pbkdf2_sha256$390000$GtDSLvocsnKvo90lxKryxz$aYuepxuBPXu3wX4/zTV+KxvvkfRqM9Nw/6fKJBsT588=", "last_login": "2023-06-05T09:54:49.234Z", "is_superuser": false, "username": "aqibmehraj", "first_name": "Aqib", "first_name_ar": "aqib", "first_name_fr": "Aqib", "first_name_de": "Aqib", "first_name_en": "Aqib", "last_name": "Mehraj", "last_name_ar": "", "last_name_fr": "Meher", "last_name_de": "Meher", "last_name_en": "Mehraj", "email": "aqibmehraj00@gmail.com", "is_staff": false, "is_active": true, "date_joined": "2023-06-05T09:54:36.960Z", "account_type": "SUPPLIER", "image": "test/profiledefault.png", "is_email_activated": true, "groups": [], "user_permissions": []}}, {"model": "auth_app.clientprofile", "pk": 1, "fields": {"user": 2, "business_name": "Fututech", "business_name_ar": "Fututech", "business_name_fr": "Fututech", "business_name_de": "Fututech", "business_name_en": "Fututech", "slug": "fututech", "business_description": "One morning, when Gregor Samsa woke from troubled dreams, he found himself transformed in his bed into a horrible vermin. He lay on his armour-like back, and if he lifted his head a little he could see his brown belly, slightly domed and divided by arches into stiff sections. The bedding was hardly able to cover it and seemed ready to slide off any moment. His many legs, pitifully thin compared with the size of the rest of him", "business_description_ar": "                    .                        .            .        ", "business_description_fr": "Un matin, lorsque Gregor Samsa s'est rveill de rves troubls, il s'est retrouv transform dans son lit en une vermine horrible.Il tait allong sur son dos en forme d'armour, et s'il levait la tte un peu, il pouvait voir son ventre brun, lgrement bomb et divis par des arches en sections raides.La literie n'tait gure en mesure de le couvrir et semblait prt  glisser  tout moment.Ses nombreuses jambes, minces pitoyablement par rapport  la taille du reste de lui", "business_description_de": "Eines Morgens, als Gregor Samsa aus unruhigen Trumen aufwachte, verwandelte er sich in seinem Bett in eine schreckliche Ungeziefer.Er lag auf seinem rstigen Rcken, und wenn er seinen Kopf ein wenig hob, konnte er seinen braunen Bauch sehen, leicht gewlbt und durch Bgen in steife Abschnitte unterteilt.Die Bettwsche war kaum in der Lage, sie abzudecken, und schien jeden Moment bereit zu schieben.Seine vielen Beine, erbrmlich dnn im Vergleich zur Gre des Restes von ihm", "business_description_en": "One morning, when Gregor Samsa woke from troubled dreams, he found himself transformed in his bed into a horrible vermin. He lay on his armour-like back, and if he lifted his head a little he could see his brown belly, slightly domed and divided by arches into stiff sections. The bedding was hardly able to cover it and seemed ready to slide off any moment. His many legs, pitifully thin compared with the size of the rest of him", "country": "Uganda", "country_ar": "", "country_fr": "Ouganda", "country_de": "Uganda", "country_en": "Uganda", "country_code": "256", "country_code_ar": "256", "country_code_fr": "256", "country_code_de": "256", "country_code_en": "256", "city": "Kampala", "city_ar": "", "city_fr": "Kampala", "city_de": "Kampala", "city_en": "Kampala", "mobile_user": "0782047612", "mobile_user_ar": "0782047612", "mobile_user_fr": "0782047612", "mobile_user_de": "0782047612", "mobile_user_en": "0782047612", "vat_number": "45678907345678", "legal_etity_identifier": "TU78 YUI7 YUI8 O678", "website": "https://mugisathedev.netlify.app", "customer_id": "86984726523"}}, {"model": "auth_app.clientprofile", "pk": 2, "fields": {"user": 15, "business_name": "Breezer", "business_name_ar": "", "business_name_fr": "Biriezer", "business_name_de": "Birezer", "business_name_en": "Breezer", "slug": "breezer", "business_description": "XYZ Company is a small business that specializes in providing high-quality products and services to customers in the local community. With a team of experienced professionals, we are dedicated to delivering exceptional customer service and meeting the unique needs of our clients.\r\n\r\nOur product line includes a wide range of goods, including home appliances, electronic gadgets, clothing, and beauty products. We work with top-rated manufacturers and suppliers to ensure that our products are of the highest quality and meet the expectations of our customers.", "business_description_ar": " XYZ              .                .\r\n\r\n                 .                  .", "business_description_fr": "XYZ Company est une petite entreprise spcialise dans la fourniture de produits et services de haute qualit aux clients de la communaut locale.Avec une quipe de professionnels expriments, nous nous engageons  fournir un service client exceptionnel et  rpondre aux besoins uniques de nos clients.\r\n\r\nNotre gamme de produits comprend un large ventail de marchandises, y compris les appareils lectromnagers, les gadgets lectroniques, les vtements et les produits de beaut.Nous travaillons avec des fabricants et des fournisseurs les mieux nots pour nous assurer que nos produits sont de la plus haute qualit et rpondent aux attentes de nos clients.", "business_description_de": "Das XYZ Company ist ein kleines Unternehmen, das Kunden in der rtlichen Gemeinde qualitativ hochwertige Produkte und Dienstleistungen bereitstellt.Mit einem Team erfahrener Fachkrfte sind wir bestrebt, einen auergewhnlichen Kundenservice zu bieten und die besonderen Bedrfnisse unserer Kunden zu erfllen.\r\n\r\nUnsere Produktlinie umfasst eine breite Palette von Waren, darunter Hausgerte, elektronische Gerte, Kleidung und Schnheitsprodukte.Wir arbeiten mit hoch bewerteten Herstellern und Lieferanten zusammen, um sicherzustellen, dass unsere Produkte von hchster Qualitt sind und die Erwartungen unserer Kunden erfllen.", "business_description_en": "XYZ Company is a small business that specializes in providing high-quality products and services to customers in the local community. With a team of experienced professionals, we are dedicated to delivering exceptional customer service and meeting the unique needs of our clients.\r\n\r\nOur product line includes a wide range of goods, including home appliances, electronic gadgets, clothing, and beauty products. We work with top-rated manufacturers and suppliers to ensure that our products are of the highest quality and meet the expectations of our customers.", "country": "Uganda", "country_ar": "", "country_fr": "Ouganda", "country_de": "Uganda", "country_en": "Uganda", "country_code": "256", "country_code_ar": "256", "country_code_fr": "256", "country_code_de": "256", "country_code_en": "256", "city": "Kampala", "city_ar": "", "city_fr": "Kampala", "city_de": "Kampala", "city_en": "Kampala", "mobile_user": "0782047612", "mobile_user_ar": "0782047612", "mobile_user_fr": "0782047612", "mobile_user_de": "0782047612", "mobile_user_en": "0782047612", "vat_number": "", "legal_etity_identifier": "", "website": "", "customer_id": null}}, {"model": "auth_app.clientprofile", "pk": 3, "fields": {"user": 17, "business_name": "Agape Fashions", "business_name_ar": null, "business_name_fr": null, "business_name_de": null, "business_name_en": "Agape Fashions", "slug": "agape-fashions", "business_description": "This is a test", "business_description_ar": null, "business_description_fr": null, "business_description_de": null, "business_description_en": "This is a test", "country": "Uganda", "country_ar": null, "country_fr": null, "country_de": null, "country_en": "Uganda", "country_code": "256", "country_code_ar": null, "country_code_fr": null, "country_code_de": null, "country_code_en": "256", "city": "Kampala", "city_ar": null, "city_fr": null, "city_de": null, "city_en": "Kampala", "mobile_user": "0782047612", "mobile_user_ar": null, "mobile_user_fr": null, "mobile_user_de": null, "mobile_user_en": "0782047612", "vat_number": "", "legal_etity_identifier": "", "website": "", "customer_id": "55511594203"}}, {"model": "auth_app.clientprofile", "pk": 4, "fields": {"user": 19, "business_name": "Trade Oases", "business_name_ar": null, "business_name_fr": null, "business_name_de": null, "business_name_en": "Trade Oases", "slug": "trade-oases", "business_description": "B2B services ", "business_description_ar": null, "business_description_fr": null, "business_description_de": null, "business_description_en": "B2B services ", "country": "USA", "country_ar": null, "country_fr": null, "country_de": null, "country_en": "USA", "country_code": "213", "country_code_ar": null, "country_code_fr": null, "country_code_de": null, "country_code_en": "213", "city": "Us", "city_ar": null, "city_fr": null, "city_de": null, "city_en": "Us", "mobile_user": "44444", "mobile_user_ar": null, "mobile_user_fr": null, "mobile_user_de": null, "mobile_user_en": "44444", "vat_number": "4444", "legal_etity_identifier": "44444", "website": "https://foroden.com/en/", "customer_id": "81993391051"}}, {"model": "auth_app.clientprofile", "pk": 6, "fields": {"user": 26, "business_name": "T&M Fashions", "business_name_ar": " T&M", "business_name_fr": "T&M Fashions", "business_name_de": "T & M Mode", "business_name_en": "T&M Fashions", "slug": "tm-fashions", "business_description": "Creators of sleek fashions in Kampala, Uganda.", "business_description_ar": "      .", "business_description_fr": "Crateurs de modes lgantes  Kampala, en Ouganda.", "business_description_de": "Schpfer von eleganten Moden in Kampala, Uganda.", "business_description_en": "Creators of sleek fashions in Kampala, Uganda.", "country": "Uganda", "country_ar": "", "country_fr": "Ouganda", "country_de": "Uganda", "country_en": "Uganda", "country_code": "256", "country_code_ar": "256", "country_code_fr": "256", "country_code_de": "256", "country_code_en": "256", "city": "Kampala", "city_ar": "", "city_fr": "Kampala", "city_de": "Kampala", "city_en": "Kampala", "mobile_user": "0782615136", "mobile_user_ar": "0782615136", "mobile_user_fr": "0782615136", "mobile_user_de": "0782615136", "mobile_user_en": "0782615136", "vat_number": "12345678", "legal_etity_identifier": "Not applicable", "website": "https://tmfashions.com", "customer_id": "13988946094"}}, {"model": "auth_app.clientprofile", "pk": 7, "fields": {"user": 28, "business_name": "test business", "business_name_ar": " ", "business_name_fr": "tester les activits", "business_name_de": "test business", "business_name_en": "test business", "slug": "test-business", "business_description": "test description", "business_description_ar": " ", "business_description_fr": "Description du test", "business_description_de": "Testbeschreibung", "business_description_en": "test description", "country": "india", "country_ar": "", "country_fr": "Inde", "country_de": "Indien", "country_en": "india", "country_code": "+91", "country_code_ar": "+91", "country_code_fr": "+91", "country_code_de": "+91", "country_code_en": "+91", "city": "srinagar", "city_ar": "", "city_fr": "Srinagar", "city_de": "Srinagar", "city_en": "srinagar", "mobile_user": "8491021018", "mobile_user_ar": "8491021018", "mobile_user_fr": "8491021018", "mobile_user_de": "8491021018", "mobile_user_en": "8491021018", "vat_number": "000000", "legal_etity_identifier": "000000", "website": "https://www.example.com", "customer_id": "40442799639"}}, {"model": "auth_app.supportprofile", "pk": 1, "fields": {"user": 1, "responses": 4}}, {"model": "account.emailaddress", "pk": 1, "fields": {"user": 2, "email": "phillipmugisa4@gmail.com", "verified": true, "primary": true}}, {"model": "account.emailaddress", "pk": 2, "fields": {"user": 17, "email": "barbraayo2@gmail.com", "verified": true, "primary": true}}, {"model": "account.emailaddress", "pk": 3, "fields": {"user": 18, "email": "petehkal@gmail.com", "verified": false, "primary": false}}, {"model": "account.emailaddress", "pk": 4, "fields": {"user": 18, "email": "kalanzipeter12@gmail.com", "verified": true, "primary": true}}, {"model": "socialaccount.socialapp", "pk": 1, "fields": {"provider": "google", "name": "Tradeoases", "client_id": "583015990328-bi4h8fgenicrjrn00d902p3uivoksdjh.apps.googleusercontent.com", "secret": "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", "key": "", "sites": [1]}}, {"model": "socialaccount.socialaccount", "pk": 1, "fields": {"user": 2, "provider": "google", "uid": "110821893513744188448", "last_login": "2023-06-04T15:03:13.064Z", "date_joined": "2022-09-08T20:12:17.567Z", "extra_data": "{\"iss\": \"https://accounts.google.com\", \"azp\": \"583015990328-bi4h8fgenicrjrn00d902p3uivoksdjh.apps.googleusercontent.com\", \"aud\": \"583015990328-bi4h8fgenicrjrn00d902p3uivoksdjh.apps.googleusercontent.com\", \"sub\": \"110821893513744188448\", \"email\": \"phillipmugisa4@gmail.com\", \"email_verified\": true, \"at_hash\": \"2HeKD22Us--jxMoqd5cv5w\", \"name\": \"phillip mugisa\", \"picture\": \"https://lh3.googleusercontent.com/a/AAcHTteQ2omczUI5S6mxFs8S1kNhGm2c3CzyCyWpBI-b=s96-c\", \"given_name\": \"phillip\", \"family_name\": \"mugisa\", \"locale\": \"en\", \"iat\": 1685890993, \"exp\": 1685894593}"}}, {"model": "socialaccount.socialaccount", "pk": 2, "fields": {"user": 17, "provider": "google", "uid": "101619880082048276656", "last_login": "2023-06-13T09:17:35.935Z", "date_joined": "2023-04-06T11:23:38.636Z", "extra_data": "{\"iss\": \"https://accounts.google.com\", \"azp\": \"583015990328-bi4h8fgenicrjrn00d902p3uivoksdjh.apps.googleusercontent.com\", \"aud\": \"583015990328-bi4h8fgenicrjrn00d902p3uivoksdjh.apps.googleusercontent.com\", \"sub\": \"101619880082048276656\", \"email\": \"barbraayo2@gmail.com\", \"email_verified\": true, \"at_hash\": \"-_-K1XWS1Pa96kVGQJExDw\", \"name\": \"Ayo Barbra\", \"picture\": \"https://lh3.googleusercontent.com/a/AAcHTtf8s5YwSeKQl7Jn0TiASSS7fBUz8r46hnv-TcMM=s96-c\", \"given_name\": \"Ayo\", \"family_name\": \"Barbra\", \"locale\": \"en\", \"iat\": 1686647855, \"exp\": 1686651455}"}}, {"model": "socialaccount.socialaccount", "pk": 3, "fields": {"user": 18, "provider": "google", "uid": "101049678443307852017", "last_login": "2023-05-01T09:11:21.437Z", "date_joined": "2023-04-06T16:49:34.279Z", "extra_data": "{\"iss\": \"https://accounts.google.com\", \"azp\": \"583015990328-bi4h8fgenicrjrn00d902p3uivoksdjh.apps.googleusercontent.com\", \"aud\": \"583015990328-bi4h8fgenicrjrn00d902p3uivoksdjh.apps.googleusercontent.com\", \"sub\": \"101049678443307852017\", \"email\": \"kalanzipeter12@gmail.com\", \"email_verified\": true, \"at_hash\": \"d4xQWXhfK4FDgwXY7IbmIg\", \"name\": \"Kalanzi Peter\", \"picture\": \"https://lh3.googleusercontent.com/a/AGNmyxb3OT2Pum8ZzLUdNE3ygx1LdLvze2Y06oEnVPrk=s96-c\", \"given_name\": \"Kalanzi\", \"family_name\": \"Peter\", \"locale\": \"en\", \"iat\": 1682932281, \"exp\": 1682935881}"}}]