[{"model": "auth.permission", "pk": 1, "fields": {"name": "Can add permission", "content_type": 1, "codename": "add_permission"}}, {"model": "auth.permission", "pk": 2, "fields": {"name": "Can change permission", "content_type": 1, "codename": "change_permission"}}, {"model": "auth.permission", "pk": 3, "fields": {"name": "Can delete permission", "content_type": 1, "codename": "delete_permission"}}, {"model": "auth.permission", "pk": 4, "fields": {"name": "Can view permission", "content_type": 1, "codename": "view_permission"}}, {"model": "auth.permission", "pk": 5, "fields": {"name": "Can add group", "content_type": 2, "codename": "add_group"}}, {"model": "auth.permission", "pk": 6, "fields": {"name": "Can change group", "content_type": 2, "codename": "change_group"}}, {"model": "auth.permission", "pk": 7, "fields": {"name": "Can delete group", "content_type": 2, "codename": "delete_group"}}, {"model": "auth.permission", "pk": 8, "fields": {"name": "Can view group", "content_type": 2, "codename": "view_group"}}, {"model": "auth.permission", "pk": 9, "fields": {"name": "Can add content type", "content_type": 3, "codename": "add_contenttype"}}, {"model": "auth.permission", "pk": 10, "fields": {"name": "Can change content type", "content_type": 3, "codename": "change_contenttype"}}, {"model": "auth.permission", "pk": 11, "fields": {"name": "Can delete content type", "content_type": 3, "codename": "delete_contenttype"}}, {"model": "auth.permission", "pk": 12, "fields": {"name": "Can view content type", "content_type": 3, "codename": "view_contenttype"}}, {"model": "auth.permission", "pk": 13, "fields": {"name": "Can add session", "content_type": 4, "codename": "add_session"}}, {"model": "auth.permission", "pk": 14, "fields": {"name": "Can change session", "content_type": 4, "codename": "change_session"}}, {"model": "auth.permission", "pk": 15, "fields": {"name": "Can delete session", "content_type": 4, "codename": "delete_session"}}, {"model": "auth.permission", "pk": 16, "fields": {"name": "Can view session", "content_type": 4, "codename": "view_session"}}, {"model": "auth.permission", "pk": 17, "fields": {"name": "Can add log entry", "content_type": 5, "codename": "add_logentry"}}, {"model": "auth.permission", "pk": 18, "fields": {"name": "Can change log entry", "content_type": 5, "codename": "change_logentry"}}, {"model": "auth.permission", "pk": 19, "fields": {"name": "Can delete log entry", "content_type": 5, "codename": "delete_logentry"}}, {"model": "auth.permission", "pk": 20, "fields": {"name": "Can view log entry", "content_type": 5, "codename": "view_logentry"}}, {"model": "auth.permission", "pk": 21, "fields": {"name": "Can add site", "content_type": 6, "codename": "add_site"}}, {"model": "auth.permission", "pk": 22, "fields": {"name": "Can change site", "content_type": 6, "codename": "change_site"}}, {"model": "auth.permission", "pk": 23, "fields": {"name": "Can delete site", "content_type": 6, "codename": "delete_site"}}, {"model": "auth.permission", "pk": 24, "fields": {"name": "Can view site", "content_type": 6, "codename": "view_site"}}, {"model": "auth.permission", "pk": 25, "fields": {"name": "Can add discussion", "content_type": 7, "codename": "add_discussion"}}, {"model": "auth.permission", "pk": 26, "fields": {"name": "Can change discussion", "content_type": 7, "codename": "change_discussion"}}, {"model": "auth.permission", "pk": 27, "fields": {"name": "Can delete discussion", "content_type": 7, "codename": "delete_discussion"}}, {"model": "auth.permission", "pk": 28, "fields": {"name": "Can view discussion", "content_type": 7, "codename": "view_discussion"}}, {"model": "auth.permission", "pk": 29, "fields": {"name": "Can add location", "content_type": 8, "codename": "add_location"}}, {"model": "auth.permission", "pk": 30, "fields": {"name": "Can change location", "content_type": 8, "codename": "change_location"}}, {"model": "auth.permission", "pk": 31, "fields": {"name": "Can delete location", "content_type": 8, "codename": "delete_location"}}, {"model": "auth.permission", "pk": 32, "fields": {"name": "Can view location", "content_type": 8, "codename": "view_location"}}, {"model": "auth.permission", "pk": 33, "fields": {"name": "Can add platform price", "content_type": 9, "codename": "add_platformprice"}}, {"model": "auth.permission", "pk": 34, "fields": {"name": "Can change platform price", "content_type": 9, "codename": "change_platformprice"}}, {"model": "auth.permission", "pk": 35, "fields": {"name": "Can delete platform price", "content_type": 9, "codename": "delete_platformprice"}}, {"model": "auth.permission", "pk": 36, "fields": {"name": "Can view platform price", "content_type": 9, "codename": "view_platformprice"}}, {"model": "auth.permission", "pk": 37, "fields": {"name": "Can add service", "content_type": 10, "codename": "add_service"}}, {"model": "auth.permission", "pk": 38, "fields": {"name": "Can change service", "content_type": 10, "codename": "change_service"}}, {"model": "auth.permission", "pk": 39, "fields": {"name": "Can delete service", "content_type": 10, "codename": "delete_service"}}, {"model": "auth.permission", "pk": 40, "fields": {"name": "Can view service", "content_type": 10, "codename": "view_service"}}, {"model": "auth.permission", "pk": 41, "fields": {"name": "Can add user request", "content_type": 11, "codename": "add_userrequest"}}, {"model": "auth.permission", "pk": 42, "fields": {"name": "Can change user request", "content_type": 11, "codename": "change_userrequest"}}, {"model": "auth.permission", "pk": 43, "fields": {"name": "Can delete user request", "content_type": 11, "codename": "delete_userrequest"}}, {"model": "auth.permission", "pk": 44, "fields": {"name": "Can view user request", "content_type": 11, "codename": "view_userrequest"}}, {"model": "auth.permission", "pk": 45, "fields": {"name": "Can add showroom", "content_type": 12, "codename": "add_showroom"}}, {"model": "auth.permission", "pk": 46, "fields": {"name": "Can change showroom", "content_type": 12, "codename": "change_showroom"}}, {"model": "auth.permission", "pk": 47, "fields": {"name": "Can delete showroom", "content_type": 12, "codename": "delete_showroom"}}, {"model": "auth.permission", "pk": 48, "fields": {"name": "Can view showroom", "content_type": 12, "codename": "view_showroom"}}, {"model": "auth.permission", "pk": 49, "fields": {"name": "Can add service image", "content_type": 13, "codename": "add_serviceimage"}}, {"model": "auth.permission", "pk": 50, "fields": {"name": "Can change service image", "content_type": 13, "codename": "change_serviceimage"}}, {"model": "auth.permission", "pk": 51, "fields": {"name": "Can delete service image", "content_type": 13, "codename": "delete_serviceimage"}}, {"model": "auth.permission", "pk": 52, "fields": {"name": "Can view service image", "content_type": 13, "codename": "view_serviceimage"}}, {"model": "auth.permission", "pk": 53, "fields": {"name": "Can add promotion", "content_type": 14, "codename": "add_promotion"}}, {"model": "auth.permission", "pk": 54, "fields": {"name": "Can change promotion", "content_type": 14, "codename": "change_promotion"}}, {"model": "auth.permission", "pk": 55, "fields": {"name": "Can delete promotion", "content_type": 14, "codename": "delete_promotion"}}, {"model": "auth.permission", "pk": 56, "fields": {"name": "Can view promotion", "content_type": 14, "codename": "view_promotion"}}, {"model": "auth.permission", "pk": 57, "fields": {"name": "Can add discussion reply", "content_type": 15, "codename": "add_discussionreply"}}, {"model": "auth.permission", "pk": 58, "fields": {"name": "Can change discussion reply", "content_type": 15, "codename": "change_discussionreply"}}, {"model": "auth.permission", "pk": 59, "fields": {"name": "Can delete discussion reply", "content_type": 15, "codename": "delete_discussionreply"}}, {"model": "auth.permission", "pk": 60, "fields": {"name": "Can view discussion reply", "content_type": 15, "codename": "view_discussionreply"}}, {"model": "auth.permission", "pk": 61, "fields": {"name": "Can add chatroom", "content_type": 16, "codename": "add_chatroom"}}, {"model": "auth.permission", "pk": 62, "fields": {"name": "Can change chatroom", "content_type": 16, "codename": "change_chatroom"}}, {"model": "auth.permission", "pk": 63, "fields": {"name": "Can delete chatroom", "content_type": 16, "codename": "delete_chatroom"}}, {"model": "auth.permission", "pk": 64, "fields": {"name": "Can view chatroom", "content_type": 16, "codename": "view_chatroom"}}, {"model": "auth.permission", "pk": 65, "fields": {"name": "Can add product", "content_type": 17, "codename": "add_product"}}, {"model": "auth.permission", "pk": 66, "fields": {"name": "Can change product", "content_type": 17, "codename": "change_product"}}, {"model": "auth.permission", "pk": 67, "fields": {"name": "Can delete product", "content_type": 17, "codename": "delete_product"}}, {"model": "auth.permission", "pk": 68, "fields": {"name": "Can view product", "content_type": 17, "codename": "view_product"}}, {"model": "auth.permission", "pk": 69, "fields": {"name": "Can add product category", "content_type": 18, "codename": "add_productcategory"}}, {"model": "auth.permission", "pk": 70, "fields": {"name": "Can change product category", "content_type": 18, "codename": "change_productcategory"}}, {"model": "auth.permission", "pk": 71, "fields": {"name": "Can delete product category", "content_type": 18, "codename": "delete_productcategory"}}, {"model": "auth.permission", "pk": 72, "fields": {"name": "Can view product category", "content_type": 18, "codename": "view_productcategory"}}, {"model": "auth.permission", "pk": 73, "fields": {"name": "Can add service", "content_type": 19, "codename": "add_service"}}, {"model": "auth.permission", "pk": 74, "fields": {"name": "Can change service", "content_type": 19, "codename": "change_service"}}, {"model": "auth.permission", "pk": 75, "fields": {"name": "Can delete service", "content_type": 19, "codename": "delete_service"}}, {"model": "auth.permission", "pk": 76, "fields": {"name": "Can view service", "content_type": 19, "codename": "view_service"}}, {"model": "auth.permission", "pk": 77, "fields": {"name": "Can add store", "content_type": 20, "codename": "add_store"}}, {"model": "auth.permission", "pk": 78, "fields": {"name": "Can change store", "content_type": 20, "codename": "change_store"}}, {"model": "auth.permission", "pk": 79, "fields": {"name": "Can delete store", "content_type": 20, "codename": "delete_store"}}, {"model": "auth.permission", "pk": 80, "fields": {"name": "Can view store", "content_type": 20, "codename": "view_store"}}, {"model": "auth.permission", "pk": 81, "fields": {"name": "Can add service tag", "content_type": 21, "codename": "add_servicetag"}}, {"model": "auth.permission", "pk": 82, "fields": {"name": "Can change service tag", "content_type": 21, "codename": "change_servicetag"}}, {"model": "auth.permission", "pk": 83, "fields": {"name": "Can delete service tag", "content_type": 21, "codename": "delete_servicetag"}}, {"model": "auth.permission", "pk": 84, "fields": {"name": "Can view service tag", "content_type": 21, "codename": "view_servicetag"}}, {"model": "auth.permission", "pk": 85, "fields": {"name": "Can add service image", "content_type": 22, "codename": "add_serviceimage"}}, {"model": "auth.permission", "pk": 86, "fields": {"name": "Can change service image", "content_type": 22, "codename": "change_serviceimage"}}, {"model": "auth.permission", "pk": 87, "fields": {"name": "Can delete service image", "content_type": 22, "codename": "delete_serviceimage"}}, {"model": "auth.permission", "pk": 88, "fields": {"name": "Can view service image", "content_type": 22, "codename": "view_serviceimage"}}, {"model": "auth.permission", "pk": 89, "fields": {"name": "Can add product tag", "content_type": 23, "codename": "add_producttag"}}, {"model": "auth.permission", "pk": 90, "fields": {"name": "Can change product tag", "content_type": 23, "codename": "change_producttag"}}, {"model": "auth.permission", "pk": 91, "fields": {"name": "Can delete product tag", "content_type": 23, "codename": "delete_producttag"}}, {"model": "auth.permission", "pk": 92, "fields": {"name": "Can view product tag", "content_type": 23, "codename": "view_producttag"}}, {"model": "auth.permission", "pk": 93, "fields": {"name": "Can add product sub category", "content_type": 24, "codename": "add_productsubcategory"}}, {"model": "auth.permission", "pk": 94, "fields": {"name": "Can change product sub category", "content_type": 24, "codename": "change_productsubcategory"}}, {"model": "auth.permission", "pk": 95, "fields": {"name": "Can delete product sub category", "content_type": 24, "codename": "delete_productsubcategory"}}, {"model": "auth.permission", "pk": 96, "fields": {"name": "Can view product sub category", "content_type": 24, "codename": "view_productsubcategory"}}, {"model": "auth.permission", "pk": 97, "fields": {"name": "Can add product image", "content_type": 25, "codename": "add_productimage"}}, {"model": "auth.permission", "pk": 98, "fields": {"name": "Can change product image", "content_type": 25, "codename": "change_productimage"}}, {"model": "auth.permission", "pk": 99, "fields": {"name": "Can delete product image", "content_type": 25, "codename": "delete_productimage"}}, {"model": "auth.permission", "pk": 100, "fields": {"name": "Can view product image", "content_type": 25, "codename": "view_productimage"}}, {"model": "auth.permission", "pk": 101, "fields": {"name": "Can add advert", "content_type": 26, "codename": "add_advert"}}, {"model": "auth.permission", "pk": 102, "fields": {"name": "Can change advert", "content_type": 26, "codename": "change_advert"}}, {"model": "auth.permission", "pk": 103, "fields": {"name": "Can delete advert", "content_type": 26, "codename": "delete_advert"}}, {"model": "auth.permission", "pk": 104, "fields": {"name": "Can view advert", "content_type": 26, "codename": "view_advert"}}, {"model": "auth.permission", "pk": 105, "fields": {"name": "Can add wish list", "content_type": 27, "codename": "add_wishlist"}}, {"model": "auth.permission", "pk": 106, "fields": {"name": "Can change wish list", "content_type": 27, "codename": "change_wishlist"}}, {"model": "auth.permission", "pk": 107, "fields": {"name": "Can delete wish list", "content_type": 27, "codename": "delete_wishlist"}}, {"model": "auth.permission", "pk": 108, "fields": {"name": "Can view wish list", "content_type": 27, "codename": "view_wishlist"}}, {"model": "auth.permission", "pk": 109, "fields": {"name": "Can add contract", "content_type": 28, "codename": "add_contract"}}, {"model": "auth.permission", "pk": 110, "fields": {"name": "Can change contract", "content_type": 28, "codename": "change_contract"}}, {"model": "auth.permission", "pk": 111, "fields": {"name": "Can delete contract", "content_type": 28, "codename": "delete_contract"}}, {"model": "auth.permission", "pk": 112, "fields": {"name": "Can view contract", "content_type": 28, "codename": "view_contract"}}, {"model": "auth.permission", "pk": 113, "fields": {"name": "Can add membership plan", "content_type": 29, "codename": "add_membershipplan"}}, {"model": "auth.permission", "pk": 114, "fields": {"name": "Can change membership plan", "content_type": 29, "codename": "change_membershipplan"}}, {"model": "auth.permission", "pk": 115, "fields": {"name": "Can delete membership plan", "content_type": 29, "codename": "delete_membershipplan"}}, {"model": "auth.permission", "pk": 116, "fields": {"name": "Can view membership plan", "content_type": 29, "codename": "view_membershipplan"}}, {"model": "auth.permission", "pk": 117, "fields": {"name": "Can add mode of payment", "content_type": 30, "codename": "add_modeofpayment"}}, {"model": "auth.permission", "pk": 118, "fields": {"name": "Can change mode of payment", "content_type": 30, "codename": "change_modeofpayment"}}, {"model": "auth.permission", "pk": 119, "fields": {"name": "Can delete mode of payment", "content_type": 30, "codename": "delete_modeofpayment"}}, {"model": "auth.permission", "pk": 120, "fields": {"name": "Can view mode of payment", "content_type": 30, "codename": "view_modeofpayment"}}, {"model": "auth.permission", "pk": 121, "fields": {"name": "Can add membership receipt", "content_type": 31, "codename": "add_membershipreceipt"}}, {"model": "auth.permission", "pk": 122, "fields": {"name": "Can change membership receipt", "content_type": 31, "codename": "change_membershipreceipt"}}, {"model": "auth.permission", "pk": 123, "fields": {"name": "Can delete membership receipt", "content_type": 31, "codename": "delete_membershipreceipt"}}, {"model": "auth.permission", "pk": 124, "fields": {"name": "Can view membership receipt", "content_type": 31, "codename": "view_membershipreceipt"}}, {"model": "auth.permission", "pk": 125, "fields": {"name": "Can add membership", "content_type": 32, "codename": "add_membership"}}, {"model": "auth.permission", "pk": 126, "fields": {"name": "Can change membership", "content_type": 32, "codename": "change_membership"}}, {"model": "auth.permission", "pk": 127, "fields": {"name": "Can delete membership", "content_type": 32, "codename": "delete_membership"}}, {"model": "auth.permission", "pk": 128, "fields": {"name": "Can view membership", "content_type": 32, "codename": "view_membership"}}, {"model": "auth.permission", "pk": 129, "fields": {"name": "Can add features", "content_type": 33, "codename": "add_features"}}, {"model": "auth.permission", "pk": 130, "fields": {"name": "Can change features", "content_type": 33, "codename": "change_features"}}, {"model": "auth.permission", "pk": 131, "fields": {"name": "Can delete features", "content_type": 33, "codename": "delete_features"}}, {"model": "auth.permission", "pk": 132, "fields": {"name": "Can view features", "content_type": 33, "codename": "view_features"}}, {"model": "auth.permission", "pk": 133, "fields": {"name": "Can add contract receipt", "content_type": 34, "codename": "add_contractreceipt"}}, {"model": "auth.permission", "pk": 134, "fields": {"name": "Can change contract receipt", "content_type": 34, "codename": "change_contractreceipt"}}, {"model": "auth.permission", "pk": 135, "fields": {"name": "Can delete contract receipt", "content_type": 34, "codename": "delete_contractreceipt"}}, {"model": "auth.permission", "pk": 136, "fields": {"name": "Can view contract receipt", "content_type": 34, "codename": "view_contractreceipt"}}, {"model": "auth.permission", "pk": 137, "fields": {"name": "Can add user", "content_type": 35, "codename": "add_user"}}, {"model": "auth.permission", "pk": 138, "fields": {"name": "Can change user", "content_type": 35, "codename": "change_user"}}, {"model": "auth.permission", "pk": 139, "fields": {"name": "Can delete user", "content_type": 35, "codename": "delete_user"}}, {"model": "auth.permission", "pk": 140, "fields": {"name": "Can view user", "content_type": 35, "codename": "view_user"}}, {"model": "auth.permission", "pk": 141, "fields": {"name": "Can add support profile", "content_type": 36, "codename": "add_supportprofile"}}, {"model": "auth.permission", "pk": 142, "fields": {"name": "Can change support profile", "content_type": 36, "codename": "change_supportprofile"}}, {"model": "auth.permission", "pk": 143, "fields": {"name": "Can delete support profile", "content_type": 36, "codename": "delete_supportprofile"}}, {"model": "auth.permission", "pk": 144, "fields": {"name": "Can view support profile", "content_type": 36, "codename": "view_supportprofile"}}, {"model": "auth.permission", "pk": 145, "fields": {"name": "Can add client profile", "content_type": 37, "codename": "add_clientprofile"}}, {"model": "auth.permission", "pk": 146, "fields": {"name": "Can change client profile", "content_type": 37, "codename": "change_clientprofile"}}, {"model": "auth.permission", "pk": 147, "fields": {"name": "Can delete client profile", "content_type": 37, "codename": "delete_clientprofile"}}, {"model": "auth.permission", "pk": 148, "fields": {"name": "Can view client profile", "content_type": 37, "codename": "view_clientprofile"}}, {"model": "auth.permission", "pk": 149, "fields": {"name": "Can add buyer", "content_type": 38, "codename": "add_buyer"}}, {"model": "auth.permission", "pk": 150, "fields": {"name": "Can change buyer", "content_type": 38, "codename": "change_buyer"}}, {"model": "auth.permission", "pk": 151, "fields": {"name": "Can delete buyer", "content_type": 38, "codename": "delete_buyer"}}, {"model": "auth.permission", "pk": 152, "fields": {"name": "Can view buyer", "content_type": 38, "codename": "view_buyer"}}, {"model": "auth.permission", "pk": 153, "fields": {"name": "Can add supplier", "content_type": 39, "codename": "add_supplier"}}, {"model": "auth.permission", "pk": 154, "fields": {"name": "Can change supplier", "content_type": 39, "codename": "change_supplier"}}, {"model": "auth.permission", "pk": 155, "fields": {"name": "Can delete supplier", "content_type": 39, "codename": "delete_supplier"}}, {"model": "auth.permission", "pk": 156, "fields": {"name": "Can view supplier", "content_type": 39, "codename": "view_supplier"}}, {"model": "auth.permission", "pk": 157, "fields": {"name": "Can add support", "content_type": 40, "codename": "add_support"}}, {"model": "auth.permission", "pk": 158, "fields": {"name": "Can change support", "content_type": 40, "codename": "change_support"}}, {"model": "auth.permission", "pk": 159, "fields": {"name": "Can delete support", "content_type": 40, "codename": "delete_support"}}, {"model": "auth.permission", "pk": 160, "fields": {"name": "Can view support", "content_type": 40, "codename": "view_support"}}, {"model": "auth.permission", "pk": 161, "fields": {"name": "Can add email address", "content_type": 41, "codename": "add_emailaddress"}}, {"model": "auth.permission", "pk": 162, "fields": {"name": "Can change email address", "content_type": 41, "codename": "change_emailaddress"}}, {"model": "auth.permission", "pk": 163, "fields": {"name": "Can delete email address", "content_type": 41, "codename": "delete_emailaddress"}}, {"model": "auth.permission", "pk": 164, "fields": {"name": "Can view email address", "content_type": 41, "codename": "view_emailaddress"}}, {"model": "auth.permission", "pk": 165, "fields": {"name": "Can add email confirmation", "content_type": 42, "codename": "add_emailconfirmation"}}, {"model": "auth.permission", "pk": 166, "fields": {"name": "Can change email confirmation", "content_type": 42, "codename": "change_emailconfirmation"}}, {"model": "auth.permission", "pk": 167, "fields": {"name": "Can delete email confirmation", "content_type": 42, "codename": "delete_emailconfirmation"}}, {"model": "auth.permission", "pk": 168, "fields": {"name": "Can view email confirmation", "content_type": 42, "codename": "view_emailconfirmation"}}, {"model": "auth.permission", "pk": 169, "fields": {"name": "Can add social account", "content_type": 43, "codename": "add_socialaccount"}}, {"model": "auth.permission", "pk": 170, "fields": {"name": "Can change social account", "content_type": 43, "codename": "change_socialaccount"}}, {"model": "auth.permission", "pk": 171, "fields": {"name": "Can delete social account", "content_type": 43, "codename": "delete_socialaccount"}}, {"model": "auth.permission", "pk": 172, "fields": {"name": "Can view social account", "content_type": 43, "codename": "view_socialaccount"}}, {"model": "auth.permission", "pk": 173, "fields": {"name": "Can add social application", "content_type": 44, "codename": "add_socialapp"}}, {"model": "auth.permission", "pk": 174, "fields": {"name": "Can change social application", "content_type": 44, "codename": "change_socialapp"}}, {"model": "auth.permission", "pk": 175, "fields": {"name": "Can delete social application", "content_type": 44, "codename": "delete_socialapp"}}, {"model": "auth.permission", "pk": 176, "fields": {"name": "Can view social application", "content_type": 44, "codename": "view_socialapp"}}, {"model": "auth.permission", "pk": 177, "fields": {"name": "Can add social application token", "content_type": 45, "codename": "add_socialtoken"}}, {"model": "auth.permission", "pk": 178, "fields": {"name": "Can change social application token", "content_type": 45, "codename": "change_socialtoken"}}, {"model": "auth.permission", "pk": 179, "fields": {"name": "Can delete social application token", "content_type": 45, "codename": "delete_socialtoken"}}, {"model": "auth.permission", "pk": 180, "fields": {"name": "Can view social application token", "content_type": 45, "codename": "view_socialtoken"}}, {"model": "sessions.session", "pk": "7fkomxvydo55ps3o892bvqcloy1m6u6e", "fields": {"session_data": "eyJzb2NpYWxhY2NvdW50X3N0YXRlIjpbeyJwcm9jZXNzIjoibG9naW4iLCJzY29wZSI6IiIsImF1dGhfcGFyYW1zIjoiIn0sIjluRnFzSktMMXpoViJdfQ:1orEfv:xCvubpmyG5axQjmJP8mHopxCn6k3BWs85ufO2Ac7P4Y", "expire_date": "2022-11-19T08:37:11.297Z"}}, {"model": "sessions.session", "pk": "clcu5ljhxw8f8hwdjnqv5u0hfkgwk9h3", "fields": {"session_data": ".eJxVjEEOwiAQAP_C2RCgsAWP3vsGsiwgVQNJaU_GvxuSHvQ6M5k383jsxR89bX6N7Moku_yygPRMdYj4wHpvnFrdtzXwkfDTdr60mF63s_0bFOxlbFELo5KzypHRSlmHAbKAQFpOhkQEocCFOEcLQk8540waciJCIyeV2OcLw603mg:1oiygF:HmtxjCnlMNc-xNtgjIAlQm6MfSy7jClFu3ivG4j4Kvc", "expire_date": "2022-10-27T13:55:23.652Z"}}, {"model": "sessions.session", "pk": "hpfxg9y02negbspe7xcdnaw9b76f1o82", "fields": {"session_data": ".eJxVjEEOwiAQAP_C2RCgsAWP3vsGsiwgVQNJaU_GvxuSHvQ6M5k383jsxR89bX6N7Moku_yygPRMdYj4wHpvnFrdtzXwkfDTdr60mF63s_0bFOxlbFELo5KzypHRSlmHAbKAQFpOhkQEocCFOEcLQk8540waciJCIyeV2OcLw603mg:1oWXPA:UObJhjj6qA9FlcKAYeVeR-rJts5qrj9kLeZI73VziC8", "expire_date": "2022-09-23T06:22:20.463Z"}}, {"model": "sessions.session", "pk": "idfou4iuwzguz3mlln2w7hx2db492ohv", "fields": {"session_data": "eyJzb2NpYWxhY2NvdW50X3N0YXRlIjpbeyJwcm9jZXNzIjoibG9naW4iLCJzY29wZSI6IiIsImF1dGhfcGFyYW1zIjoiIn0sInpmZGM1bFk2SmlHcCJdfQ:1okMeD:4wR7IMmVsKjX2_HfAZS8F7_LPVC7w1PBLqyoQLJM2zY", "expire_date": "2022-10-31T09:43:01.216Z"}}, {"model": "sessions.session", "pk": "itet364elorr2vkeiyy85rdv3wollf0o", "fields": {"session_data": "eyJzb2NpYWxhY2NvdW50X3N0YXRlIjpbeyJwcm9jZXNzIjoibG9naW4iLCJzY29wZSI6IiIsImF1dGhfcGFyYW1zIjoiIn0sIms2cjVyTmJTOXFneSJdfQ:1oevp9:w5ORYAxhB1PjIfuoN-4rxvDEZRqnJqxY7pcuYPukEnI", "expire_date": "2022-10-16T10:03:51.353Z"}}, {"model": "sessions.session", "pk": "oi1itb81udb1sejp8g4sjujclddwvl14", "fields": {"session_data": ".eJxVjEEOwiAURO_C2hAqUIo7exHy-XwCsaGJwMp4d6npQncz82bmxRz0llyv9HQ5sBvT7PKbecAHlQPAth0xB8S9l8a_nRNXfh-OSssILe9lPVd_VwlqGj8oUBsTvDJ2rGfvdZiFIpgMhWhwieSHBpCCvLRCodZWXSdhbUS5aMHeH-c1PNQ:1oevuA:WVma8OmBKtjqSdAbK1km-32zxlCwCtuCquJ_TjncIMQ", "expire_date": "2022-10-16T10:09:02.543Z"}}, {"model": "sessions.session", "pk": "p4f97lf8wghtvfxxbg2ivg2nc8c6982r", "fields": {"session_data": "eyJzb2NpYWxhY2NvdW50X3N0YXRlIjpbeyJwcm9jZXNzIjoibG9naW4iLCJzY29wZSI6IiIsImF1dGhfcGFyYW1zIjoiIn0sIkZEaWdPTGpoSkFxVSJdfQ:1oevrm:zfxxy3fQPyhYaqhwSYVOoflgh38GQS5jIYgx1JW9Dt0", "expire_date": "2022-10-16T10:06:34.719Z"}}, {"model": "sessions.session", "pk": "pcwkuthghs6rw59j3edlyl79k77am0no", "fields": {"session_data": ".eJxVjEEOwiAQAP_C2RCgsAWP3vsGsiwgVQNJaU_GvxuSHvQ6M5k383jsxR89bX6N7Moku_yygPRMdYj4wHpvnFrdtzXwkfDTdr60mF63s_0bFOxlbFELo5KzypHRSlmHAbKAQFpOhkQEocCFOEcLQk8540waciJCIyeV2OcLw603mg:1or2sQ:VQGZuJUg9XVAW9QNHkoiqOJSsYqbrSKV4dyYFEMpz9U", "expire_date": "2022-11-18T20:01:18.997Z"}}, {"model": "sessions.session", "pk": "qe24eh6k26ncqxa5opo3mc0howegl3yl", "fields": {"session_data": ".eJxVjEEOwiAQAP_C2RCgsAWP3vsGsiwgVQNJaU_GvxuSHvQ6M5k383jsxR89bX6N7Moku_yygPRMdYj4wHpvnFrdtzXwkfDTdr60mF63s_0bFOxlbFELo5KzypHRSlmHAbKAQFpOhkQEocCFOEcLQk8540waciJCIyeV2OcLw603mg:1oqoBa:jsCxHoa048ev3ix6PDGC_u1hbwL5xd0t40UO4W6queQ", "expire_date": "2022-11-18T04:20:06.083Z"}}, {"model": "sessions.session", "pk": "ul6ufp1vgpaubvqrqybr4zeubza171it", "fields": {"session_data": ".eJxVjEEOwiAURO_C2hAqUIo7exHy-XwCsaGJwMp4d6npQncz82bmxRz0llyv9HQ5sBvT7PKbecAHlQPAth0xB8S9l8a_nRNXfh-OSssILe9lPVd_VwlqGj8oUBsTvDJ2rGfvdZiFIpgMhWhwieSHBpCCvLRCodZWXSdhbUS5aMHeH-c1PNQ:1oevwJ:wy1hC1n6zha9GG0ylFxWszawiG7s-Lcv1kkX6JieU2c", "expire_date": "2022-10-16T10:11:15.622Z"}}, {"model": "sessions.session", "pk": "v02wsduwqay0t8f4qtus3zut41xygsam", "fields": {"session_data": ".eJxVjEEOwiAQAP_C2RCgsAWP3vsGsiwgVQNJaU_GvxuSHvQ6M5k383jsxR89bX6N7Moku_yygPRMdYj4wHpvnFrdtzXwkfDTdr60mF63s_0bFOxlbFELo5KzypHRSlmHAbKAQFpOhkQEocCFOEcLQk8540waciJCIyeV2OcLw603mg:1orIav:SnEWmgQFrRBm2WFoDoSghLWHpwugzANntEds2GlXWpg", "expire_date": "2022-11-19T12:48:17.266Z"}}, {"model": "sessions.session", "pk": "wegnwb7uky79on5q3sjpe38bstd2ah5q", "fields": {"session_data": ".eJxVjEEOwiAQAP_C2RCgsAWP3vsGsiwgVQNJaU_GvxuSHvQ6M5k383jsxR89bX6N7Moku_yygPRMdYj4wHpvnFrdtzXwkfDTdr60mF63s_0bFOxlbFELo5KzypHRSlmHAbKAQFpOhkQEocCFOEcLQk8540waciJCIyeV2OcLw603mg:1oiEjH:yUBNnhmRauoQnsvqHKvKDBt2UYnT587TJb5DzRR58Qs", "expire_date": "2022-10-25T12:51:27.647Z"}}, {"model": "sessions.session", "pk": "ystx5e12bdfv4bhf15wusc3jj75tahjr", "fields": {"session_data": ".eJxVjEEOwiAQAP_C2RCgsAWP3vsGsiwgVQNJaU_GvxuSHvQ6M5k383jsxR89bX6N7Moku_yygPRMdYj4wHpvnFrdtzXwkfDTdr60mF63s_0bFOxlbFELo5KzypHRSlmHAbKAQFpOhkQEocCFOEcLQk8540waciJCIyeV2OcLw603mg:1oXPXK:MABIoc-RdDoZetCJWbFpWfeOwMRFXYrpCd_ITY1Fah8", "expire_date": "2022-09-25T16:10:22.825Z"}}, {"model": "sessions.session", "pk": "zhphuywup2f1z7try5nfb3jvgsywtynw", "fields": {"session_data": ".eJxVjM0OgyAQhN9lz41Ryo96a1-ErOwSSCkmCr00ffeWxovH-WbmewM6t9Zc7Iu36COT5SfGBHOuKV3AYi3B1p03Gwlm0HBiC7oH51ZgSg13h677b456726_xLlEhyWu-X68TqqAe2geYSb0UmkhnJTs9STGcTFmmBSPPclBGHQ9IUvUpAV5umrJhEoRL2QUfL56qUgd:1oewBH:_4PkNzJXXxKVNESlzGR7tI-LcvgiHbX4qUKjwxyQA7U", "expire_date": "2022-10-16T10:26:43.461Z"}}, {"model": "admin.logentry", "pk": 1, "fields": {"action_time": "2022-09-08T19:49:52.606Z", "user": 1, "content_type": 6, "object_id": "1", "object_repr": "https://foroden.com", "action_flag": 2, "change_message": "[{\"changed\": {\"fields\": [\"Domain name\", \"Display name\"]}}]"}}, {"model": "admin.logentry", "pk": 2, "fields": {"action_time": "2022-09-08T19:51:37.324Z", "user": 1, "content_type": 39, "object_id": "1", "object_repr": "Tradeoases", "action_flag": 1, "change_message": "[{\"added\": {}}]"}}, {"model": "admin.logentry", "pk": 3, "fields": {"action_time": "2022-09-09T06:59:47.819Z", "user": 1, "content_type": 30, "object_id": "1", "object_repr": "mugisa", "action_flag": 2, "change_message": "[{\"changed\": {\"fields\": [\"Account Type\"]}}]"}}, {"model": "admin.logentry", "pk": 4, "fields": {"action_time": "2022-10-02T10:01:05.399Z", "user": 1, "content_type": 30, "object_id": "4", "object_repr": "alex", "action_flag": 3, "change_message": ""}}, {"model": "admin.logentry", "pk": 5, "fields": {"action_time": "2022-10-02T10:01:05.406Z", "user": 1, "content_type": 30, "object_id": "3", "object_repr": "tradeoases", "action_flag": 3, "change_message": ""}}, {"model": "admin.logentry", "pk": 6, "fields": {"action_time": "2022-10-13T13:52:22.740Z", "user": 1, "content_type": 30, "object_id": "6", "object_repr": "phillipmugisa2", "action_flag": 3, "change_message": ""}}, {"model": "admin.logentry", "pk": 7, "fields": {"action_time": "2022-11-04T04:20:52.274Z", "user": 1, "content_type": 35, "object_id": "8", "object_repr": "tradeone", "action_flag": 3, "change_message": ""}}, {"model": "admin.logentry", "pk": 8, "fields": {"action_time": "2022-11-04T04:20:52.276Z", "user": 1, "content_type": 35, "object_id": "5", "object_repr": "tradeoases", "action_flag": 3, "change_message": ""}}, {"model": "admin.logentry", "pk": 9, "fields": {"action_time": "2022-11-04T04:21:33.222Z", "user": 1, "content_type": 20, "object_id": "4", "object_repr": "trade", "action_flag": 3, "change_message": ""}}, {"model": "admin.logentry", "pk": 10, "fields": {"action_time": "2022-11-04T04:21:59.241Z", "user": 1, "content_type": 39, "object_id": "5", "object_repr": "tradeoases", "action_flag": 3, "change_message": ""}}, {"model": "admin.logentry", "pk": 11, "fields": {"action_time": "2022-11-04T04:22:27.683Z", "user": 1, "content_type": 35, "object_id": "8", "object_repr": "tradeone", "action_flag": 3, "change_message": ""}}, {"model": "admin.logentry", "pk": 12, "fields": {"action_time": "2022-11-04T20:58:55.444Z", "user": 1, "content_type": 14, "object_id": "6", "object_repr": "Promotion object (6)", "action_flag": 3, "change_message": ""}}, {"model": "admin.logentry", "pk": 13, "fields": {"action_time": "2022-11-04T20:58:55.446Z", "user": 1, "content_type": 14, "object_id": "5", "object_repr": "Promotion object (5)", "action_flag": 3, "change_message": ""}}, {"model": "admin.logentry", "pk": 14, "fields": {"action_time": "2022-11-04T20:58:55.447Z", "user": 1, "content_type": 14, "object_id": "4", "object_repr": "Promotion object (4)", "action_flag": 3, "change_message": ""}}, {"model": "admin.logentry", "pk": 15, "fields": {"action_time": "2022-11-05T14:47:15.147Z", "user": 1, "content_type": 18, "object_id": "22", "object_repr": "Women's Fashion", "action_flag": 2, "change_message": "[{\"changed\": {\"fields\": [\"Name [ar]\", \"Name [fr]\", \"Name [de]\"]}}]"}}, {"model": "admin.logentry", "pk": 16, "fields": {"action_time": "2022-11-05T14:48:38.951Z", "user": 1, "content_type": 18, "object_id": "17", "object_repr": "Agricultural Machinery", "action_flag": 2, "change_message": "[{\"changed\": {\"fields\": [\"Name [ar]\", \"Name [fr]\", \"Name [de]\"]}}]"}}, {"model": "admin.logentry", "pk": 17, "fields": {"action_time": "2022-11-05T14:49:52.208Z", "user": 1, "content_type": 18, "object_id": "21", "object_repr": "Automotives", "action_flag": 2, "change_message": "[{\"changed\": {\"fields\": [\"Name [ar]\", \"Name [fr]\", \"Name [de]\"]}}]"}}, {"model": "admin.logentry", "pk": 18, "fields": {"action_time": "2022-11-05T14:50:19.422Z", "user": 1, "content_type": 18, "object_id": "20", "object_repr": "Agro Supplies", "action_flag": 2, "change_message": "[{\"changed\": {\"fields\": [\"Name [ar]\", \"Name [fr]\", \"Name [de]\"]}}]"}}, {"model": "admin.logentry", "pk": 19, "fields": {"action_time": "2022-11-05T14:50:52.128Z", "user": 1, "content_type": 18, "object_id": "19", "object_repr": "Agents", "action_flag": 2, "change_message": "[{\"changed\": {\"fields\": [\"Name [ar]\", \"Name [fr]\", \"Name [de]\"]}}]"}}, {"model": "admin.logentry", "pk": 20, "fields": {"action_time": "2022-11-05T14:51:47.435Z", "user": 1, "content_type": 18, "object_id": "18", "object_repr": "Baby Products & Accessories", "action_flag": 2, "change_message": "[{\"changed\": {\"fields\": [\"Name\", \"Name [ar]\", \"Name [fr]\", \"Name [de]\", \"Name [en]\"]}}]"}}, {"model": "admin.logentry", "pk": 21, "fields": {"action_time": "2022-11-05T14:52:53.813Z", "user": 1, "content_type": 24, "object_id": "140", "object_repr": "Muslim Fashions", "action_flag": 2, "change_message": "[{\"changed\": {\"fields\": [\"Name [ar]\", \"Name [fr]\", \"Name [de]\"]}}]"}}, {"model": "admin.logentry", "pk": 22, "fields": {"action_time": "2022-11-05T14:53:27.595Z", "user": 1, "content_type": 24, "object_id": "139", "object_repr": "Women's Bottoms", "action_flag": 2, "change_message": "[{\"changed\": {\"fields\": [\"Name [ar]\", \"Name [fr]\", \"Name [de]\"]}}]"}}, {"model": "admin.logentry", "pk": 23, "fields": {"action_time": "2022-11-05T14:53:56.254Z", "user": 1, "content_type": 24, "object_id": "138", "object_repr": "Skirts", "action_flag": 2, "change_message": "[{\"changed\": {\"fields\": [\"Name [ar]\", \"Name [fr]\", \"Name [de]\"]}}]"}}, {"model": "admin.logentry", "pk": 24, "fields": {"action_time": "2022-11-05T14:54:22.520Z", "user": 1, "content_type": 24, "object_id": "137", "object_repr": "Dresses", "action_flag": 2, "change_message": "[{\"changed\": {\"fields\": [\"Name [ar]\", \"Name [fr]\", \"Name [de]\"]}}]"}}, {"model": "admin.logentry", "pk": 25, "fields": {"action_time": "2022-11-05T14:54:47.069Z", "user": 1, "content_type": 24, "object_id": "136", "object_repr": "Women's Pants & Capris", "action_flag": 2, "change_message": "[{\"changed\": {\"fields\": [\"Name [ar]\", \"Name [fr]\", \"Name [de]\"]}}]"}}, {"model": "admin.logentry", "pk": 26, "fields": {"action_time": "2022-11-05T14:55:18.838Z", "user": 1, "content_type": 24, "object_id": "135", "object_repr": "Body Suits", "action_flag": 2, "change_message": "[{\"changed\": {\"fields\": [\"Name [ar]\", \"Name [fr]\", \"Name [de]\"]}}]"}}, {"model": "admin.logentry", "pk": 27, "fields": {"action_time": "2022-11-05T14:55:46.096Z", "user": 1, "content_type": 24, "object_id": "134", "object_repr": "Rompers", "action_flag": 2, "change_message": "[{\"changed\": {\"fields\": [\"Name [ar]\", \"Name [fr]\", \"Name [de]\"]}}]"}}, {"model": "admin.logentry", "pk": 28, "fields": {"action_time": "2022-11-05T14:56:23.490Z", "user": 1, "content_type": 24, "object_id": "133", "object_repr": "Motorcycle Accessories & Parts", "action_flag": 2, "change_message": "[{\"changed\": {\"fields\": [\"Name [ar]\", \"Name [fr]\", \"Name [de]\"]}}]"}}, {"model": "admin.logentry", "pk": 29, "fields": {"action_time": "2022-11-05T14:56:55.064Z", "user": 1, "content_type": 24, "object_id": "132", "object_repr": "Car Repairs Tools", "action_flag": 2, "change_message": "[{\"changed\": {\"fields\": [\"Name [ar]\", \"Name [fr]\", \"Name [de]\"]}}]"}}, {"model": "admin.logentry", "pk": 30, "fields": {"action_time": "2022-11-05T14:57:25.230Z", "user": 1, "content_type": 24, "object_id": "131", "object_repr": "Car Lights", "action_flag": 2, "change_message": "[{\"changed\": {\"fields\": [\"Name [ar]\", \"Name [fr]\", \"Name [de]\"]}}]"}}, {"model": "admin.logentry", "pk": 31, "fields": {"action_time": "2022-11-05T14:58:18.858Z", "user": 1, "content_type": 24, "object_id": "112", "object_repr": "Agricultural Machinery Parts", "action_flag": 2, "change_message": "[{\"changed\": {\"fields\": [\"Name [ar]\", \"Name [fr]\", \"Name [de]\"]}}]"}}, {"model": "admin.logentry", "pk": 32, "fields": {"action_time": "2022-11-05T14:58:49.012Z", "user": 1, "content_type": 24, "object_id": "113", "object_repr": "Agricultural Sprayers", "action_flag": 2, "change_message": "[{\"changed\": {\"fields\": [\"Name [ar]\", \"Name [fr]\", \"Name [de]\"]}}]"}}, {"model": "admin.logentry", "pk": 33, "fields": {"action_time": "2022-11-05T14:59:26.419Z", "user": 1, "content_type": 24, "object_id": "114", "object_repr": "Cultivators", "action_flag": 2, "change_message": "[{\"changed\": {\"fields\": [\"Name [ar]\", \"Name [fr]\", \"Name [de]\"]}}]"}}, {"model": "admin.logentry", "pk": 34, "fields": {"action_time": "2022-11-05T14:59:54.207Z", "user": 1, "content_type": 24, "object_id": "115", "object_repr": "Farm Irrigation Systems", "action_flag": 2, "change_message": "[{\"changed\": {\"fields\": [\"Name [ar]\", \"Name [fr]\", \"Name [de]\"]}}]"}}, {"model": "admin.logentry", "pk": 35, "fields": {"action_time": "2022-11-05T15:00:30.768Z", "user": 1, "content_type": 24, "object_id": "116", "object_repr": "Fertilizer Spreaders", "action_flag": 2, "change_message": "[{\"changed\": {\"fields\": [\"Name [ar]\", \"Name [fr]\", \"Name [de]\"]}}]"}}, {"model": "admin.logentry", "pk": 36, "fields": {"action_time": "2022-11-05T15:01:12.361Z", "user": 1, "content_type": 24, "object_id": "117", "object_repr": "Baby Stroller & Accessories", "action_flag": 2, "change_message": "[{\"changed\": {\"fields\": [\"Name [ar]\", \"Name [fr]\", \"Name [de]\"]}}]"}}, {"model": "admin.logentry", "pk": 37, "fields": {"action_time": "2022-11-05T15:01:56.358Z", "user": 1, "content_type": 24, "object_id": "118", "object_repr": "Baby Souvenirs", "action_flag": 2, "change_message": "[{\"changed\": {\"fields\": [\"Name [ar]\", \"Name [fr]\", \"Name [de]\"]}}]"}}, {"model": "admin.logentry", "pk": 38, "fields": {"action_time": "2022-11-05T15:02:22.662Z", "user": 1, "content_type": 24, "object_id": "119", "object_repr": "Baby Care", "action_flag": 2, "change_message": "[{\"changed\": {\"fields\": [\"Name [ar]\", \"Name [fr]\", \"Name [de]\"]}}]"}}, {"model": "admin.logentry", "pk": 39, "fields": {"action_time": "2022-11-05T15:02:53.637Z", "user": 1, "content_type": 24, "object_id": "120", "object_repr": "Baby Shoes", "action_flag": 2, "change_message": "[{\"changed\": {\"fields\": [\"Name [ar]\", \"Name [fr]\", \"Name [de]\"]}}]"}}, {"model": "admin.logentry", "pk": 40, "fields": {"action_time": "2022-11-05T15:03:23.160Z", "user": 1, "content_type": 24, "object_id": "121", "object_repr": "Matching Family Outfits", "action_flag": 2, "change_message": "[{\"changed\": {\"fields\": [\"Name [ar]\", \"Name [fr]\", \"Name [de]\"]}}]"}}, {"model": "admin.logentry", "pk": 41, "fields": {"action_time": "2022-11-05T15:03:51.141Z", "user": 1, "content_type": 24, "object_id": "122", "object_repr": "Adhesives & Sealants", "action_flag": 2, "change_message": "[{\"changed\": {\"fields\": [\"Name [ar]\", \"Name [fr]\", \"Name [de]\"]}}]"}}, {"model": "admin.logentry", "pk": 42, "fields": {"action_time": "2022-11-05T15:04:32.540Z", "user": 1, "content_type": 24, "object_id": "123", "object_repr": "Admixture & Additives", "action_flag": 2, "change_message": "[{\"changed\": {\"fields\": [\"Name [ar]\", \"Name [fr]\", \"Name [de]\"]}}]"}}, {"model": "admin.logentry", "pk": 43, "fields": {"action_time": "2022-11-05T15:05:06.004Z", "user": 1, "content_type": 24, "object_id": "124", "object_repr": "Catalysts", "action_flag": 2, "change_message": "[{\"changed\": {\"fields\": [\"Name [ar]\", \"Name [fr]\", \"Name [de]\"]}}]"}}, {"model": "admin.logentry", "pk": 44, "fields": {"action_time": "2022-11-05T15:05:40.541Z", "user": 1, "content_type": 24, "object_id": "125", "object_repr": "Agrochemicals", "action_flag": 2, "change_message": "[{\"changed\": {\"fields\": [\"Name [ar]\", \"Name [fr]\", \"Name [de]\"]}}]"}}, {"model": "admin.logentry", "pk": 45, "fields": {"action_time": "2022-11-05T15:06:11.830Z", "user": 1, "content_type": 24, "object_id": "126", "object_repr": "Biological Chemical Products", "action_flag": 2, "change_message": "[{\"changed\": {\"fields\": [\"Name [ar]\", \"Name [fr]\", \"Name [de]\"]}}]"}}, {"model": "admin.logentry", "pk": 46, "fields": {"action_time": "2022-11-05T15:06:36.455Z", "user": 1, "content_type": 24, "object_id": "127", "object_repr": "Animal Feeds", "action_flag": 2, "change_message": "[{\"changed\": {\"fields\": [\"Name [ar]\", \"Name [fr]\", \"Name [de]\"]}}]"}}, {"model": "admin.logentry", "pk": 47, "fields": {"action_time": "2022-11-05T15:07:06.048Z", "user": 1, "content_type": 24, "object_id": "128", "object_repr": "Animal Products", "action_flag": 2, "change_message": "[{\"changed\": {\"fields\": [\"Name [ar]\", \"Name [fr]\", \"Name [de]\"]}}]"}}, {"model": "admin.logentry", "pk": 48, "fields": {"action_time": "2022-11-05T15:07:30.903Z", "user": 1, "content_type": 24, "object_id": "129", "object_repr": "Fresh Fruits", "action_flag": 2, "change_message": "[{\"changed\": {\"fields\": [\"Name [ar]\", \"Name [fr]\", \"Name [de]\"]}}]"}}, {"model": "admin.logentry", "pk": 49, "fields": {"action_time": "2022-11-05T15:07:58.483Z", "user": 1, "content_type": 24, "object_id": "130", "object_repr": "Vehicles", "action_flag": 2, "change_message": "[{\"changed\": {\"fields\": [\"Name [ar]\", \"Name [fr]\", \"Name [de]\"]}}]"}}, {"model": "sites.site", "pk": 1, "fields": {"domain": "https://foroden.com", "name": "https://foroden.com"}}, {"model": "manager.service", "pk": 1, "fields": {"name": "Representation", "name_ar": "التمثيل", "name_fr": "Représentation", "name_de": "Darstellung", "name_en": "Representation", "description": "Representation of selected companies that can satisfy our customer network. Demands such as providing quality products and services at reasonable prices, respecting the rights of customers, prioritizing the positive image of customers and creating the conditions for a successful and pleasant purchase.\r\nBased on the needs of our customers, we find the desired product and then review the facilities of the manufacturers of that product, and finally reach a consultation and cooperation agreement.\r\nOn the other hand, in order to protect the interests of producers, we set up local offices and Showrooms with the approach of creating and developing an effective and successful marketing, sales and distribution network. Using local experts with the aim of managing experienced and local expert manpower to introduce the company and products. Specialized platform, human communication network among top local decision makers, targeted advertising, diversified sales portfolio are some of our successful methods.", "description_ar": "تمثيل الشركات المختارة التي يمكن أن ترضي شبكة عملائنا. مطالب مثل تقديم منتجات وخدمات عالية الجودة بأسعار معقولة ، واحترام حقوق العملاء ، وإعطاء الأولوية للصورة الإيجابية للعملاء ، وتهيئة الظروف لعملية شراء ناجحة وممتعة.\r\nبناءً على احتياجات عملائنا ، نجد المنتج المطلوب ثم نراجع مرافق الشركات المصنعة لذلك المنتج ، ونتوصل أخيرًا إلى اتفاقية استشارة وتعاون.\r\nمن ناحية أخرى ، من أجل حماية مصالح المنتجين ، أنشأنا مكاتب محلية وصالات عرض مع نهج إنشاء وتطوير شبكة تسويق ومبيعات وتوزيع فعالة وناجحة. الاستعانة بخبراء محليين بهدف إدارة القوى العاملة المحلية ذات الخبرة والخبرة لتقديم الشركة والمنتجات. المنصة المتخصصة ، وشبكة الاتصالات البشرية بين كبار صانعي القرار المحليين ، والإعلانات المستهدفة ، ومحفظة المبيعات المتنوعة هي بعض من أساليبنا الناجحة.", "description_fr": "Représentation d'entreprises sélectionnées pouvant satisfaire notre réseau de clients. Des exigences telles que fournir des produits et services de qualité à des prix raisonnables, respecter les droits des clients, privilégier l'image positive des clients et créer les conditions d'un achat réussi et agréable.\r\nEn fonction des besoins de nos clients, nous trouvons le produit souhaité, puis examinons les installations des fabricants de ce produit, et concluons enfin un accord de consultation et de coopération.\r\nD'autre part, afin de protéger les intérêts des producteurs, nous avons mis en place des bureaux locaux et des salles d'exposition avec l'approche de créer et de développer un réseau de marketing, de vente et de distribution efficace et performant. Utilisation d'experts locaux dans le but de gérer une main-d'œuvre expérimentée et experte locale pour présenter l'entreprise et les produits. Plateforme spécialisée, réseau de communication humaine entre les meilleurs décideurs locaux, publicité ciblée, portefeuille de vente diversifié sont quelques-unes de nos méthodes efficaces.", "description_de": "Vertretung ausgewählter Unternehmen, die unser Kundennetzwerk zufriedenstellen können. Forderungen wie die Bereitstellung hochwertiger Produkte und Dienstleistungen zu angemessenen Preisen, die Achtung der Kundenrechte, die Priorisierung des positiven Images der Kunden und die Schaffung der Voraussetzungen für einen erfolgreichen und angenehmen Kauf.\r\nBasierend auf den Bedürfnissen unserer Kunden finden wir das gewünschte Produkt und prüfen dann die Einrichtungen der Hersteller dieses Produkts und schließen schließlich einen Beratungs- und Kooperationsvertrag ab.\r\nAndererseits haben wir, um die Interessen der Produzenten zu schützen, lokale Büros und Showrooms mit dem Ansatz eingerichtet, ein effektives und erfolgreiches Marketing-, Verkaufs- und Vertriebsnetz zu schaffen und zu entwickeln. Einsatz von lokalen Experten mit dem Ziel, erfahrene und lokale Fachpersonal zu verwalten, um das Unternehmen und die Produkte vorzustellen. Spezialisierte Plattform, menschliches Kommunikationsnetzwerk unter den besten lokalen Entscheidungsträgern, gezielte Werbung, diversifiziertes Verkaufsportfolio sind einige unserer erfolgreichen Methoden.", "description_en": "Representation of selected companies that can satisfy our customer network. Demands such as providing quality products and services at reasonable prices, respecting the rights of customers, prioritizing the positive image of customers and creating the conditions for a successful and pleasant purchase.\r\nBased on the needs of our customers, we find the desired product and then review the facilities of the manufacturers of that product, and finally reach a consultation and cooperation agreement.\r\nOn the other hand, in order to protect the interests of producers, we set up local offices and Showrooms with the approach of creating and developing an effective and successful marketing, sales and distribution network. Using local experts with the aim of managing experienced and local expert manpower to introduce the company and products. Specialized platform, human communication network among top local decision makers, targeted advertising, diversified sales portfolio are some of our successful methods.", "slug": "representation-2435dab2-23f8-4dd2-8680-3b9fae039fb", "created_on": "2022-09-07"}}, {"model": "manager.service", "pk": 2, "fields": {"name": "Supply chain", "name_ar": "الموردين", "name_fr": "Chaîne d'approvisionnement", "name_de": "Lieferkette", "name_en": "Supply chain", "description": "To achieve a successful trading system, we achieve two items\r\n1- Stable and profitable sales for companies\r\n2- Successful and satisfactory purchase for our customers\r\n To accomplish these items, we have done the following\r\n    1- Use the network of local marketers to identify customer needs\r\n    2- Establish a marketing council to learn how to ensure customer satisfaction\r\n    3- Search among manufacturers to find the requested product and service\r\n    4- Contract with manufacturers who offer not only the product but also the experience of a successful purchase to the customer\r\n    5- Establishing close and continuous cooperation relationship with reputable international freight companies\r\n    6- Creating a dedicated trade line with companies providing customs services\r\nAll of this takes place in the form of a system of continuous learning and development", "description_ar": "لتحقيق نظام تداول ناجح ، نحقق عنصرين\r\n1- مبيعات مستقرة ومربحة للشركات\r\n2- الشراء الناجح والمرضي لعملائنا\r\n لإنجاز هذه العناصر ، قمنا بما يلي\r\n    1- استخدام شبكة المسوقين المحليين لتحديد احتياجات العملاء\r\n    2- إنشاء مجلس تسويق لمعرفة كيفية ضمان رضا العملاء\r\n    3- البحث بين الشركات المصنعة للعثور على المنتج والخدمة المطلوبين\r\n    4- التعاقد مع الشركات المصنعة التي لا تقدم المنتج فقط ولكن أيضًا تجربة الشراء الناجح للعميل\r\n    5- إقامة علاقة تعاون وثيقة ومستمرة مع شركات الشحن الدولية ذات السمعة الطيبة\r\n    6- إنشاء خط تجاري مخصص مع الشركات التي تقدم خدمات جمركية\r\nكل هذا يحدث في شكل نظام للتعلم والتطوير المستمر", "description_fr": "Pour parvenir à un système commercial réussi, nous réalisons deux éléments\r\n1- Des ventes stables et rentables pour les entreprises\r\n2- Achat réussi et satisfaisant pour nos clients\r\n Pour réaliser ces éléments, nous avons procédé comme suit\r\n    1- Utiliser le réseau de marketeurs locaux pour identifier les besoins des clients\r\n    2- Mettre en place un conseil marketing pour apprendre à assurer la satisfaction client\r\n    3- Rechercher parmi les fabricants pour trouver le produit et le service demandé\r\n    4- Contrat avec des fabricants qui offrent non seulement le produit mais aussi l'expérience d'un achat réussi au client\r\n    5- Établir une relation de coopération étroite et continue avec des sociétés de fret internationales réputées\r\n    6- Créer une ligne commerciale dédiée avec les entreprises fournissant des services douaniers\r\nTout cela se déroule sous la forme d'un système d'apprentissage et de développement continus", "description_de": "Um ein erfolgreiches Handelssystem zu erreichen, erreichen wir zwei Punkte\r\n1- Stabile und profitable Verkäufe für Unternehmen\r\n2- Erfolgreicher und zufriedenstellender Kauf für unsere Kunden\r\n Um diese Punkte zu erreichen, haben wir Folgendes getan\r\n    1- Verwenden Sie das Netzwerk lokaler Vermarkter, um die Kundenbedürfnisse zu identifizieren\r\n    2- Richten Sie einen Marketingrat ein, um zu lernen, wie Sie die Kundenzufriedenheit sicherstellen können\r\n    3- Suchen Sie unter den Herstellern, um das gewünschte Produkt und die gewünschte Dienstleistung zu finden\r\n    4- Vertrag mit Herstellern, die dem Kunden nicht nur das Produkt, sondern auch die Erfahrung eines erfolgreichen Kaufs anbieten\r\n    5- Aufbau einer engen und kontinuierlichen Zusammenarbeit mit renommierten internationalen Frachtunternehmen\r\n    6- Schaffung einer eigenen Handelslinie mit Unternehmen, die Zolldienste anbieten\r\nAll dies geschieht in Form eines Systems des kontinuierlichen Lernens und Entwickelns", "description_en": "To achieve a successful trading system, we achieve two items\r\n1- Stable and profitable sales for companies\r\n2- Successful and satisfactory purchase for our customers\r\n To accomplish these items, we have done the following\r\n    1- Use the network of local marketers to identify customer needs\r\n    2- Establish a marketing council to learn how to ensure customer satisfaction\r\n    3- Search among manufacturers to find the requested product and service\r\n    4- Contract with manufacturers who offer not only the product but also the experience of a successful purchase to the customer\r\n    5- Establishing close and continuous cooperation relationship with reputable international freight companies\r\n    6- Creating a dedicated trade line with companies providing customs services\r\nAll of this takes place in the form of a system of continuous learning and development", "slug": "supply-chain-9790589d-86c8-496c-a231-8cd4a4c56ed5", "created_on": "2022-09-07"}}, {"model": "manager.service", "pk": 3, "fields": {"name": "Indegenous marketing", "name_ar": "تسويق السكان الأصليين", "name_fr": "Marketing autochtone", "name_de": "Einheimisches Marketing", "name_en": "Indegenous marketing", "description": "Sustainable Sale System S.S.S (Indigenous Sales Council aims to influence indigenous decision makers) \r\nStrategy: Creating local offices with the approach of creating and developing a marketing, sales and distribution network\r\nMethod: Using the local sales council with the aim of managing experienced and local specialized human resources to introduce the company and products\r\nKey tools: specialized platform, human communication network among top local decision makers, targeted advertising, sales portfolio", "description_ar": "نظام البيع المستدام S.S.S (يهدف مجلس مبيعات السكان الأصليين إلى التأثير على صانعي القرار من السكان الأصليين)\r\nالإستراتيجية: إنشاء مكاتب محلية مع نهج إنشاء وتطوير شبكة تسويق ومبيعات وتوزيع\r\nالأسلوب: الاستعانة بمجلس المبيعات المحلي بهدف إدارة الموارد البشرية المتخصصة والمحلية ذات الخبرة للتعريف بالشركة ومنتجاتها\r\nالأدوات الرئيسية: منصة متخصصة ، وشبكة اتصالات بشرية بين كبار صانعي القرار المحليين ، والإعلانات المستهدفة ، ومحفظة المبيعات", "description_fr": "Système de vente durable S.S.S (Indigenous Sales Council vise à influencer les décideurs autochtones)\r\nStratégie : Créer des bureaux locaux avec une approche de création et de développement d'un réseau de marketing, de vente et de distribution\r\nMéthode : Utilisation du conseil de vente local dans le but de gérer des ressources humaines expérimentées et spécialisées locales pour présenter l'entreprise et les produits\r\nOutils clés : plateforme spécialisée, réseau de communication humaine entre les meilleurs décideurs locaux, publicité ciblée, portefeuille de ventes", "description_de": "Sustainable Sale System S.S.S (Indigenous Sales Council zielt darauf ab, indigene Entscheidungsträger zu beeinflussen)\r\nStrategie: Aufbau lokaler Büros mit dem Ansatz, ein Marketing-, Verkaufs- und Vertriebsnetz aufzubauen und zu entwickeln\r\nMethode: Verwendung des lokalen Verkaufsrats mit dem Ziel, erfahrene und lokal spezialisierte Humanressourcen zu verwalten, um das Unternehmen und die Produkte vorzustellen\r\nSchlüsselinstrumente: spezialisierte Plattform, menschliches Kommunikationsnetzwerk zwischen lokalen Top-Entscheidungsträgern, gezielte Werbung, Verkaufsportfolio", "description_en": "Sustainable Sale System S.S.S (Indigenous Sales Council aims to influence indigenous decision makers) \r\nStrategy: Creating local offices with the approach of creating and developing a marketing, sales and distribution network\r\nMethod: Using the local sales council with the aim of managing experienced and local specialized human resources to introduce the company and products\r\nKey tools: specialized platform, human communication network among top local decision makers, targeted advertising, sales portfolio", "slug": "indegenous-marketing-3ded8d7a-1c60-4563-ab2b-e7720", "created_on": "2022-09-07"}}, {"model": "manager.showroom", "pk": 1, "fields": {"name": "Oman-Muscat", "name_ar": "عمان-مسقط", "name_fr": "Oman-Mascate", "name_de": "Oman-Maskat", "name_en": "Oman-Muscat", "location": null, "image": "Showroom/images/oman-muscat-3778ca9d-4a07-4c76-9a91-077b516a75f0-244684cf-6411-449c-b43c_GbnMrG9.png", "visits": 0, "slug": "oman-muscat-76a09aca-743a-48ff-85a3-db20b48ebc2b", "created_on": "2022-09-06", "store": [1]}}, {"model": "manager.showroom", "pk": 2, "fields": {"name": "UAE-Dubai", "name_ar": "الإمارات - دبي", "name_fr": "EAU-Dubaï", "name_de": "VAE-Dubai", "name_en": "UAE-Dubai", "location": null, "image": "Showroom/images/uae-dubai-7fa88edd-7631-4da6-80ce-8ac9fd23a585-8840d0a3-46f4-4d2d-97a9-f_W2DsaYo.png", "visits": 0, "slug": "uae-dubai-2f4b9c2e-7253-40e9-8442-e858ee440d7d", "created_on": "2022-09-06", "store": []}}, {"model": "manager.showroom", "pk": 3, "fields": {"name": "Kuwait-Kuwait", "name_ar": "الكويت - الكويت", "name_fr": "Koweït-Koweït", "name_de": "Kuwait-Kuwait", "name_en": "Kuwait-Kuwait", "location": null, "image": "Showroom/images/kuwait-kuwait-56df05df-0536-4e2a-90eb-87b03a90d8d5-361ae38d-c4a6-472a-8d_ZDc4oCw.png", "visits": 0, "slug": "kuwait-kuwait-babb824b-2f53-46a8-b59e-9f5569ce9946", "created_on": "2022-09-06", "store": [2]}}, {"model": "manager.showroom", "pk": 4, "fields": {"name": "Qatar-Doha", "name_ar": "قطردها", "name_fr": "l'a déchiqueté", "name_de": "zerfetzt es", "name_en": "Qatar-Doha", "location": null, "image": "Showroom/images/qatar-doha-20f1897c-0b91-4fa2-aba8-716c9ab20bb8-5d1b76e0-8549-4388-a9bc-_xe3mU7y.png", "visits": 0, "slug": "qatar-doha-4deaa26d-1de5-463a-be2d-8cd078df650c", "created_on": "2022-09-06", "store": [3]}}, {"model": "manager.showroom", "pk": 5, "fields": {"name": "Saudi Arabia-Riyadh", "name_ar": "المملكة العربية السعودية - الرياض", "name_fr": "Arabie Saoudite-Riyad", "name_de": "Saudi-Arabien-Riad", "name_en": "Saudi Arabia-Riyadh", "location": null, "image": "Showroom/images/saudi-arabia-riyadh-9c4108d4-63f4-455e-b08e-0ba5ec-2199407e-a6f0-4849-a4_kIqB2uA.png", "visits": 0, "slug": "saudi-arabia-riyadh-0a1bc2b1-b79e-4258-a9b6-e2ae6a", "created_on": "2022-09-06", "store": []}}, {"model": "manager.promotion", "pk": 1, "fields": {"name": "", "name_ar": null, "name_fr": null, "name_de": null, "name_en": null, "description": null, "description_ar": null, "description_fr": null, "description_de": null, "description_en": null, "image": "Promotion/images/agrosupplier-b03d5fb3-7ce2-4606-9549-d51d1925bdbd-993c07db-4730-4f61-95_6Pl7L7y.jpg", "type": "BANNER", "created_on": "2022-11-04", "showroom": null, "slug": "agrosupplier-b03d5fb3-7ce2-4606-9549-d51d1925bdbd", "has_image": true}}, {"model": "manager.promotion", "pk": 2, "fields": {"name": "", "name_ar": null, "name_fr": null, "name_de": null, "name_en": null, "description": null, "description_ar": null, "description_fr": null, "description_de": null, "description_en": null, "image": "Promotion/images/agrosupplies-d15c1f2d-0db6-4dad-8c22-655b3bfd1cb0-1f7c7ac5-5da1-4ed5-a0_6RZALIf.jpg", "type": "BANNER", "created_on": "2022-11-04", "showroom": null, "slug": "agrosupplies-d15c1f2d-0db6-4dad-8c22-655b3bfd1cb0", "has_image": true}}, {"model": "manager.promotion", "pk": 3, "fields": {"name": "", "name_ar": null, "name_fr": null, "name_de": null, "name_en": null, "description": null, "description_ar": null, "description_fr": null, "description_de": null, "description_en": null, "image": "", "type": "SHOWROOWS", "created_on": "2022-11-04", "showroom": 2, "slug": "product-advertisement-93d4bd7a-a254-447c-8279-d24a", "has_image": false}}, {"model": "manager.promotion", "pk": 7, "fields": {"name": "Product Advertisement ", "name_ar": "Product Advertisement ", "name_fr": "Product Advertisement ", "name_de": "Product Advertisement ", "name_en": "Product Advertisement ", "description": "Reach more buyers using showrooms. ", "description_ar": "Reach more buyers using showrooms. ", "description_fr": "Reach more buyers using showrooms. ", "description_de": "Reach more buyers using showrooms. ", "description_en": "Reach more buyers using showrooms. ", "image": "", "type": "PRODUCTS", "created_on": "2022-11-04", "showroom": null, "slug": "product-advertisement-15cddec9-b4b4-4276-adb5-5c4e", "has_image": false}}, {"model": "manager.promotion", "pk": 8, "fields": {"name": " New Supplier Offer ", "name_ar": " New Supplier Offer ", "name_fr": " New Supplier Offer ", "name_de": " New Supplier Offer ", "name_en": " New Supplier Offer ", "description": "10% Off for new suppliers ", "description_ar": "10% Off for new suppliers ", "description_fr": "10% Off for new suppliers ", "description_de": "10% Off for new suppliers ", "description_en": "10% Off for new suppliers ", "image": "", "type": "SUPPLIERS", "created_on": "2022-11-04", "showroom": null, "slug": "new-supplier-offer-aa41557d-d2c2-4e66-b210-e8e8cac", "has_image": false}}, {"model": "manager.promotion", "pk": 9, "fields": {"name": "Black Friday ", "name_ar": "Black Friday ", "name_fr": "Black Friday ", "name_de": "Black Friday ", "name_en": "Black Friday ", "description": "Get the hottest deals on different products. ", "description_ar": "Get the hottest deals on different products. ", "description_fr": "Get the hottest deals on different products. ", "description_de": "Get the hottest deals on different products. ", "description_en": "Get the hottest deals on different products. ", "image": "", "type": "PRODUCTS", "created_on": "2022-11-04", "showroom": null, "slug": "black-friday-409ddfdc-cca5-44a3-8286-5a077d7b9007", "has_image": false}}, {"model": "manager.promotion", "pk": 10, "fields": {"name": "Kuwait-Kuwait Membership Discounts. ", "name_ar": "Kuwait-Kuwait Membership Discounts. ", "name_fr": "Kuwait-Kuwait Membership Discounts. ", "name_de": "Kuwait-Kuwait Membership Discounts. ", "name_en": "Kuwait-Kuwait Membership Discounts. ", "description": "Get the most out of our showroom", "description_ar": "Get the most out of our showroom", "description_fr": "Get the most out of our showroom", "description_de": "Get the most out of our showroom", "description_en": "Get the most out of our showroom", "image": "", "type": "SHOWROOWS", "created_on": "2022-11-04", "showroom": 3, "slug": "kuwait-kuwait-membership-discounts-6349a7f3-2265-4", "has_image": false}}, {"model": "supplier.store", "pk": 1, "fields": {"name": "Fututech Electronics", "name_ar": "Fututech Electronics", "name_fr": "Fututech Electronics", "name_de": "Fututech Electronics", "name_en": "Fututech Electronics", "supplier": 2, "slug": "fututech-electronics6d1bf22d-ee5d-43b9-9536-f2cb92ce2d16", "image": "Store/images/fututech-electronics856cd559-6818-4e53-852b-584b5e.jpeg", "created_on": "2022-09-08"}}, {"model": "supplier.store", "pk": 2, "fields": {"name": "Fututech Gadgets", "name_ar": "Fututech Gadgets", "name_fr": "Fututech Gadgets", "name_de": "Fututech Gadgets", "name_en": "Fututech Gadgets", "supplier": 2, "slug": "fututech-gadgets544a7afb-5a4d-4658-9489-c953343c9a12", "image": "Store/images/fututech-gadgets53b5d3a8-6480-46c7-abc9-a5bd5475cf.jpeg", "created_on": "2022-09-08"}}, {"model": "supplier.store", "pk": 3, "fields": {"name": "Fututech Fashion", "name_ar": "Fututech Fashion", "name_fr": "Fututech Fashion", "name_de": "Fututech Fashion", "name_en": "Fututech Fashion", "supplier": 2, "slug": "fututech-fashionf286b10c-e323-4a88-ae53-a8cc1bd998f8", "image": "Store/images/fututech-fashionec8958ad-17d4-4248-8996-2fcc91e32a.jpeg", "created_on": "2022-09-08"}}, {"model": "supplier.productcategory", "pk": 2, "fields": {"name": "Textile Products", "name_ar": "منتجات المنسوجات", "name_fr": "Produits textiles", "name_de": "Textile Produkte", "name_en": "Textile Products", "product_count": 0, "image": "ProductCategory/images/textile-productsc0837371-b8c5-45cc-85e2-7d0130a49d.png", "slug": "textile-products3aa5154c-3f75-45ac-9281-fe49db372b3d", "created_on": "2022-09-03"}}, {"model": "supplier.productcategory", "pk": 3, "fields": {"name": "Sporting and Recreation Equipments", "name_ar": "المعدات الرياضية والترفيهية", "name_fr": "Équipements sportifs et récréatifs", "name_de": "Sport- und Freizeitausrüstung", "name_en": "Sporting and Recreation Equipments", "product_count": 0, "image": "ProductCategory/images/sporting-and-recreation-equipments8e4f9099-7c57-42.png", "slug": "sporting-and-recreation-equipments90866248-107b-4bc2-82b5-d7af9703c325", "created_on": "2022-09-03"}}, {"model": "supplier.productcategory", "pk": 4, "fields": {"name": "School and Office Stationery", "name_ar": "القرطاسية المدرسية والمكتبية", "name_fr": "Papeterie scolaire et de bureau", "name_de": "Schul- und Büromaterial", "name_en": "School and Office Stationery", "product_count": 0, "image": "ProductCategory/images/school-and-office-stationery78dce158-5eeb-4bb0-8d3.png", "slug": "school-and-office-stationery6cc7a837-e5f8-4da7-97c5-6f5778ab7ac3", "created_on": "2022-09-03"}}, {"model": "supplier.productcategory", "pk": 5, "fields": {"name": "Plastic and Rubber Industry", "name_ar": "صناعة البلاستيك والمطاط", "name_fr": "Industrie du plastique et du caoutchouc", "name_de": "Kunststoff- und Gummiindustrie", "name_en": "Plastic and Rubber Industry", "product_count": 0, "image": "ProductCategory/images/plastic-and-rubber-industryed11fcae-bf83-406e-ace0.png", "slug": "plastic-and-rubber-industry3ef8f75c-cef4-430d-a508-ea1a059859c7", "created_on": "2022-09-03"}}, {"model": "supplier.productcategory", "pk": 6, "fields": {"name": "Medical Products", "name_ar": "منتجات طبية", "name_fr": "Produits médicaux", "name_de": "Medizinische Produkte", "name_en": "Medical Products", "product_count": 0, "image": "ProductCategory/images/medical-products9b6b8d92-b06c-4332-835b-3fa289b453.png", "slug": "medical-products615f9d36-1e41-4b80-8dcd-15d3033f7a03", "created_on": "2022-09-03"}}, {"model": "supplier.productcategory", "pk": 7, "fields": {"name": "Jewelry", "name_ar": "مجوهرات", "name_fr": "Bijoux", "name_de": "Schmuck", "name_en": "Jewelry", "product_count": 0, "image": "ProductCategory/images/jewelry42622e8c-f480-490d-a720-f17094c59797-caeff9.png", "slug": "jewelry3b9c3d2f-c20f-4f9a-9043-1bb6dc2c1159", "created_on": "2022-09-03"}}, {"model": "supplier.productcategory", "pk": 8, "fields": {"name": "Food Industry", "name_ar": "الصناعات الغذائية", "name_fr": "Industrie alimentaire", "name_de": "Nahrungsmittelindustrie", "name_en": "Food Industry", "product_count": 0, "image": "ProductCategory/images/food-industry56fa39d3-fffc-469a-a784-b58272a79427-.png", "slug": "food-industry6c0477af-a1d4-45e4-84c1-0c8d83f3df4c", "created_on": "2022-09-03"}}, {"model": "supplier.productcategory", "pk": 9, "fields": {"name": "Environment and Recycling", "name_ar": "البيئة وإعادة التدوير", "name_fr": "Environnement et Recyclage", "name_de": "Umwelt und Recycling", "name_en": "Environment and Recycling", "product_count": 0, "image": "ProductCategory/images/environment-and-recyclingc6c16272-8a8c-4bd3-84d3-c.png", "slug": "environment-and-recycling9d12d61f-3d6b-48f1-8e5b-7ed555bd8dd9", "created_on": "2022-09-03"}}, {"model": "supplier.productcategory", "pk": 10, "fields": {"name": "Energy Sector", "name_ar": "قطاع الطاقة", "name_fr": "Secteur énergétique", "name_de": "Energie Sektor", "name_en": "Energy Sector", "product_count": 0, "image": "ProductCategory/images/energy-sectorb39e558e-472a-496e-a460-4acb52f32cec-.png", "slug": "energy-sector10afef06-3cd5-4472-a4d8-0735f9c26274", "created_on": "2022-09-03"}}, {"model": "supplier.productcategory", "pk": 11, "fields": {"name": "Electrical Equipment", "name_ar": "معدات كهربائية", "name_fr": "Équipement électrique", "name_de": "Elektrische Ausrüstung", "name_en": "Electrical Equipment", "product_count": 0, "image": "ProductCategory/images/electrical-equipment3fe1a43f-8aee-4364-a191-0c94b3.png", "slug": "electrical-equipment4c28afe2-562f-4040-a115-3941139c55f5", "created_on": "2022-09-03"}}, {"model": "supplier.productcategory", "pk": 12, "fields": {"name": "Consumer Electronics", "name_ar": "مستهلكى الكترونيات", "name_fr": "Électronique grand public", "name_de": "Unterhaltungselektronik", "name_en": "Consumer Electronics", "product_count": 80, "image": "ProductCategory/images/consumer-electronicsb06caaf5-f1d5-4e65-ae2b-24de98.png", "slug": "consumer-electronics3bc3c996-5c71-4bde-9282-419f4fa82595", "created_on": "2022-09-03"}}, {"model": "supplier.productcategory", "pk": 13, "fields": {"name": "Safety and Security Equipments", "name_ar": "معدات الأمن والسلامة", "name_fr": "Équipements de sûreté et de sécurité", "name_de": "Sicherheits- und Sicherheitsausrüstungen", "name_en": "Safety and Security Equipments", "product_count": 0, "image": "ProductCategory/images/safety-and-security-equipments61bbbd3e-cd83-41d9-8.png", "slug": "safety-and-security-equipmentsefd19232-80fe-4bfa-9933-e416b49504ee", "created_on": "2022-09-03"}}, {"model": "supplier.productcategory", "pk": 14, "fields": {"name": "Construction and Building Industry", "name_ar": "صناعة البناء والتشييد", "name_fr": "Construction et industrie du bâtiment", "name_de": "Bau- und Bauwirtschaft", "name_en": "Construction and Building Industry", "product_count": 0, "image": "ProductCategory/images/construction-and-building-industry2dc20bd9-cc33-4c.png", "slug": "construction-and-building-industrye78b998e-191f-4d78-8c99-caf40fa44c98", "created_on": "2022-09-03"}}, {"model": "supplier.productcategory", "pk": 15, "fields": {"name": "Cosmetic Products", "name_ar": "مستحضرات التجميل", "name_fr": "Produits cosmétiques", "name_de": "Kosmetikprodukte", "name_en": "Cosmetic Products", "product_count": 0, "image": "ProductCategory/images/cosmetic-products9fb378d8-d265-4a80-9180-067047ad3.png", "slug": "cosmetic-productsda245a2c-c4af-4dd6-8dae-957d069ccba9", "created_on": "2022-09-03"}}, {"model": "supplier.productcategory", "pk": 16, "fields": {"name": "Mens's Fashion", "name_ar": "أزياء رجالية", "name_fr": "La mode masculine", "name_de": "Männermode", "name_en": "Mens's Fashion", "product_count": 84, "image": "ProductCategory/images/menss-fashion7e863f93-6193-468d-8cbb-2c2a26a99fef-.png", "slug": "menss-fashionc3becf07-6dd5-492d-bb4b-2d8cf1f31359", "created_on": "2022-09-03"}}, {"model": "supplier.productcategory", "pk": 17, "fields": {"name": "Agricultural Machinery", "name_ar": "الآلات الزراعية", "name_fr": "Machines agricoles", "name_de": "Landwirtschaftliche Maschinen", "name_en": "Agricultural Machinery", "product_count": 0, "image": "ProductCategory/images/agricultural-machinery59f8d6e0-f50f-4f5e-ab8d-0933.png", "slug": "agricultural-machinery6a512850-bee1-47c2-a184-8e1b4b6532b5", "created_on": "2022-09-09"}}, {"model": "supplier.productcategory", "pk": 18, "fields": {"name": "Baby Products & Accessories", "name_ar": "منتجات الأطفال ومستلزماتها", "name_fr": "Produits et accessoires pour bébé", "name_de": "Babyprodukte & Zubehör", "name_en": "Baby Products & Accessories", "product_count": 0, "image": "ProductCategory/images/baby-produts-accessories2ca258cb-3fba-4f3f-a775-48.png", "slug": "baby-products-accessories4ca2262c-a1bf-44da-a355-9406d4e3f2df", "created_on": "2022-09-09"}}, {"model": "supplier.productcategory", "pk": 19, "fields": {"name": "Agents", "name_ar": "عملاء", "name_fr": "Agentes", "name_de": "Agentinnen", "name_en": "Agents", "product_count": 0, "image": "ProductCategory/images/agentsecbeea6f-c1a1-4331-b030-c8abdaa40de5-b7f2f01.png", "slug": "agents3c03e7e3-d58a-4309-8580-f1d56073117e", "created_on": "2022-09-09"}}, {"model": "supplier.productcategory", "pk": 20, "fields": {"name": "Agro Supplies", "name_ar": "التوريدات الزراعية", "name_fr": "Fournitures agricoles", "name_de": "Agrarbedarf", "name_en": "Agro Supplies", "product_count": 0, "image": "ProductCategory/images/agro-supplies837d2755-4285-496e-854c-61f242be8667-.png", "slug": "agro-supplies1dec7051-f3bb-4df5-abe5-9b613faf12fb", "created_on": "2022-09-09"}}, {"model": "supplier.productcategory", "pk": 21, "fields": {"name": "Automotives", "name_ar": "محركات", "name_fr": "Automobile", "name_de": "Automobile", "name_en": "Automotives", "product_count": 0, "image": "ProductCategory/images/automotivese70cde18-8deb-43fb-983a-de4954db62f4-e0.png", "slug": "automotivesb5baeae0-924b-4ca8-926d-a45709421597", "created_on": "2022-09-09"}}, {"model": "supplier.productcategory", "pk": 22, "fields": {"name": "Women's Fashion", "name_ar": "على الموضة للنساء", "name_fr": "La mode des femmes", "name_de": "Frauenmode", "name_en": "Women's Fashion", "product_count": 0, "image": "ProductCategory/images/womens-fashionf881c58f-95c7-4609-af9b-21f5cfb923a5.png", "slug": "womens-fashion1c3142ed-e540-40b2-91d6-b9b22e98a804", "created_on": "2022-09-09"}}, {"model": "supplier.productsubcategory", "pk": 10, "fields": {"name": "Feather Textile", "name_ar": "نسيج الريش", "name_fr": "Textile Plume", "name_de": "Feder Textil", "name_en": "Feather Textile", "category": 2, "image": "ProductSubCategory/images/feather-textile36d6ac52-649b-49fd-8527-0bfcc6fdc39.webp", "slug": "feather-textile8867ff27-229b-49bb-bb67-83f0487a591f", "created_on": "2022-09-03"}}, {"model": "supplier.productsubcategory", "pk": 11, "fields": {"name": "Fabric Textile", "name_ar": "نسيج نسيج", "name_fr": "Tissu Textile", "name_de": "Stoff Textil", "name_en": "Fabric Textile", "category": 2, "image": "ProductSubCategory/images/fabric-textile7e4696a2-c618-4249-b1d7-efbed311b3be.webp", "slug": "fabric-textile52b0105a-903a-4b96-b917-e19b66b5248c", "created_on": "2022-09-03"}}, {"model": "supplier.productsubcategory", "pk": 12, "fields": {"name": "Fiber Textile", "name_ar": "نسيج الألياف", "name_fr": "Fibre Textile", "name_de": "Fasertextil", "name_en": "Fiber Textile", "category": 2, "image": "ProductSubCategory/images/fiber-textile69628b8c-2404-4b43-8bee-09bff4484e2c-.webp", "slug": "fiber-textile036c4b6d-4f66-4da2-bc0b-fc1310bb2f64", "created_on": "2022-09-03"}}, {"model": "supplier.productsubcategory", "pk": 13, "fields": {"name": "Fur Textile", "name_ar": "نسيج الفراء", "name_fr": "Fourrure Textile", "name_de": "Pelz Textil", "name_en": "Fur Textile", "category": 2, "image": "ProductSubCategory/images/fur-textile7486a532-ffe5-4ebc-bc19-b8d2b39f77fb-e4.webp", "slug": "fur-textilec33a3e96-2856-4104-a4a4-09de9463490d", "created_on": "2022-09-03"}}, {"model": "supplier.productsubcategory", "pk": 14, "fields": {"name": "Leather Textile", "name_ar": "نسيج جلدي", "name_fr": "Textiles en cuir", "name_de": "Leder Textil", "name_en": "Leather Textile", "category": 2, "image": "ProductSubCategory/images/leather-textile6e018d30-6d54-4844-9040-bec78dc99f9.webp", "slug": "leather-textileaa6e6eb0-ffa5-4825-bf49-6c6ca6be4f69", "created_on": "2022-09-03"}}, {"model": "supplier.productsubcategory", "pk": 15, "fields": {"name": "Other Textiles", "name_ar": "منسوجات أخرى", "name_fr": "Autres Textiles", "name_de": "Andere Textilien", "name_en": "Other Textiles", "category": 2, "image": "ProductSubCategory/images/other-textilesd3905fda-213f-46b5-8e0c-a456d65ff505.webp", "slug": "other-textiles39539399-d1ab-4135-9eb3-5b8aeff31b68", "created_on": "2022-09-03"}}, {"model": "supplier.productsubcategory", "pk": 16, "fields": {"name": "Artificial Grass & Sports Flooring", "name_ar": "عشب صناعي وأرضيات ملاعب", "name_fr": "Gazon artificiel et sols sportifs", "name_de": "Kunstrasen und Sportböden", "name_en": "Artificial Grass & Sports Flooring", "category": 3, "image": "ProductSubCategory/images/artificial-grass-sports-flooring2fc13439-f844-480e.webp", "slug": "artificial-grass-sports-flooring8c92e991-3e3e-4f96-954e-c637eb5e3c70", "created_on": "2022-09-03"}}, {"model": "supplier.productsubcategory", "pk": 17, "fields": {"name": "Boats & Ships", "name_ar": "القوارب والسفن", "name_fr": "Bateaux et navires", "name_de": "Boote & Schiffe", "name_en": "Boats & Ships", "category": 3, "image": "ProductSubCategory/images/boats-shipsf58a1899-4b80-49e9-9773-da47d0ba8c81-e6.webp", "slug": "boats-ships17008b97-95b3-4686-ac20-0bc9faa5c1b3", "created_on": "2022-09-03"}}, {"model": "supplier.productsubcategory", "pk": 18, "fields": {"name": "Camping & Hiking", "name_ar": "التخييم والتنزه", "name_fr": "Camping et randonnée", "name_de": "Campen und Wandern", "name_en": "Camping & Hiking", "category": 3, "image": "ProductSubCategory/images/camping-hiking3df2e987-81e6-427f-aa3c-e5e1ba325d63.webp", "slug": "camping-hiking67bc21b8-e41b-4304-b206-a7af3578f5e3", "created_on": "2022-09-03"}}, {"model": "supplier.productsubcategory", "pk": 19, "fields": {"name": "Cycling", "name_ar": "ركوب الدراجات", "name_fr": "Vélo", "name_de": "Radfahren", "name_en": "Cycling", "category": 3, "image": "ProductSubCategory/images/cyclingf6c0b75d-e908-4495-ae05-8133c8dcef83-624a02.jpg", "slug": "cyclingf30ba098-1ad1-40aa-816a-d5a8d65c4c5b", "created_on": "2022-09-03"}}, {"model": "supplier.productsubcategory", "pk": 20, "fields": {"name": "Exercise Rehabilitation", "name_ar": "إعادة التأهيل بممارسة", "name_fr": "Rééducation par l'exercice", "name_de": "Bewegungsrehabilitation", "name_en": "Exercise Rehabilitation", "category": 3, "image": "ProductSubCategory/images/exercise-rehabilitationc30ffc61-63d5-48a6-8888-e70.webp", "slug": "exercise-rehabilitation606de9c7-e231-4a34-8bd8-734f22529263", "created_on": "2022-09-03"}}, {"model": "supplier.productsubcategory", "pk": 21, "fields": {"name": "Fishing", "name_ar": "صيد السمك", "name_fr": "Faire de la pêche", "name_de": "Angeln", "name_en": "Fishing", "category": 3, "image": "ProductSubCategory/images/fishing3ea654e0-5976-4354-817a-48c2e9724287-bcb591.webp", "slug": "fishinga58c3cf6-15f5-4a40-bc7c-7d0050c6d7cd", "created_on": "2022-09-03"}}, {"model": "supplier.productsubcategory", "pk": 22, "fields": {"name": "Fitness & Body Building", "name_ar": "اللياقة وكمال الأجسام", "name_fr": "Remise en forme et musculation", "name_de": "Fitness & Bodybuilding", "name_en": "Fitness & Body Building", "category": 3, "image": "ProductSubCategory/images/fitness-body-building3ce6c814-0f89-4843-a309-20dfa.webp", "slug": "fitness-body-building22302330-63cc-41e6-b8e2-490a830f5f96", "created_on": "2022-09-03"}}, {"model": "supplier.productsubcategory", "pk": 23, "fields": {"name": "Golf", "name_ar": "الجولف", "name_fr": "Le golf", "name_de": "Golf", "name_en": "Golf", "category": 3, "image": "ProductSubCategory/images/golfe08b802e-ff62-416e-883d-82b06f9d9f6d-8f06ac42-.webp", "slug": "golfc589258e-3b86-483a-9902-be592ad5d319", "created_on": "2022-09-03"}}, {"model": "supplier.productsubcategory", "pk": 24, "fields": {"name": "Indoor Sports", "name_ar": "الرياضة في الأماكن المغلقة", "name_fr": "Sports d'intérieur", "name_de": "Hallensport", "name_en": "Indoor Sports", "category": 3, "image": "ProductSubCategory/images/indoor-sports92c8e516-af77-42b3-97e7-b9372e0e098f-.webp", "slug": "indoor-sportsfc6804bb-1b4f-4713-8fc2-48eb08b3c8d1", "created_on": "2022-09-03"}}, {"model": "supplier.productsubcategory", "pk": 25, "fields": {"name": "Musical Instruments", "name_ar": "الات موسيقية", "name_fr": "Instruments de musique", "name_de": "Musikinstrumente", "name_en": "Musical Instruments", "category": 3, "image": "ProductSubCategory/images/musical-instruments13acaf01-fc1f-43f1-9f73-2522c62.webp", "slug": "musical-instruments64cd3da1-fbc6-4b87-b09b-9ff2a21edfcc", "created_on": "2022-09-03"}}, {"model": "supplier.productsubcategory", "pk": 26, "fields": {"name": "Art Supplies", "name_ar": "لوازم فنية", "name_fr": "Fournitures d'art", "name_de": "Kunstbedarf", "name_en": "Art Supplies", "category": 4, "image": "ProductSubCategory/images/art-supplies865301c9-121d-4674-928f-22a1cc82d925-e.webp", "slug": "art-suppliesfc6117a4-b3e0-4e33-a903-dbeb56ebf2da", "created_on": "2022-09-03"}}, {"model": "supplier.productsubcategory", "pk": 27, "fields": {"name": "Books", "name_ar": "كتب", "name_fr": "Livres", "name_de": "Bücher", "name_en": "Books", "category": 4, "image": "ProductSubCategory/images/books63799bf2-1ff9-49f7-922c-db3c262e661b-fdfb0cc5.webp", "slug": "books9831b6ae-9dd0-4b1e-8777-6b344e2841f0", "created_on": "2022-09-03"}}, {"model": "supplier.productsubcategory", "pk": 28, "fields": {"name": "Calculators", "name_ar": "حاسبات", "name_fr": "Calculatrices", "name_de": "Rechner", "name_en": "Calculators", "category": 4, "image": "ProductSubCategory/images/calculators7c2391d7-e037-4d79-b267-b13acbab15e2-a0.webp", "slug": "calculators49e34b59-a2ac-4850-85f5-2a7871e63c39", "created_on": "2022-09-03"}}, {"model": "supplier.productsubcategory", "pk": 29, "fields": {"name": "Calendars", "name_ar": "التقويمات", "name_fr": "Calendriers", "name_de": "Kalender", "name_en": "Calendars", "category": 4, "image": "ProductSubCategory/images/calendars0be1f8f8-ebfb-4b6b-9a7e-8ce5c9bee95d-b306.webp", "slug": "calendars12812614-0ec6-453d-8a64-2fb026d5e596", "created_on": "2022-09-03"}}, {"model": "supplier.productsubcategory", "pk": 30, "fields": {"name": "", "name_ar": "", "name_fr": "", "name_de": "", "name_en": "", "category": 4, "image": "", "slug": "a4a7c237-49a8-42bc-82e2-585183a87ea8", "created_on": "2022-09-03"}}, {"model": "supplier.productsubcategory", "pk": 31, "fields": {"name": "Plastic Products", "name_ar": "المنتجات البلاستيكية", "name_fr": "Produits en plastique", "name_de": "Kunststoff-Produkte", "name_en": "Plastic Products", "category": 5, "image": "ProductSubCategory/images/plastic-products6310a8a0-740b-4fcb-bd4e-28702264af.webp", "slug": "plastic-productsac1a88dc-bddd-442a-b79b-40e3b006d4e3", "created_on": "2022-09-03"}}, {"model": "supplier.productsubcategory", "pk": 32, "fields": {"name": "Plastic Raw Materials", "name_ar": "المواد الخام البلاستيكية", "name_fr": "Matières premières plastiques", "name_de": "Kunststoffrohstoffe", "name_en": "Plastic Raw Materials", "category": 5, "image": "ProductSubCategory/images/plastic-raw-materials186dec11-ace9-4fdf-9af4-f5aeb.jpg", "slug": "plastic-raw-materials8d4a26e2-aa76-426d-a306-9eebe59f9275", "created_on": "2022-09-03"}}, {"model": "supplier.productsubcategory", "pk": 33, "fields": {"name": "Rubber Products", "name_ar": "منتجات المطاط", "name_fr": "Produits en caoutchouc", "name_de": "Gummiprodukte", "name_en": "Rubber Products", "category": 5, "image": "ProductSubCategory/images/rubber-products7bca695f-e2b2-4079-a730-74564151fd5.jpg", "slug": "rubber-products29c08f30-0ea6-4e93-93b4-7cb6e253b32f", "created_on": "2022-09-03"}}, {"model": "supplier.productsubcategory", "pk": 34, "fields": {"name": "Other Plastic and Rubber Products", "name_ar": "المنتجات البلاستيكية والمطاطية الأخرى", "name_fr": "Autres produits en plastique et en caoutchouc", "name_de": "Andere Kunststoff- und Gummiprodukte", "name_en": "Other Plastic and Rubber Products", "category": 5, "image": "ProductSubCategory/images/other-plastic-and-rubber-productsb9ba6d7d-bdc0-492.webp", "slug": "other-plastic-and-rubber-products7380064b-a933-4c5c-b4b5-8b6e26d4bf61", "created_on": "2022-09-03"}}, {"model": "supplier.productsubcategory", "pk": 35, "fields": {"name": "Animal & Veterinary", "name_ar": "الحيوان والطب البيطري", "name_fr": "Animal & Vétérinaire", "name_de": "Tier & Veterinär", "name_en": "Animal & Veterinary", "category": 6, "image": "ProductSubCategory/images/animal-veterinary019aa5c4-5d69-4798-a32f-a2e3e998d.jpg", "slug": "animal-veterinaryf48a211f-142a-4c3b-a0e0-01d3a12bec8a", "created_on": "2022-09-03"}}, {"model": "supplier.productsubcategory", "pk": 36, "fields": {"name": "Health Care Products", "name_ar": "منتجات الرعاية الصحية", "name_fr": "Produits de soins de santé", "name_de": "Gesundheitspflegeprodukte", "name_en": "Health Care Products", "category": 6, "image": "ProductSubCategory/images/health-care-products772911ec-c3b8-4c2a-9dd5-acbc7c.jpg", "slug": "health-care-products5d483271-744d-445b-a4c1-6623bca1299a", "created_on": "2022-09-03"}}, {"model": "supplier.productsubcategory", "pk": 37, "fields": {"name": "Household Medical Devices", "name_ar": "الأجهزة الطبية المنزلية", "name_fr": "Appareils médicaux ménagers", "name_de": "Medizinische Haushaltsgeräte", "name_en": "Household Medical Devices", "category": 6, "image": "ProductSubCategory/images/household-medical-devicesf166746e-010c-435c-8ea1-4.jpg", "slug": "household-medical-devicesf06ca4b3-9636-4c17-8b91-d5b8a87fc2bd", "created_on": "2022-09-03"}}, {"model": "supplier.productsubcategory", "pk": 38, "fields": {"name": "Medical Consumables", "name_ar": "مستهلكات طبية", "name_fr": "Consommables médicaux", "name_de": "Medizinische Verbrauchsmaterialien", "name_en": "Medical Consumables", "category": 6, "image": "ProductSubCategory/images/medical-consumablesd3a6d4cb-8c74-4300-b635-6f16551.webp", "slug": "medical-consumablesb63e752d-4b00-4dd2-81fc-1d9146828205", "created_on": "2022-09-03"}}, {"model": "supplier.productsubcategory", "pk": 39, "fields": {"name": "Professional Medical Devices", "name_ar": "الأجهزة الطبية المهنية", "name_fr": "Dispositifs Médicaux Professionnels", "name_de": "Professionelle medizinische Geräte", "name_en": "Professional Medical Devices", "category": 6, "image": "ProductSubCategory/images/professional-medical-devices303c5d91-af7e-4b11-ad2.webp", "slug": "professional-medical-devicesa3d47c0b-148c-4e77-b00d-95465ae1f724", "created_on": "2022-09-03"}}, {"model": "supplier.productsubcategory", "pk": 40, "fields": {"name": "Sex Products", "name_ar": "منتجات جنسية", "name_fr": "Produits de sexe", "name_de": "Sexprodukte", "name_en": "Sex Products", "category": 6, "image": "ProductSubCategory/images/sex-products99d7ad8a-ddfd-4a14-97cc-cae2ff9570c7-0.webp", "slug": "sex-products7fbfbf0d-d63e-49b9-a197-68087e06a956", "created_on": "2022-09-03"}}, {"model": "supplier.productsubcategory", "pk": 41, "fields": {"name": "Other Medical Products", "name_ar": "المنتجات الطبية الأخرى", "name_fr": "Autres produits médicaux", "name_de": "Andere medizinische Produkte", "name_en": "Other Medical Products", "category": 6, "image": "ProductSubCategory/images/other-medical-products5c917428-5c46-4b5f-bfd1-d6fa.jpg", "slug": "other-medical-products2e64ab79-ee5e-4df6-9251-fc65ded63c46", "created_on": "2022-09-03"}}, {"model": "supplier.productsubcategory", "pk": 42, "fields": {"name": "Beads & Jewelry Making", "name_ar": "صنع الخرز والمجوهرات", "name_fr": "Perles et fabrication de bijoux", "name_de": "Perlen- und Schmuckherstellung", "name_en": "Beads & Jewelry Making", "category": 7, "image": "ProductSubCategory/images/beads-jewelry-makingc7ef8b82-44ad-4ca5-bad3-6fa1ee.jpg", "slug": "beads-jewelry-making96e6c859-27b9-42fb-bef8-9ce63b80eb6c", "created_on": "2022-09-03"}}, {"model": "supplier.productsubcategory", "pk": 43, "fields": {"name": "Wedding & Engagement Jewelry", "name_ar": "مجوهرات الزفاف والخطوبة", "name_fr": "Bijoux de mariage et de fiançailles", "name_de": "Hochzeits- und Verlobungsschmuck", "name_en": "Wedding & Engagement Jewelry", "category": 7, "image": "ProductSubCategory/images/wedding-engagement-jewelry1529995a-c32e-4964-a12e-.jpg", "slug": "wedding-engagement-jewelry8b5ba2fe-95e8-4dde-b171-078c1cd95f67", "created_on": "2022-09-03"}}, {"model": "supplier.productsubcategory", "pk": 44, "fields": {"name": "Earrings", "name_ar": "أقراط", "name_fr": "Des boucles d'oreilles", "name_de": "Ohrringe", "name_en": "Earrings", "category": 7, "image": "ProductSubCategory/images/earrings03055561-aa2a-4934-917c-3d5e4c13e9a0-df861.jpg", "slug": "earrings4a2f78f4-432f-4f96-9492-42bd55a525b8", "created_on": "2022-09-03"}}, {"model": "supplier.productsubcategory", "pk": 45, "fields": {"name": "Necklaces & Pendants", "name_ar": "قلائد", "name_fr": "colliers et pendentifs", "name_de": "Halsketten und Anhänger", "name_en": "Necklaces & Pendants", "category": 7, "image": "ProductSubCategory/images/necklaces-pendants9bd3304c-2f04-4736-81d7-ea2fa8e0.jpg", "slug": "necklaces-pendants8ae08fc0-4239-45ad-978b-a79a8e2862cf", "created_on": "2022-09-03"}}, {"model": "supplier.productsubcategory", "pk": 46, "fields": {"name": "Bracelets & Bangles", "name_ar": "أساور", "name_fr": "Bracelets & Joncs", "name_de": "Armbänder & Armreifen", "name_en": "Bracelets & Bangles", "category": 7, "image": "ProductSubCategory/images/bracelets-banglesd66b5510-b0bc-4d1e-9343-c2b2c7973.jpg", "slug": "bracelets-bangles5e8f4f55-10e8-4377-bee9-1545ee1c047a", "created_on": "2022-09-03"}}, {"model": "supplier.productsubcategory", "pk": 47, "fields": {"name": "Other Jewelry", "name_ar": "مجوهرات أخرى", "name_fr": "D'autres Bijoux", "name_de": "Anderer Schmuck", "name_en": "Other Jewelry", "category": 7, "image": "ProductSubCategory/images/other-jewelry306acac5-ddb0-4bc8-94c5-4059dc79ca93-.jpg", "slug": "other-jewelry6ae171e2-70b2-4db5-8ff7-bbf542c4a5fd", "created_on": "2022-09-03"}}, {"model": "supplier.productsubcategory", "pk": 48, "fields": {"name": "Baby Food", "name_ar": "طعام للاطفال", "name_fr": "Nourriture pour bébés", "name_de": "Babynahrung", "name_en": "Baby Food", "category": 8, "image": "ProductSubCategory/images/baby-fooda2e46b05-49bd-4e84-8b24-9e4c0208dadb-6a7a.webp", "slug": "baby-food8a639b94-8685-4022-a33d-bd00543388d6", "created_on": "2022-09-03"}}, {"model": "supplier.productsubcategory", "pk": 49, "fields": {"name": "Baked Foods", "name_ar": "الأطعمة المخبوزة", "name_fr": "Aliments cuits au four", "name_de": "Gebackene Lebensmittel", "name_en": "Baked Foods", "category": 8, "image": "ProductSubCategory/images/baked-foodsd568d058-87f8-4d8c-99ec-8b6fe2601baa-eb.webp", "slug": "baked-foods3850d60d-9ce4-4166-9feb-6179be8c97c7", "created_on": "2022-09-03"}}, {"model": "supplier.productsubcategory", "pk": 50, "fields": {"name": "Beverages", "name_ar": "المشروبات", "name_fr": "Breuvages", "name_de": "Getränke", "name_en": "Beverages", "category": 8, "image": "ProductSubCategory/images/beveragesc8c4a54e-5159-4ceb-b0d1-c012ece6f41c-00ba.webp", "slug": "beveragesb97aab28-a67e-431e-94d2-3cb7e1f3bfa4", "created_on": "2022-09-03"}}, {"model": "supplier.productsubcategory", "pk": 51, "fields": {"name": "Canned Food", "name_ar": "طعام معلب", "name_fr": "Nourriture en boîte", "name_de": "Dosen Essen", "name_en": "Canned Food", "category": 8, "image": "ProductSubCategory/images/canned-food74c71796-71c3-4f2e-ad71-ccecd5812233-21.webp", "slug": "canned-foodfd9b7a4c-19b8-45c1-9b7d-e2a90f2bb93b", "created_on": "2022-09-03"}}, {"model": "supplier.productsubcategory", "pk": 52, "fields": {"name": "Confectionery", "name_ar": "الحلويات", "name_fr": "Confiserie", "name_de": "Süßwaren", "name_en": "Confectionery", "category": 8, "image": "ProductSubCategory/images/confectionery48388651-5555-49ec-9fbd-38268778f916-.webp", "slug": "confectionerycda1a58d-6b88-4399-9f55-7b4162173b0a", "created_on": "2022-09-03"}}, {"model": "supplier.productsubcategory", "pk": 53, "fields": {"name": "Dairy Products", "name_ar": "منتجات الألبان", "name_fr": "Les produits laitiers", "name_de": "Milchprodukte", "name_en": "Dairy Products", "category": 8, "image": "ProductSubCategory/images/dairy-productsc33d7c3e-6fb8-46ef-9a39-be38dd0c6a7c.webp", "slug": "dairy-products3be04eb2-2bf1-461e-b292-3f3f2339d000", "created_on": "2022-09-03"}}, {"model": "supplier.productsubcategory", "pk": 54, "fields": {"name": "Egg Products", "name_ar": "منتجات البيض", "name_fr": "Produits à base d'œufs", "name_de": "Eiprodukte", "name_en": "Egg Products", "category": 8, "image": "ProductSubCategory/images/egg-productsed6e4d5e-e1e6-4b14-ae01-34f3497eb460-b.webp", "slug": "egg-productsb89552da-5c98-493d-8ab7-cb1ce03b6439", "created_on": "2022-09-03"}}, {"model": "supplier.productsubcategory", "pk": 55, "fields": {"name": "Other Food", "name_ar": "طعام آخر", "name_fr": "Autre nourriture", "name_de": "Anderes Essen", "name_en": "Other Food", "category": 8, "image": "ProductSubCategory/images/other-food8b2ce97f-cbce-4b5c-af95-3a9d2a4bb91b-338.webp", "slug": "other-food26742083-8732-48a7-ae3f-5d7796271304", "created_on": "2022-09-03"}}, {"model": "supplier.productsubcategory", "pk": 56, "fields": {"name": "Environmental Products", "name_ar": "المنتجات البيئية", "name_fr": "Produits environnementaux", "name_de": "Umweltprodukte", "name_en": "Environmental Products", "category": 9, "image": "ProductSubCategory/images/environmental-productsdaefd254-5f2c-4791-be2b-eb59.jpg", "slug": "environmental-products24886228-f502-455f-95ee-c0d7bf8d16d3", "created_on": "2022-09-03"}}, {"model": "supplier.productsubcategory", "pk": 57, "fields": {"name": "Other Environment and Recycling Products", "name_ar": "منتجات البيئة وإعادة التدوير الأخرى", "name_fr": "Autres produits d'environnement et de recyclage", "name_de": "Andere Umwelt- und Recyclingprodukte", "name_en": "Other Environment and Recycling Products", "category": 9, "image": "ProductSubCategory/images/other-environment-and-recycling-products23606386-1.jpg", "slug": "other-environment-and-recycling-products07ca26b0-03ae-4a8f-b87e-64d4f6659c5e", "created_on": "2022-09-03"}}, {"model": "supplier.productsubcategory", "pk": 58, "fields": {"name": "Recycling Products", "name_ar": "منتجات إعادة التدوير", "name_fr": "Produits de recyclage", "name_de": "Recycling-Produkte", "name_en": "Recycling Products", "category": 9, "image": "ProductSubCategory/images/recycling-productsf6e88d90-91d3-422e-b44c-1de83be4.jpg", "slug": "recycling-products793cc405-6beb-4c00-910c-b523822c5f1c", "created_on": "2022-09-03"}}, {"model": "supplier.productsubcategory", "pk": 59, "fields": {"name": "Biodiesel and Biogas", "name_ar": "وقود الديزل الحيوي والغاز الحيوي", "name_fr": "Biodiesel et Biogaz", "name_de": "Biodiesel und Biogas", "name_en": "Biodiesel and Biogas", "category": 10, "image": "ProductSubCategory/images/biodiesel-and-biogaseb88cfae-e81e-4477-8f80-d07242.jpg", "slug": "biodiesel-and-biogasabe0960c-7efe-44c5-bdc1-64af2f914223", "created_on": "2022-09-03"}}, {"model": "supplier.productsubcategory", "pk": 60, "fields": {"name": "Charcoal and Coal", "name_ar": "الفحم والفحم", "name_fr": "Charbon et Charbon", "name_de": "Holzkohle und Kohle", "name_en": "Charcoal and Coal", "category": 10, "image": "ProductSubCategory/images/charcoal-and-coal53a19c0d-b359-4636-9ee0-f4f40290d.webp", "slug": "charcoal-and-coal3b405ef5-3f58-4951-9fb4-7dd8e3d7bc3a", "created_on": "2022-09-03"}}, {"model": "supplier.productsubcategory", "pk": 61, "fields": {"name": "Solar", "name_ar": "شمسي", "name_fr": "Solaire", "name_de": "Solar", "name_en": "Solar", "category": 10, "image": "ProductSubCategory/images/solar16841afc-a128-4da1-b4f4-a632deb24b6c-f08ea996.webp", "slug": "solar3f16d492-1727-4449-aa52-97975c300d86", "created_on": "2022-09-03"}}, {"model": "supplier.productsubcategory", "pk": 62, "fields": {"name": "Other Energy Sector Products", "name_ar": "منتجات قطاع الطاقة الأخرى", "name_fr": "Autres produits du secteur de l'énergie", "name_de": "Andere Produkte für den Energiesektor", "name_en": "Other Energy Sector Products", "category": 10, "image": "ProductSubCategory/images/other-energy-sector-products149a9675-7712-4654-921.webp", "slug": "other-energy-sector-products4ca45f56-4d6f-4f3a-9b9d-e58ea61bab8a", "created_on": "2022-09-03"}}, {"model": "supplier.productsubcategory", "pk": 63, "fields": {"name": "Electrical Instruments", "name_ar": "الآلات الكهربائية", "name_fr": "Instruments électriques", "name_de": "Elektrische Instrumente", "name_en": "Electrical Instruments", "category": 11, "image": "ProductSubCategory/images/electrical-instruments31ceff44-0214-4283-a838-9d12.jpg", "slug": "electrical-instrumentsd7b610a7-fc49-47a0-9a09-4e002749c5eb", "created_on": "2022-09-03"}}, {"model": "supplier.productsubcategory", "pk": 64, "fields": {"name": "Electrical Supplies", "name_ar": "اللوازم الكهربائية", "name_fr": "Materiel electrique", "name_de": "Elektrischen Ausrüstungen", "name_en": "Electrical Supplies", "category": 11, "image": "ProductSubCategory/images/electrical-supplies6641051e-4e9e-4b22-8551-573b365.jpg", "slug": "electrical-supplies38933375-d68f-4e39-b66f-d16615b312e7", "created_on": "2022-09-03"}}, {"model": "supplier.productsubcategory", "pk": 65, "fields": {"name": "Generators", "name_ar": "مولدات كهرباء", "name_fr": "Générateurs", "name_de": "Generatoren", "name_en": "Generators", "category": 11, "image": "ProductSubCategory/images/generatorsc6d109e6-2596-4070-900e-49b0d5c69eee-62c.jpg", "slug": "generatorsb14972e7-8777-402e-9c5b-f7105c13e352", "created_on": "2022-09-03"}}, {"model": "supplier.productsubcategory", "pk": 66, "fields": {"name": "Industrial Controls", "name_ar": "الضوابط الصناعية", "name_fr": "Contrôles industriels", "name_de": "Industrielle Steuerungen", "name_en": "Industrial Controls", "category": 11, "image": "ProductSubCategory/images/industrial-controlsf22a968f-3be8-4d38-a254-7dd7074.webp", "slug": "industrial-controls49772870-f061-40a7-a55a-76c21e1e29d2", "created_on": "2022-09-03"}}, {"model": "supplier.productsubcategory", "pk": 67, "fields": {"name": "Low Voltage Products", "name_ar": "منتجات الجهد المنخفض", "name_fr": "Produits basse tension", "name_de": "Niederspannungsprodukte", "name_en": "Low Voltage Products", "category": 11, "image": "ProductSubCategory/images/low-voltage-products3b31fc5b-ba64-43c8-b0b1-957d01.jpg", "slug": "low-voltage-productse2a39d2f-219a-46da-ad91-12e67f17ed4a", "created_on": "2022-09-03"}}, {"model": "supplier.productsubcategory", "pk": 68, "fields": {"name": "Medium & High Voltage Products", "name_ar": "منتجات الجهد المتوسط ​​والعالي", "name_fr": "Produits moyenne et haute tension", "name_de": "Mittel- und Hochspannungsprodukte", "name_en": "Medium & High Voltage Products", "category": 11, "image": "ProductSubCategory/images/medium-high-voltage-products87cc2e4f-1963-403a-967.jpg", "slug": "medium-high-voltage-products7d6c1160-58af-4ad1-a1b8-d88d58e19520", "created_on": "2022-09-03"}}, {"model": "supplier.productsubcategory", "pk": 69, "fields": {"name": "Power Supplies", "name_ar": "مزودات الطاقة", "name_fr": "Alimentations", "name_de": "Netzteile", "name_en": "Power Supplies", "category": 11, "image": "ProductSubCategory/images/power-suppliesdf8cf19e-149d-42f6-a08d-24d6c7ee30f9.jpg", "slug": "power-supplies8288abe6-f164-47bd-ae66-531db6dca236", "created_on": "2022-09-03"}}, {"model": "supplier.productsubcategory", "pk": 70, "fields": {"name": "Other Electrical Equipment", "name_ar": "معدات كهربائية أخرى", "name_fr": "Autre équipement électrique", "name_de": "Andere elektrische Geräte", "name_en": "Other Electrical Equipment", "category": 11, "image": "ProductSubCategory/images/other-electrical-equipmentb1226bbe-cb93-471c-ac09-.jpg", "slug": "other-electrical-equipment32f51adb-009e-48f1-86a6-1b6e5fa008f1", "created_on": "2022-09-03"}}, {"model": "supplier.productsubcategory", "pk": 71, "fields": {"name": "Camera, Photo & Accessories", "name_ar": "الكاميرا والصور والاكسسوارات", "name_fr": "Appareil photo, photo et accessoires", "name_de": "Kamera, Foto & Zubehör", "name_en": "Camera, Photo & Accessories", "category": 12, "image": "ProductSubCategory/images/camera-photo-accessories4f52b9a6-6fc3-4ac1-91ce-56.webp", "slug": "camera-photo-accessorieseb386ae3-05f7-4b67-9ebc-900c1760da12", "created_on": "2022-09-03"}}, {"model": "supplier.productsubcategory", "pk": 72, "fields": {"name": "Chargers, Batteries & Power Supplies", "name_ar": "الشواحن والبطاريات وامدادات الطاقة", "name_fr": "Chargeurs, batteries et alimentations", "name_de": "Ladegeräte, Akkus und Netzteile", "name_en": "Chargers, Batteries & Power Supplies", "category": 12, "image": "ProductSubCategory/images/chargers-batteries-power-suppliesab26032e-8601-4de.jpg", "slug": "chargers-batteries-power-suppliesf4e1daa9-664b-45e4-9210-266d88c24adb", "created_on": "2022-09-03"}}, {"model": "supplier.productsubcategory", "pk": 73, "fields": {"name": "Computer Hardware & Software", "name_ar": "أجهزة وبرامج الكمبيوتر", "name_fr": "Matériel informatique et logiciels", "name_de": "Computerhardware und -software", "name_en": "Computer Hardware & Software", "category": 12, "image": "ProductSubCategory/images/computer-hardware-softwarebd2c5d7a-133a-4f10-870c-.webp", "slug": "computer-hardware-software2da65fea-0c98-407f-a588-36fd8b971e63", "created_on": "2022-09-03"}}, {"model": "supplier.productsubcategory", "pk": 74, "fields": {"name": "Earphone & Headphone & Accessories", "name_ar": "سماعة وسماعة وملحقاتها", "name_fr": "Écouteurs et Casque et Accessoires", "name_de": "Kopfhörer und Kopfhörer & Zubehör", "name_en": "Earphone & Headphone & Accessories", "category": 12, "image": "ProductSubCategory/images/earphone-headphone-accessories41a66ae0-10ca-4449-a.webp", "slug": "earphone-headphone-accessoriesa8cbda16-ea71-414e-a619-7775230a6b30", "created_on": "2022-09-03"}}, {"model": "supplier.productsubcategory", "pk": 75, "fields": {"name": "Electronic Publications", "name_ar": "المنشورات الإلكترونية", "name_fr": "Publications électroniques", "name_de": "Elektronische Veröffentlichungen", "name_en": "Electronic Publications", "category": 12, "image": "ProductSubCategory/images/electronic-publications52748f03-97d2-492b-accf-4f2.webp", "slug": "electronic-publicationsb3035b16-98f8-4abd-9903-62eca1bfc52b", "created_on": "2022-09-03"}}, {"model": "supplier.productsubcategory", "pk": 76, "fields": {"name": "Home Audio, Video Accessories", "name_ar": "الصوت المنزلي ، ملحقات الفيديو", "name_fr": "Accessoires audio et vidéo pour la maison", "name_de": "Home-Audio, Video-Zubehör", "name_en": "Home Audio, Video Accessories", "category": 12, "image": "ProductSubCategory/images/home-audio-video-accessories54656dbf-b423-4089-848.webp", "slug": "home-audio-video-accessories38385881-364e-4771-bfb8-9a2fb8a62e7f", "created_on": "2022-09-03"}}, {"model": "supplier.productsubcategory", "pk": 77, "fields": {"name": "Mobile Phone & Accessories", "name_ar": "ملحقات الهاتف المحمول", "name_fr": "Accessoires de téléphonie mobile", "name_de": "Zubehör für Mobiltelefone", "name_en": "Mobile Phone & Accessories", "category": 12, "image": "ProductSubCategory/images/mobile-phone-accessories01beba14-fbf0-4fbf-944d-fb.webp", "slug": "mobile-phone-accessories1cfca8b9-42fa-4bf8-ab22-c9ec9cd14d8b", "created_on": "2022-09-03"}}, {"model": "supplier.productsubcategory", "pk": 78, "fields": {"name": "Other Consumer Electronics", "name_ar": "إلكترونيات استهلاكية أخرى", "name_fr": "Autre électronique grand public", "name_de": "Sonstige Unterhaltungselektronik", "name_en": "Other Consumer Electronics", "category": 12, "image": "ProductSubCategory/images/other-consumer-electronicse9838de0-6d2c-482d-80c9-.webp", "slug": "other-consumer-electronics948656c8-ba5d-43a9-bf1f-053a7ec5c0f3", "created_on": "2022-09-03"}}, {"model": "supplier.productsubcategory", "pk": 79, "fields": {"name": "Alarms", "name_ar": "إنذار", "name_fr": "Alarmes", "name_de": "Alarm", "name_en": "Alarms", "category": 13, "image": "ProductSubCategory/images/alarms764d7dc0-09c4-49ad-8f33-5b7425dced02-be93d9d.webp", "slug": "alarmse5abbec5-e551-4fa2-a3d8-2d03c4e73e47", "created_on": "2022-09-03"}}, {"model": "supplier.productsubcategory", "pk": 80, "fields": {"name": "Self Defense Supplies", "name_ar": "لوازم الدفاع عن النفس", "name_fr": "Fournitures d'autodéfense", "name_de": "Selbstverteidigungsbedarf", "name_en": "Self Defense Supplies", "category": 13, "image": "ProductSubCategory/images/self-defense-supplies02a89d0f-317c-4b24-8404-7b176.jpg", "slug": "self-defense-supplies670223a5-773b-4ec8-82c1-8fa087d8bb00", "created_on": "2022-09-03"}}, {"model": "supplier.productsubcategory", "pk": 81, "fields": {"name": "Surveillance Products", "name_ar": "منتجات المراقبة", "name_fr": "Surveillance Products", "name_de": "Überwachungsprodukte", "name_en": "Surveillance Products", "category": 13, "image": "ProductSubCategory/images/surveillance-products36249510-9e60-47d8-95fc-da8cf.webp", "slug": "surveillance-products3046ee1b-b472-4eca-93d5-b6cdee09c17a", "created_on": "2022-09-03"}}, {"model": "supplier.productsubcategory", "pk": 82, "fields": {"name": "Locks & Keys", "name_ar": "أقفال ومفاتيح", "name_fr": "Serrures et clés", "name_de": "Schlösser & Schlüssel", "name_en": "Locks & Keys", "category": 13, "image": "ProductSubCategory/images/locks-keyscd91592e-a7fd-4081-bc1a-5df5dba5cdde-8e1.jpg", "slug": "locks-keys9741a982-2e02-4676-bd9b-cc6da0a7dc0b", "created_on": "2022-09-03"}}, {"model": "supplier.productsubcategory", "pk": 83, "fields": {"name": "Safes", "name_ar": "خزائن", "name_fr": "Coffres-forts", "name_de": "Tresore", "name_en": "Safes", "category": 13, "image": "ProductSubCategory/images/safes404070bc-33f8-4de2-99b2-0e4ce07d2d29-a9098ff7.jpg", "slug": "safes0b50437a-fe40-4eec-b455-bb7220ea5845", "created_on": "2022-09-03"}}, {"model": "supplier.productsubcategory", "pk": 84, "fields": {"name": "IoT Solutions & Software", "name_ar": "حلول وبرامج إنترنت الأشياء", "name_fr": "Solutions et logiciels IdO", "name_de": "IoT-Lösungen und -Software", "name_en": "IoT Solutions & Software", "category": 13, "image": "ProductSubCategory/images/iot-solutions-softwared18347b1-1503-458c-8fcf-5b17.webp", "slug": "iot-solutions-softwareea939270-a2d1-4265-a084-10a71b9f0aa1", "created_on": "2022-09-03"}}, {"model": "supplier.productsubcategory", "pk": 85, "fields": {"name": "", "name_ar": "", "name_fr": "", "name_de": "", "name_en": "", "category": 13, "image": "", "slug": "5e42c3f5-9c44-4abd-ae43-bd7b23f89d05", "created_on": "2022-09-03"}}, {"model": "supplier.productsubcategory", "pk": 86, "fields": {"name": "Balustrades & Handrails", "name_ar": "الدرابزينات والدرابزين", "name_fr": "Balustrades et mains courantes", "name_de": "Balustraden & Handläufe", "name_en": "Balustrades & Handrails", "category": 14, "image": "ProductSubCategory/images/balustrades-handrails870675d6-0d3c-4d07-a3c0-abd03.jpg", "slug": "balustrades-handrails7c250d13-f4e6-491c-b2d4-27e51ad62cce", "created_on": "2022-09-03"}}, {"model": "supplier.productsubcategory", "pk": 87, "fields": {"name": "Bathroom & Kitchen", "name_ar": "الحمام والمطبخ", "name_fr": "Salle de bain et cuisine", "name_de": "Bad & Küche", "name_en": "Bathroom & Kitchen", "category": 14, "image": "ProductSubCategory/images/bathroom-kitchen3d2b39a4-8a3b-450c-8676-b61d4161e7.jpg", "slug": "bathroom-kitchen00f98e65-08aa-4ed9-be5b-041b677756a1", "created_on": "2022-09-03"}}, {"model": "supplier.productsubcategory", "pk": 88, "fields": {"name": "Building & Industrial Glass", "name_ar": "زجاج المباني والصناعية", "name_fr": "Verre de construction et industriel", "name_de": "Bau- und Industrieglas", "name_en": "Building & Industrial Glass", "category": 14, "image": "ProductSubCategory/images/building-industrial-glassc181150f-a729-47b9-97ca-b.jpg", "slug": "building-industrial-glass71e40251-4a19-4ab9-9096-cbb34504a90c", "created_on": "2022-09-03"}}, {"model": "supplier.productsubcategory", "pk": 89, "fields": {"name": "Building Boards", "name_ar": "لوحات البناء", "name_fr": "Panneaux de construction", "name_de": "Bauplatten", "name_en": "Building Boards", "category": 14, "image": "ProductSubCategory/images/building-boardseb2da591-bcff-410a-8a1e-8c5a5bfec8a.jpg", "slug": "building-boardsaddbcc0a-c9e1-44f5-8d3f-7675edcd4c8e", "created_on": "2022-09-03"}}, {"model": "supplier.productsubcategory", "pk": 90, "fields": {"name": "Ceilings", "name_ar": "الأسقف", "name_fr": "Plafonds", "name_de": "Decken", "name_en": "Ceilings", "category": 14, "image": "ProductSubCategory/images/ceilings6c334488-2094-4332-a2f6-141be19aad32-92839.jpg", "slug": "ceilings600fb522-0969-4153-ae4e-d1333e70dddd", "created_on": "2022-09-03"}}, {"model": "supplier.productsubcategory", "pk": 91, "fields": {"name": "Corner Guards", "name_ar": "حراس الزاوية", "name_fr": "Gardes d'angle", "name_de": "Eckenschutz", "name_en": "Corner Guards", "category": 14, "image": "ProductSubCategory/images/corner-guardse71ec2b1-6c94-4a66-a01e-309c04fdc7f7-.jpg", "slug": "corner-guardsb63a439a-0abe-4af7-b9b1-155f23c67b40", "created_on": "2022-09-03"}}, {"model": "supplier.productsubcategory", "pk": 92, "fields": {"name": "Door, Window & Accessories", "name_ar": "الباب والشبابيك والاكسسوارات", "name_fr": "Porte, fenêtre et accessoires", "name_de": "Tür, Fenster & Zubehör", "name_en": "Door, Window & Accessories", "category": 14, "image": "ProductSubCategory/images/door-window-accessoriescd1e31d4-25e9-4eea-884a-dd8.jpg", "slug": "door-window-accessories831d9fc0-cd4b-4543-9ec0-67e46e245fd5", "created_on": "2022-09-03"}}, {"model": "supplier.productsubcategory", "pk": 93, "fields": {"name": "Earthwork Products", "name_ar": "منتجات أعمال الحفر", "name_fr": "Produits de terrassement", "name_de": "Erdbauprodukte", "name_en": "Earthwork Products", "category": 14, "image": "ProductSubCategory/images/earthwork-products4046a9e5-fa27-4244-b538-e405b4da.jpg", "slug": "earthwork-products39b438a3-17ea-4b6e-9482-c27f752e0fa1", "created_on": "2022-09-03"}}, {"model": "supplier.productsubcategory", "pk": 94, "fields": {"name": "Other Construction Products", "name_ar": "منتجات البناء الأخرى", "name_fr": "Autres produits de construction", "name_de": "Andere Bauprodukte", "name_en": "Other Construction Products", "category": 14, "image": "ProductSubCategory/images/other-construction-products00c6b493-c9dd-47f6-b376.jpg", "slug": "other-construction-products4081a4ae-da5e-46b8-8b70-1b43d670fbe8", "created_on": "2022-09-03"}}, {"model": "supplier.productsubcategory", "pk": 95, "fields": {"name": "Sanitary Paper", "name_ar": "ورق صحي", "name_fr": "Papier sanitaire", "name_de": "Hygienepapier", "name_en": "Sanitary Paper", "category": 15, "image": "ProductSubCategory/images/sanitary-paper80478565-76d5-4840-ba8f-73626924b6bd.webp", "slug": "sanitary-paperb6dbf335-1b17-4181-8026-44a552e94e53", "created_on": "2022-09-03"}}, {"model": "supplier.productsubcategory", "pk": 96, "fields": {"name": "Oral Hygiene", "name_ar": "نظافة الفم", "name_fr": "Hygiène buccale", "name_de": "Mundhygiene", "name_en": "Oral Hygiene", "category": 15, "image": "ProductSubCategory/images/oral-hygienef6f1ed23-bee8-4d24-a780-9fc8c123ae4a-c.webp", "slug": "oral-hygiene8d370f6e-e8a4-4b89-a376-77e1e7c4bf55", "created_on": "2022-09-03"}}, {"model": "supplier.productsubcategory", "pk": 97, "fields": {"name": "Skin Care", "name_ar": "عناية بالجلد", "name_fr": "Soin de la peau", "name_de": "Hautpflege", "name_en": "Skin Care", "category": 15, "image": "ProductSubCategory/images/skin-care64dd0db8-9223-4ea8-942b-50301882619a-7114.webp", "slug": "skin-carebbca2516-4d17-4efa-b75e-4ddd3c56a616", "created_on": "2022-09-03"}}, {"model": "supplier.productsubcategory", "pk": 98, "fields": {"name": "Makeup", "name_ar": "ميك أب", "name_fr": "Se maquiller", "name_de": "Bilden", "name_en": "Makeup", "category": 15, "image": "ProductSubCategory/images/makeup8b07d0bf-0150-4fcd-8a91-42bd3cb3d629-3f75969.webp", "slug": "makeup061c37b9-56b8-4140-b2ce-96217f0b8d8c", "created_on": "2022-09-03"}}, {"model": "supplier.productsubcategory", "pk": 99, "fields": {"name": "Shaving & Hair Removal", "name_ar": "الحلاقة و نزع الشعر", "name_fr": "Rasage et épilation", "name_de": "Rasieren & Haarentfernung", "name_en": "Shaving & Hair Removal", "category": 15, "image": "ProductSubCategory/images/shaving-hair-removal60897186-f930-4e81-a65b-682cf3.jpg", "slug": "shaving-hair-removal874177d5-2888-425c-99ff-035d3b5199cf", "created_on": "2022-09-03"}}, {"model": "supplier.productsubcategory", "pk": 100, "fields": {"name": "Bath & Shower", "name_ar": "الحمام والاستحمام", "name_fr": "Bain douche", "name_de": "Bad & Dusche", "name_en": "Bath & Shower", "category": 15, "image": "ProductSubCategory/images/bath-shower01a788a7-5eca-4f1c-bffa-5285b4d168fb-af.webp", "slug": "bath-shower255f0c0f-dbc2-4d0e-b0d0-e143725c54ae", "created_on": "2022-09-03"}}, {"model": "supplier.productsubcategory", "pk": 101, "fields": {"name": "Hair Care & Styling", "name_ar": "العناية بالشعر وتصفيفه", "name_fr": "Soins des cheveux et coiffage", "name_de": "Haarpflege & Styling", "name_en": "Hair Care & Styling", "category": 15, "image": "ProductSubCategory/images/hair-care-styling120b75eb-f79b-40e4-a4fd-c6c51b1c4.jpg", "slug": "hair-care-styling9bd57a08-7b42-4b83-9415-eacb57598e54", "created_on": "2022-09-03"}}, {"model": "supplier.productsubcategory", "pk": 102, "fields": {"name": "Fragrances & Deodorants", "name_ar": "عطور ومزيلات العرق", "name_fr": "Parfums & Déodorants", "name_de": "Düfte & Deodorants", "name_en": "Fragrances & Deodorants", "category": 15, "image": "ProductSubCategory/images/fragrances-deodorants6ac30587-15a6-4f64-bfe7-612fa.webp", "slug": "fragrances-deodorants734a9fbd-9ea5-4015-9404-98bb59932a3f", "created_on": "2022-09-03"}}, {"model": "supplier.productsubcategory", "pk": 103, "fields": {"name": "Tattoo & Body Art", "name_ar": "الوشم وفن الجسم", "name_fr": "Tatouage et art corporel", "name_de": "Tattoo & Körperkunst", "name_en": "Tattoo & Body Art", "category": 15, "image": "ProductSubCategory/images/tattoo-body-artc28ee07d-f08d-47d7-97e8-70d78e8b17d.webp", "slug": "tattoo-body-art0f94860a-9a55-4196-8bfd-c22d416fb38a", "created_on": "2022-09-03"}}, {"model": "supplier.productsubcategory", "pk": 104, "fields": {"name": "Men's Pants", "name_ar": "بناطيل رجال", "name_fr": "Pantalons pour hommes", "name_de": "Männerhosen", "name_en": "Men's Pants", "category": 16, "image": "ProductSubCategory/images/mens-pantsf0cbeea4-0abc-4f85-b4d1-a6cdbf35789d-500.webp", "slug": "mens-pants8d3778d2-22f1-456d-8607-b77fb92996d7", "created_on": "2022-09-03"}}, {"model": "supplier.productsubcategory", "pk": 105, "fields": {"name": "Men's Shirts", "name_ar": "قمصان رجالية", "name_fr": "Chemises pour hommes", "name_de": "Männershirts", "name_en": "Men's Shirts", "category": 16, "image": "ProductSubCategory/images/mens-shirtsfa42f935-45b2-44fe-8dda-2bced82c5f83-ba.webp", "slug": "mens-shirtsfc79010c-5fc4-4647-8edf-3e2040d9d09e", "created_on": "2022-09-03"}}, {"model": "supplier.productsubcategory", "pk": 106, "fields": {"name": "Men's Sweaters", "name_ar": "كنزات رجالية", "name_fr": "Hommes de Chandails", "name_de": "Pullover für Herren", "name_en": "Men's Sweaters", "category": 16, "image": "ProductSubCategory/images/mens-sweaters53527e48-e476-42d7-8c3c-6a0302176318-.webp", "slug": "mens-sweatersfb07d8f0-2bac-4211-97a7-ab727af0e8e0", "created_on": "2022-09-03"}}, {"model": "supplier.productsubcategory", "pk": 107, "fields": {"name": "Suits & Blazers", "name_ar": "بدلات وسترات", "name_fr": "Costumes & Blazers", "name_de": "Anzüge & Blazer", "name_en": "Suits & Blazers", "category": 16, "image": "ProductSubCategory/images/suits-blazerse3f7989e-7cb8-4700-9492-97538de88d1a-.webp", "slug": "suits-blazers6fb492ae-277b-4a06-8588-edce715ce8a4", "created_on": "2022-09-03"}}, {"model": "supplier.productsubcategory", "pk": 108, "fields": {"name": "Men's Jackets & Coats", "name_ar": "جاكيتات ومعاطف رجالية", "name_fr": "Vestes & Manteaux Homme", "name_de": "Jacken & Mäntel für Herren", "name_en": "Men's Jackets & Coats", "category": 16, "image": "ProductSubCategory/images/mens-jackets-coats7ba28929-653f-42f1-b6ea-52e53c98.jpg", "slug": "mens-jackets-coatsea99a4ee-bb6e-42bd-bbae-8d6348eee926", "created_on": "2022-09-03"}}, {"model": "supplier.productsubcategory", "pk": 109, "fields": {"name": "Casual Shorts", "name_ar": "شورت كاجوال", "name_fr": "Short décontracté", "name_de": "Lässige Shorts", "name_en": "Casual Shorts", "category": 16, "image": "ProductSubCategory/images/casual-shorts6d3b1284-5a43-4003-9599-26c13024ab6f-.webp", "slug": "casual-shorts4abbefea-dfcd-489b-8f8a-44f767c205a1", "created_on": "2022-09-03"}}, {"model": "supplier.productsubcategory", "pk": 110, "fields": {"name": "Hoodies & Sweatshirts", "name_ar": "هوديس وبلوزات", "name_fr": "Sweats à capuche et sweat-shirts", "name_de": "Hoodies & Sweatshirts", "name_en": "Hoodies & Sweatshirts", "category": 16, "image": "ProductSubCategory/images/hoodies-sweatshirts578b3e5f-4b85-4c46-a309-007d5c6.jpg", "slug": "hoodies-sweatshirtsac8c3b79-dcde-47ef-8e77-c4544bd0f810", "created_on": "2022-09-03"}}, {"model": "supplier.productsubcategory", "pk": 111, "fields": {"name": "Other Mens' Clothes", "name_ar": "ملابس رجالية أخرى", "name_fr": "Autres vêtements pour hommes", "name_de": "Andere Herrenbekleidung", "name_en": "Other Mens' Clothes", "category": 16, "image": "ProductSubCategory/images/other-mens-clothes318139a0-5c65-4fe4-81bb-8cbae068.jpg", "slug": "other-mens-clothes36a3cbec-180b-4da2-bf4f-784ac389e754", "created_on": "2022-09-03"}}, {"model": "supplier.productsubcategory", "pk": 112, "fields": {"name": "Agricultural Machinery Parts", "name_ar": "قطع غيار الآلات الزراعية", "name_fr": "Pièces de machines agricoles", "name_de": "Landmaschinenteile", "name_en": "Agricultural Machinery Parts", "category": 17, "image": "ProductSubCategory/images/agricultural-machinery-partse79df2d7-3a88-4ab1-aad.jpg", "slug": "agricultural-machinery-partsfe7131ea-071e-4650-baa6-3067bdfcd2cd", "created_on": "2022-09-09"}}, {"model": "supplier.productsubcategory", "pk": 113, "fields": {"name": "Agricultural Sprayers", "name_ar": "مرشات زراعية", "name_fr": "Pulvérisateurs agricoles", "name_de": "Landwirtschaftliche Sprühgeräte", "name_en": "Agricultural Sprayers", "category": 17, "image": "ProductSubCategory/images/agricultural-sprayersb4d97546-d00d-4e2a-a6c6-ff23d.jpg", "slug": "agricultural-sprayers5c376067-73ae-4f8c-8287-6206b74538f2", "created_on": "2022-09-09"}}, {"model": "supplier.productsubcategory", "pk": 114, "fields": {"name": "Cultivators", "name_ar": "المزارعين", "name_fr": "Cultivatrices", "name_de": "Grubber", "name_en": "Cultivators", "category": 17, "image": "ProductSubCategory/images/cultivatorsf27fb935-1664-4bff-b48f-fbe116a88df0-4f.jpg", "slug": "cultivators6ebaa0ce-567e-4a56-b633-5fbe5713705a", "created_on": "2022-09-09"}}, {"model": "supplier.productsubcategory", "pk": 115, "fields": {"name": "Farm Irrigation Systems", "name_ar": "أنظمة ري المزرعة", "name_fr": "Systèmes d'irrigation agricole", "name_de": "Landwirtschaftliche Bewässerungssysteme", "name_en": "Farm Irrigation Systems", "category": 17, "image": "ProductSubCategory/images/farm-irrigation-systems238b2069-697f-43a4-8304-9f1.jpg", "slug": "farm-irrigation-systems2a014db3-976f-4018-813a-ec941f30457b", "created_on": "2022-09-09"}}, {"model": "supplier.productsubcategory", "pk": 116, "fields": {"name": "Fertilizer Spreaders", "name_ar": "رشاشات أسمدة", "name_fr": "Épandeurs d'engrais", "name_de": "Düngerstreuer", "name_en": "Fertilizer Spreaders", "category": 17, "image": "ProductSubCategory/images/fertilizer-spreaderse6de0094-ccf3-4ac6-a290-55ab50.jpg", "slug": "fertilizer-spreaders64a80524-8bfa-41b0-8ba6-596003ba389b", "created_on": "2022-09-09"}}, {"model": "supplier.productsubcategory", "pk": 117, "fields": {"name": "Baby Stroller & Accessories", "name_ar": "عربة اطفال واكسسوارات", "name_fr": "Bébé Poussette et Accessoires", "name_de": "Kinderwagen & Zubehör", "name_en": "Baby Stroller & Accessories", "category": 18, "image": "ProductSubCategory/images/baby-stroller-accessories7948cd53-60e0-4b3b-8cb3-b.jpg", "slug": "baby-stroller-accessories1a9382f0-62a0-402a-95aa-9bd5247e4744", "created_on": "2022-09-09"}}, {"model": "supplier.productsubcategory", "pk": 118, "fields": {"name": "Baby Souvenirs", "name_ar": "هدايا الأطفال", "name_fr": "Souvenirs de bébé", "name_de": "Baby-Souvenirs", "name_en": "Baby Souvenirs", "category": 18, "image": "ProductSubCategory/images/baby-souvenirsa93ee79e-43d7-4eaa-aa65-63c32df6f6ee.jpg", "slug": "baby-souvenirs9daa7594-e4fd-42ba-b96e-a6774252fb2f", "created_on": "2022-09-09"}}, {"model": "supplier.productsubcategory", "pk": 119, "fields": {"name": "Baby Care", "name_ar": "عناية الطفل", "name_fr": "Soins bébé", "name_de": "Säuglingspflege", "name_en": "Baby Care", "category": 18, "image": "ProductSubCategory/images/baby-care5ce79971-5e57-4997-b7d1-af8832ed4adf-5569.jpg", "slug": "baby-cared326d84a-0477-4b78-9252-be1042b1d6cb", "created_on": "2022-09-09"}}, {"model": "supplier.productsubcategory", "pk": 120, "fields": {"name": "Baby Shoes", "name_ar": "حذاء الطفل", "name_fr": "Chaussures de bébé", "name_de": "Baby Schuhe", "name_en": "Baby Shoes", "category": 18, "image": "ProductSubCategory/images/baby-shoes10ba1b52-9397-4790-9308-6092e801fed3-cdc.jpg", "slug": "baby-shoesbfd7e2f7-cdbc-4551-b4fe-7cd94626c297", "created_on": "2022-09-09"}}, {"model": "supplier.productsubcategory", "pk": 121, "fields": {"name": "Matching Family Outfits", "name_ar": "ملابس الأسرة المتطابقة", "name_fr": "Passende Familienoutfits", "name_de": "Passende Familienoutfits", "name_en": "Matching Family Outfits", "category": 18, "image": "ProductSubCategory/images/matching-family-outfitsd316c2eb-b295-4bcf-a305-404.jpg", "slug": "matching-family-outfitsbb76a58a-ae4a-43f5-b5c8-aa0e157bee69", "created_on": "2022-09-09"}}, {"model": "supplier.productsubcategory", "pk": 122, "fields": {"name": "Adhesives & Sealants", "name_ar": "المواد اللاصقة ومانعات التسرب", "name_fr": "Adhésifs et scellants", "name_de": "Kleb- und Dichtstoffe", "name_en": "Adhesives & Sealants", "category": 19, "image": "ProductSubCategory/images/adhesives-sealantsa417ba12-9eff-465e-813f-ad45436b.jpg", "slug": "adhesives-sealants7aef644c-4596-48ed-b6de-4ab22193554e", "created_on": "2022-09-09"}}, {"model": "supplier.productsubcategory", "pk": 123, "fields": {"name": "Admixture & Additives", "name_ar": "الخلط والإضافات", "name_fr": "Adjuvant & Additifs", "name_de": "Beimischung & Zusatzstoffe", "name_en": "Admixture & Additives", "category": 19, "image": "ProductSubCategory/images/admixture-additives8892c491-1d1e-49bd-94d2-bd0b86f.jpg", "slug": "admixture-additives6c3d8777-7c04-4072-9b22-7e0c4d7bde65", "created_on": "2022-09-09"}}, {"model": "supplier.productsubcategory", "pk": 124, "fields": {"name": "Catalysts", "name_ar": "المحفزات", "name_fr": "Catalyseurs", "name_de": "Katalysatoren", "name_en": "Catalysts", "category": 19, "image": "ProductSubCategory/images/catalysts1e3a462e-ffdd-4d30-87e7-ec8661c9e3e0-5a41.jpg", "slug": "catalystsba4b25d9-bf4f-4e01-8d9d-0395dc703322", "created_on": "2022-09-09"}}, {"model": "supplier.productsubcategory", "pk": 125, "fields": {"name": "Agrochemicals", "name_ar": "الكيماويات الزراعية", "name_fr": "Produits agrochimiques", "name_de": "Agrochemikalien", "name_en": "Agrochemicals", "category": 19, "image": "ProductSubCategory/images/agrochemicalsc9573197-3766-4ac1-b621-e42f43a710c4-.jpg", "slug": "agrochemicals30f6510b-3e91-48a7-84dd-7dce3efda08b", "created_on": "2022-09-09"}}, {"model": "supplier.productsubcategory", "pk": 126, "fields": {"name": "Biological Chemical Products", "name_ar": "المنتجات الكيماوية البيولوجية", "name_fr": "Produits Chimiques Biologiques", "name_de": "Biologische chemische Produkte", "name_en": "Biological Chemical Products", "category": 19, "image": "ProductSubCategory/images/biological-chemical-products4ab18881-3691-44ad-946.jpg", "slug": "biological-chemical-products13078e2f-84da-44ac-8a27-63aac5382a3b", "created_on": "2022-09-09"}}, {"model": "supplier.productsubcategory", "pk": 127, "fields": {"name": "Animal Feeds", "name_ar": "الأعلاف الحيوانية", "name_fr": "Aliments pour animaux", "name_de": "Tierfutter", "name_en": "Animal Feeds", "category": 20, "image": "ProductSubCategory/images/animal-feeds7917189d-41c1-4868-83bf-70b20f5f2a24-1.jpg", "slug": "animal-feeds1ed963d8-2f11-4637-8fc2-54e930c2b78a", "created_on": "2022-09-09"}}, {"model": "supplier.productsubcategory", "pk": 128, "fields": {"name": "Animal Products", "name_ar": "منتجات حيوانيه", "name_fr": "Produits animaux", "name_de": "Tierische Produkte", "name_en": "Animal Products", "category": 20, "image": "ProductSubCategory/images/animal-products5d05d524-68f3-49b8-a078-46ca57dfe41.jpg", "slug": "animal-products031ac424-57fe-4dae-a6b1-300ace56b80c", "created_on": "2022-09-09"}}, {"model": "supplier.productsubcategory", "pk": 129, "fields": {"name": "Fresh Fruits", "name_ar": "فواكه طازجة", "name_fr": "Fruits frais", "name_de": "Frische Früchte", "name_en": "Fresh Fruits", "category": 20, "image": "ProductSubCategory/images/fresh-fruits08c2f911-15ab-4ea8-a9ee-070214b9c655-5.jpg", "slug": "fresh-fruitse6a066cf-92d5-4316-9a73-642cc7bc877e", "created_on": "2022-09-09"}}, {"model": "supplier.productsubcategory", "pk": 130, "fields": {"name": "Vehicles", "name_ar": "فواكه طازجة", "name_fr": "Véhicules", "name_de": "Fahrzeuge", "name_en": "Vehicles", "category": 21, "image": "ProductSubCategory/images/vehiclescc0e0aa1-38ed-486b-a70e-719642fa63b7-bb7d3.jpg", "slug": "vehiclesa932a8e2-582c-4de9-92e8-c2a1acd800d2", "created_on": "2022-09-09"}}, {"model": "supplier.productsubcategory", "pk": 131, "fields": {"name": "Car Lights", "name_ar": "أضواء السيارة", "name_fr": "Feux de voiture", "name_de": "Autolichter", "name_en": "Car Lights", "category": 21, "image": "ProductSubCategory/images/car-lights9660c975-039a-4965-878a-829c04f5d7ea-511.jpg", "slug": "car-lights79c6ab70-d43a-4a2d-ada7-fbfe3acde87c", "created_on": "2022-09-09"}}, {"model": "supplier.productsubcategory", "pk": 132, "fields": {"name": "Car Repairs Tools", "name_ar": "أدوات إصلاح السيارات", "name_fr": "Outils de réparation de voiture", "name_de": "Werkzeuge für Autoreparaturen", "name_en": "Car Repairs Tools", "category": 21, "image": "ProductSubCategory/images/car-repairs-tools06125eb8-3487-473d-9cfe-b68531a1d.jpg", "slug": "car-repairs-tools98a66b30-3c19-488d-96e1-87e8ee833242", "created_on": "2022-09-09"}}, {"model": "supplier.productsubcategory", "pk": 133, "fields": {"name": "Motorcycle Accessories & Parts", "name_ar": "إكسسوارات وقطع غيار الدراجات النارية", "name_fr": "Moto Accessoires et Pièces", "name_de": "Motorradzubehör und -teile", "name_en": "Motorcycle Accessories & Parts", "category": 21, "image": "ProductSubCategory/images/motorcycle-accessories-parts208ab3a6-a24d-4ff0-ab9.jpg", "slug": "motorcycle-accessories-parts99456c89-f9cb-4f90-b74e-6498c516bca9", "created_on": "2022-09-09"}}, {"model": "supplier.productsubcategory", "pk": 134, "fields": {"name": "Rompers", "name_ar": "السروال القصير", "name_fr": "Barboteuse", "name_de": "Strampelhöschen", "name_en": "Rompers", "category": 22, "image": "ProductSubCategory/images/rompersa5bfec02-0dfa-41f4-a998-afe535cb14cc-37622d.jpg", "slug": "rompers6a666ef8-b5b4-4acd-9874-44216eeaae62", "created_on": "2022-09-09"}}, {"model": "supplier.productsubcategory", "pk": 135, "fields": {"name": "Body Suits", "name_ar": "بدلات الجسم", "name_fr": "Costumes de corps", "name_de": "Ganzkörperanzüge", "name_en": "Body Suits", "category": 22, "image": "ProductSubCategory/images/body-suitsf072bbfa-a147-44e1-a9a4-291ab4e4a522-4d1.jpg", "slug": "body-suitsa3f86c07-d2ab-4afd-baa0-433fe65a1bc6", "created_on": "2022-09-09"}}, {"model": "supplier.productsubcategory", "pk": 136, "fields": {"name": "Women's Pants & Capris", "name_ar": "بنطلون نسائي و Capris", "name_fr": "Pantalons et capris pour femmes", "name_de": "Hosen & Caprihosen für Damen", "name_en": "Women's Pants & Capris", "category": 22, "image": "ProductSubCategory/images/womens-pants-capris534647c7-fcf7-44a8-8fac-75a7aa7.jpg", "slug": "womens-pants-capris020ab9bc-91dd-4d42-bd35-02b5d766e414", "created_on": "2022-09-09"}}, {"model": "supplier.productsubcategory", "pk": 137, "fields": {"name": "Dresses", "name_ar": "فساتين", "name_fr": "Robes", "name_de": "Kleider", "name_en": "Dresses", "category": 22, "image": "ProductSubCategory/images/dressesf0237342-36ce-4bd6-96eb-c023d1857b8a-948c88.jpg", "slug": "dresses5268fba0-2e57-4022-96fd-01936b197849", "created_on": "2022-09-09"}}, {"model": "supplier.productsubcategory", "pk": 138, "fields": {"name": "Skirts", "name_ar": "تنانير", "name_fr": "Jupes", "name_de": "die Röcke", "name_en": "Skirts", "category": 22, "image": "ProductSubCategory/images/skirts93a9a027-a0da-49b7-974a-e3dc0ce851f1-8f99a88.jpg", "slug": "skirts362cdcf8-e08d-40c1-b52a-b437947feeb9", "created_on": "2022-09-09"}}, {"model": "supplier.productsubcategory", "pk": 139, "fields": {"name": "Women's Bottoms", "name_ar": "قيعان المرأة", "name_fr": "Bas pour femmes", "name_de": "Damenunterteile", "name_en": "Women's Bottoms", "category": 22, "image": "ProductSubCategory/images/womens-bottomse5ad447a-c4b0-437c-a629-f6b61e5d5b8a.jpg", "slug": "womens-bottomse6bbf7d9-2b2c-4910-ae4d-1850ba3ad0ef", "created_on": "2022-09-09"}}, {"model": "supplier.productsubcategory", "pk": 140, "fields": {"name": "Muslim Fashions", "name_ar": "أزياء مسلمة", "name_fr": "Modes musulmanes", "name_de": "Muslimische Mode", "name_en": "Muslim Fashions", "category": 22, "image": "ProductSubCategory/images/muslim-fashions2d1cf02a-a0b2-4bb2-9671-be3da3350ca.jpg", "slug": "muslim-fashions94567a1d-21f6-4a20-a691-75fa3fbab80a", "created_on": "2022-09-09"}}, {"model": "supplier.product", "pk": 3, "fields": {"name": "Fashion Hard Matte Back Case For Xiaomi Mi 11 Lite", "name_ar": "Fashion Hard Matte Back Case For Xiaomi Mi 11 Lite", "name_fr": "Fashion Hard Matte Back Case For Xiaomi Mi 11 Lite", "name_de": "Fashion Hard Matte Back Case For Xiaomi Mi 11 Lite", "name_en": "Fashion Hard Matte Back Case For Xiaomi Mi 11 Lite", "description": "rand Name: WolkerflyCompatible Brand: XIAOMIOrigin: Mainland ChinaType: Full CoverageFeatures: Anti-Fingerprint,Anti-Scratch,DustproofDesign: Plain,Transparent,Cartoon,Animal", "description_ar": "rand Name: WolkerflyCompatible Brand: XIAOMIOrigin: Mainland ChinaType: Full CoverageFeatures: Anti-Fingerprint,Anti-Scratch,DustproofDesign: Plain,Transparent,Cartoon,Animal", "description_fr": "rand Name: WolkerflyCompatible Brand: XIAOMIOrigin: Mainland ChinaType: Full CoverageFeatures: Anti-Fingerprint,Anti-Scratch,DustproofDesign: Plain,Transparent,Cartoon,Animal", "description_de": "rand Name: WolkerflyCompatible Brand: XIAOMIOrigin: Mainland ChinaType: Full CoverageFeatures: Anti-Fingerprint,Anti-Scratch,DustproofDesign: Plain,Transparent,Cartoon,Animal", "description_en": "rand Name: WolkerflyCompatible Brand: XIAOMIOrigin: Mainland ChinaType: Full CoverageFeatures: Anti-Fingerprint,Anti-Scratch,DustproofDesign: Plain,Transparent,Cartoon,Animal", "category": 12, "sub_category": 77, "price": "50.00", "price_ar": "50.00", "price_fr": "50.00", "price_de": "50.00", "price_en": "50.00", "currency": "USD", "currency_ar": "USD", "currency_fr": "USD", "currency_de": "USD", "currency_en": "USD", "slug": "fashion-hard-matte-back-case-for-xiaomi-mi-11-lite9596706a-6b31-48c8-b406-8e027f8205c4", "created_on": "2022-09-09", "store": [2]}}, {"model": "supplier.product", "pk": 4, "fields": {"name": "Magnetic Wireless Charger", "name_ar": "Magnetic Wireless Charger", "name_fr": "Magnetic Wireless Charger", "name_de": "Magnetic Wireless Charger", "name_en": "Magnetic Wireless Charger", "description": "Fast Charging Turbo Station Dock Stand Holder Base Brand Name: energy fortFeatures: With Cable,With holder,Magnetic Wireless ChargersConnector Type: Type COrigin: Mainland ChinaSet Type: With USB CableCertification: CEMax Charge Equiement Number: 1-4Max. Output Power: 40W", "description_ar": "Fast Charging Turbo Station Dock Stand Holder Base Brand Name: energy fortFeatures: With Cable,With holder,Magnetic Wireless ChargersConnector Type: Type COrigin: Mainland ChinaSet Type: With USB CableCertification: CEMax Charge Equiement Number: 1-4Max. Output Power: 40W", "description_fr": "Fast Charging Turbo Station Dock Stand Holder Base Brand Name: energy fortFeatures: With Cable,With holder,Magnetic Wireless ChargersConnector Type: Type COrigin: Mainland ChinaSet Type: With USB CableCertification: CEMax Charge Equiement Number: 1-4Max. Output Power: 40W", "description_de": "Fast Charging Turbo Station Dock Stand Holder Base Brand Name: energy fortFeatures: With Cable,With holder,Magnetic Wireless ChargersConnector Type: Type COrigin: Mainland ChinaSet Type: With USB CableCertification: CEMax Charge Equiement Number: 1-4Max. Output Power: 40W", "description_en": "Fast Charging Turbo Station Dock Stand Holder Base Brand Name: energy fortFeatures: With Cable,With holder,Magnetic Wireless ChargersConnector Type: Type COrigin: Mainland ChinaSet Type: With USB CableCertification: CEMax Charge Equiement Number: 1-4Max. Output Power: 40W", "category": 12, "sub_category": 77, "price": "50.00", "price_ar": "50.00", "price_fr": "50.00", "price_de": "50.00", "price_en": "50.00", "currency": "USD", "currency_ar": "USD", "currency_fr": "USD", "currency_de": "USD", "currency_en": "USD", "slug": "magnetic-wireless-charger7e02d62f-c3cf-4d9e-a046-6a4651e674ab", "created_on": "2022-09-09", "store": [2]}}, {"model": "supplier.product", "pk": 5, "fields": {"name": "150mm Electronic Digital Caliper ", "name_ar": "150mm Electronic Digital Caliper ", "name_fr": "150mm Electronic Digital Caliper ", "name_de": "150mm Electronic Digital Caliper ", "name_en": "150mm Electronic Digital Caliper ", "description": "Carbon Fiber Dial Vernier Caliper Gauge Pachometer Digital Micrometer Measuring Tools Carbon Fiber Dial Vernier Caliper Gauge Pachometer Digital Micrometer Measuring Tools Carbon Fiber Dial Vernier Caliper Gauge Pachometer Digital Micrometer Measuring Tools", "description_ar": "Carbon Fiber Dial Vernier Caliper Gauge Pachometer Digital Micrometer Measuring Tools Carbon Fiber Dial Vernier Caliper Gauge Pachometer Digital Micrometer Measuring Tools Carbon Fiber Dial Vernier Caliper Gauge Pachometer Digital Micrometer Measuring Tools", "description_fr": "Carbon Fiber Dial Vernier Caliper Gauge Pachometer Digital Micrometer Measuring Tools Carbon Fiber Dial Vernier Caliper Gauge Pachometer Digital Micrometer Measuring Tools Carbon Fiber Dial Vernier Caliper Gauge Pachometer Digital Micrometer Measuring Tools", "description_de": "Carbon Fiber Dial Vernier Caliper Gauge Pachometer Digital Micrometer Measuring Tools Carbon Fiber Dial Vernier Caliper Gauge Pachometer Digital Micrometer Measuring Tools Carbon Fiber Dial Vernier Caliper Gauge Pachometer Digital Micrometer Measuring Tools", "description_en": "Carbon Fiber Dial Vernier Caliper Gauge Pachometer Digital Micrometer Measuring Tools Carbon Fiber Dial Vernier Caliper Gauge Pachometer Digital Micrometer Measuring Tools Carbon Fiber Dial Vernier Caliper Gauge Pachometer Digital Micrometer Measuring Tools", "category": 12, "sub_category": 78, "price": "100.00", "price_ar": "100.00", "price_fr": "100.00", "price_de": "100.00", "price_en": "100.00", "currency": "USD", "currency_ar": "USD", "currency_fr": "USD", "currency_de": "USD", "currency_en": "USD", "slug": "150mm-electronic-digital-caliper-116cdad5-b345-4afb-b121-6e7a52e9c9e2", "created_on": "2022-09-09", "store": [1]}}, {"model": "supplier.product", "pk": 6, "fields": {"name": "Case Strap Bundle for Samsung Galaxy Watch5 4 Classic 46mm Band Cover Smart Watch Accessories", "name_ar": "Case Strap Bundle for Samsung Galaxy Watch5 4 Classic 46mm Band Cover Smart Watch Accessories", "name_fr": "Case Strap Bundle for Samsung Galaxy Watch5 4 Classic 46mm Band Cover Smart Watch Accessories", "name_de": "Case Strap Bundle for Samsung Galaxy Watch5 4 Classic 46mm Band Cover Smart Watch Accessories", "name_en": "Case Strap Bundle for Samsung Galaxy Watch5 4 Classic 46mm Band Cover Smart Watch Accessories", "description": "Unique Design: Case & Strap Bundle Precisely designed for the Galaxy Watch 4 Classic 46mm.\r\n\r\nFull Access to All Functions: Compatible with BIA Body Composition Measurement and Heart Rate Monitoring Feature with precise Button Cut-Out design.\r\n\r\nStrong Bumper: All-around scratch defense with shock-absorbing TPU material, Raised bezels around the screen for extra screen protection.\r\n\r\nPackage include: Case*1, Strap*1", "description_ar": "Unique Design: Case & Strap Bundle Precisely designed for the Galaxy Watch 4 Classic 46mm.\r\n\r\nFull Access to All Functions: Compatible with BIA Body Composition Measurement and Heart Rate Monitoring Feature with precise Button Cut-Out design.\r\n\r\nStrong Bumper: All-around scratch defense with shock-absorbing TPU material, Raised bezels around the screen for extra screen protection.\r\n\r\nPackage include: Case*1, Strap*1", "description_fr": "Unique Design: Case & Strap Bundle Precisely designed for the Galaxy Watch 4 Classic 46mm.\r\n\r\nFull Access to All Functions: Compatible with BIA Body Composition Measurement and Heart Rate Monitoring Feature with precise Button Cut-Out design.\r\n\r\nStrong Bumper: All-around scratch defense with shock-absorbing TPU material, Raised bezels around the screen for extra screen protection.\r\n\r\nPackage include: Case*1, Strap*1", "description_de": "Unique Design: Case & Strap Bundle Precisely designed for the Galaxy Watch 4 Classic 46mm.\r\n\r\nFull Access to All Functions: Compatible with BIA Body Composition Measurement and Heart Rate Monitoring Feature with precise Button Cut-Out design.\r\n\r\nStrong Bumper: All-around scratch defense with shock-absorbing TPU material, Raised bezels around the screen for extra screen protection.\r\n\r\nPackage include: Case*1, Strap*1", "description_en": "Unique Design: Case & Strap Bundle Precisely designed for the Galaxy Watch 4 Classic 46mm.\r\n\r\nFull Access to All Functions: Compatible with BIA Body Composition Measurement and Heart Rate Monitoring Feature with precise Button Cut-Out design.\r\n\r\nStrong Bumper: All-around scratch defense with shock-absorbing TPU material, Raised bezels around the screen for extra screen protection.\r\n\r\nPackage include: Case*1, Strap*1", "category": 16, "sub_category": 111, "price": "40.00", "price_ar": "40.00", "price_fr": "40.00", "price_de": "40.00", "price_en": "40.00", "currency": "EURO", "currency_ar": "EURO", "currency_fr": "EURO", "currency_de": "EURO", "currency_en": "EURO", "slug": "case-strap-bundle-for-samsung-galaxy-watch5-4-classic-46mm-band-cover-smart-watch-accessories21f5c332-c364-49f6-be63-ea25b4ac3900", "created_on": "2022-09-09", "store": [3]}}, {"model": "supplier.product", "pk": 7, "fields": {"name": "Outdoor Military Rucksacks", "name_ar": "Outdoor Military Rucksacks", "name_fr": "Outdoor Military Rucksacks", "name_de": "Outdoor Military Rucksacks", "name_en": "Outdoor Military Rucksacks", "description": "50L 1000D Nylon Waterproof Trekking Fishing Hunting Bag Backpack Outdoor Military Rucksacks Tactical Sports Camping Hiking", "description_ar": "50L 1000D Nylon Waterproof Trekking Fishing Hunting Bag Backpack Outdoor Military Rucksacks Tactical Sports Camping Hiking", "description_fr": "50L 1000D Nylon Waterproof Trekking Fishing Hunting Bag Backpack Outdoor Military Rucksacks Tactical Sports Camping Hiking", "description_de": "50L 1000D Nylon Waterproof Trekking Fishing Hunting Bag Backpack Outdoor Military Rucksacks Tactical Sports Camping Hiking", "description_en": "50L 1000D Nylon Waterproof Trekking Fishing Hunting Bag Backpack Outdoor Military Rucksacks Tactical Sports Camping Hiking", "category": 16, "sub_category": 111, "price": "90.00", "price_ar": "90.00", "price_fr": "90.00", "price_de": "90.00", "price_en": "90.00", "currency": "EURO", "currency_ar": "EURO", "currency_fr": "EURO", "currency_de": "EURO", "currency_en": "EURO", "slug": "outdoor-military-rucksacks1f4397e5-25c1-4fa8-9fec-e703ae6e3fd9", "created_on": "2022-09-09", "store": [3]}}, {"model": "supplier.product", "pk": 8, "fields": {"name": "Women Fashion Oversized Bomber Jackets", "name_ar": "Women Fashion Oversized Bomber Jackets", "name_fr": "Women Fashion Oversized Bomber Jackets", "name_de": "Women Fashion Oversized Bomber Jackets", "name_en": "Women Fashion Oversized Bomber Jackets", "description": "Brand Name: Will shela Decoration: Pockets Age: 25-34 Thickness: STANDARD Material: Polyester Style: vintage Hooded: No Origin: Mainland China CN: Jiangsu Pattern Type: Solid Sleeve Length(cm): Full Outerwear Type: Jackets Gender: WOMEN Release Date: SS2022Clothing Length: Regular Type: Wide-waisted Item Type: Outerwear & Coats Place Of Origin: China (Mainland)Model Number: 9518XQJ75Collar: O-Neck Closure Type: zipper Sleeve Style: Regular", "description_ar": "Brand Name: Will shela Decoration: Pockets Age: 25-34 Thickness: STANDARD Material: Polyester Style: vintage Hooded: No Origin: Mainland China CN: Jiangsu Pattern Type: Solid Sleeve Length(cm): Full Outerwear Type: Jackets Gender: WOMEN Release Date: SS2022Clothing Length: Regular Type: Wide-waisted Item Type: Outerwear & Coats Place Of Origin: China (Mainland)Model Number: 9518XQJ75Collar: O-Neck Closure Type: zipper Sleeve Style: Regular", "description_fr": "Brand Name: Will shela Decoration: Pockets Age: 25-34 Thickness: STANDARD Material: Polyester Style: vintage Hooded: No Origin: Mainland China CN: Jiangsu Pattern Type: Solid Sleeve Length(cm): Full Outerwear Type: Jackets Gender: WOMEN Release Date: SS2022Clothing Length: Regular Type: Wide-waisted Item Type: Outerwear & Coats Place Of Origin: China (Mainland)Model Number: 9518XQJ75Collar: O-Neck Closure Type: zipper Sleeve Style: Regular", "description_de": "Brand Name: Will shela Decoration: Pockets Age: 25-34 Thickness: STANDARD Material: Polyester Style: vintage Hooded: No Origin: Mainland China CN: Jiangsu Pattern Type: Solid Sleeve Length(cm): Full Outerwear Type: Jackets Gender: WOMEN Release Date: SS2022Clothing Length: Regular Type: Wide-waisted Item Type: Outerwear & Coats Place Of Origin: China (Mainland)Model Number: 9518XQJ75Collar: O-Neck Closure Type: zipper Sleeve Style: Regular", "description_en": "Brand Name: Will shela Decoration: Pockets Age: 25-34 Thickness: STANDARD Material: Polyester Style: vintage Hooded: No Origin: Mainland China CN: Jiangsu Pattern Type: Solid Sleeve Length(cm): Full Outerwear Type: Jackets Gender: WOMEN Release Date: SS2022Clothing Length: Regular Type: Wide-waisted Item Type: Outerwear & Coats Place Of Origin: China (Mainland)Model Number: 9518XQJ75Collar: O-Neck Closure Type: zipper Sleeve Style: Regular", "category": 16, "sub_category": 111, "price": "20.00", "price_ar": "20.00", "price_fr": "20.00", "price_de": "20.00", "price_en": "20.00", "currency": "EURO", "currency_ar": "EURO", "currency_fr": "EURO", "currency_de": "EURO", "currency_en": "EURO", "slug": "women-fashion-oversized-bomber-jackets07297421-9b3b-4cd9-9236-3407552526b4", "created_on": "2022-09-09", "store": [3]}}, {"model": "supplier.product", "pk": 9, "fields": {"name": "2022 Almeria Shirt Jerseys", "name_ar": "2022 Almeria Shirt Jerseys", "name_fr": "2022 Almeria Shirt Jerseys", "name_de": "2022 Almeria Shirt Jerseys", "name_en": "2022 Almeria Shirt Jerseys", "description": "Brand Name: Prowow Applicable Scene: DRESS Sleeve Length(cm): Short Applicable Season: Four Seasons Style: Casual Origin: Mainland China CN: Guangdong Material: nylon,Acrylic Collar: O-Neck Sleeve Style: S Hooded: No Fabric Type: Broadcloth Gender: MEN Pattern Type: Solid Tops Type: Tees Item Type: Tops", "description_ar": "Brand Name: Prowow Applicable Scene: DRESS Sleeve Length(cm): Short Applicable Season: Four Seasons Style: Casual Origin: Mainland China CN: Guangdong Material: nylon,Acrylic Collar: O-Neck Sleeve Style: S Hooded: No Fabric Type: Broadcloth Gender: MEN Pattern Type: Solid Tops Type: Tees Item Type: Tops", "description_fr": "Brand Name: Prowow Applicable Scene: DRESS Sleeve Length(cm): Short Applicable Season: Four Seasons Style: Casual Origin: Mainland China CN: Guangdong Material: nylon,Acrylic Collar: O-Neck Sleeve Style: S Hooded: No Fabric Type: Broadcloth Gender: MEN Pattern Type: Solid Tops Type: Tees Item Type: Tops", "description_de": "Brand Name: Prowow Applicable Scene: DRESS Sleeve Length(cm): Short Applicable Season: Four Seasons Style: Casual Origin: Mainland China CN: Guangdong Material: nylon,Acrylic Collar: O-Neck Sleeve Style: S Hooded: No Fabric Type: Broadcloth Gender: MEN Pattern Type: Solid Tops Type: Tees Item Type: Tops", "description_en": "Brand Name: Prowow Applicable Scene: DRESS Sleeve Length(cm): Short Applicable Season: Four Seasons Style: Casual Origin: Mainland China CN: Guangdong Material: nylon,Acrylic Collar: O-Neck Sleeve Style: S Hooded: No Fabric Type: Broadcloth Gender: MEN Pattern Type: Solid Tops Type: Tees Item Type: Tops", "category": 16, "sub_category": 105, "price": "80.00", "price_ar": "80.00", "price_fr": "80.00", "price_de": "80.00", "price_en": "80.00", "currency": "USD", "currency_ar": "USD", "currency_fr": "USD", "currency_de": "USD", "currency_en": "USD", "slug": "2022-almeria-shirt-jerseys01c89b0c-e73e-40b2-bd78-68d7b1e111ec", "created_on": "2022-09-09", "store": [3]}}, {"model": "supplier.product", "pk": 10, "fields": {"name": "Military Bomber Jacket", "name_ar": "Military Bomber Jacket", "name_fr": "Military Bomber Jacket", "name_de": "Military Bomber Jacket", "name_en": "Military Bomber Jacket", "description": "Military Bomber Jacket Men Casual Cotton Mens Jackets & Coats Men's Slim Fit Warm Windbreaker Windproof Fashion Clothing Coat\r\nBrand Name: TOLOER Origin: Mainland China CN: Fujian Applicable Season: Autumn And Winter Material: Cotton Thickness: STANDARD Lining Material: Polyester Applicable Scene: Casual Style: Casual Outerwear Type: Jackets Cuff Style: Conventional Gender: MEN Clothing Length: Regular Item Type: Outerwear & Coats Place Of Origin: China (Mainland)Type: Regular Collar: STAND Closure Type: zipper Sleeve Style: Regular Hooded: No Pattern Type: Solid", "description_ar": "Military Bomber Jacket Men Casual Cotton Mens Jackets & Coats Men's Slim Fit Warm Windbreaker Windproof Fashion Clothing Coat\r\nBrand Name: TOLOER Origin: Mainland China CN: Fujian Applicable Season: Autumn And Winter Material: Cotton Thickness: STANDARD Lining Material: Polyester Applicable Scene: Casual Style: Casual Outerwear Type: Jackets Cuff Style: Conventional Gender: MEN Clothing Length: Regular Item Type: Outerwear & Coats Place Of Origin: China (Mainland)Type: Regular Collar: STAND Closure Type: zipper Sleeve Style: Regular Hooded: No Pattern Type: Solid", "description_fr": "Military Bomber Jacket Men Casual Cotton Mens Jackets & Coats Men's Slim Fit Warm Windbreaker Windproof Fashion Clothing Coat\r\nBrand Name: TOLOER Origin: Mainland China CN: Fujian Applicable Season: Autumn And Winter Material: Cotton Thickness: STANDARD Lining Material: Polyester Applicable Scene: Casual Style: Casual Outerwear Type: Jackets Cuff Style: Conventional Gender: MEN Clothing Length: Regular Item Type: Outerwear & Coats Place Of Origin: China (Mainland)Type: Regular Collar: STAND Closure Type: zipper Sleeve Style: Regular Hooded: No Pattern Type: Solid", "description_de": "Military Bomber Jacket Men Casual Cotton Mens Jackets & Coats Men's Slim Fit Warm Windbreaker Windproof Fashion Clothing Coat\r\nBrand Name: TOLOER Origin: Mainland China CN: Fujian Applicable Season: Autumn And Winter Material: Cotton Thickness: STANDARD Lining Material: Polyester Applicable Scene: Casual Style: Casual Outerwear Type: Jackets Cuff Style: Conventional Gender: MEN Clothing Length: Regular Item Type: Outerwear & Coats Place Of Origin: China (Mainland)Type: Regular Collar: STAND Closure Type: zipper Sleeve Style: Regular Hooded: No Pattern Type: Solid", "description_en": "Military Bomber Jacket Men Casual Cotton Mens Jackets & Coats Men's Slim Fit Warm Windbreaker Windproof Fashion Clothing Coat\r\nBrand Name: TOLOER Origin: Mainland China CN: Fujian Applicable Season: Autumn And Winter Material: Cotton Thickness: STANDARD Lining Material: Polyester Applicable Scene: Casual Style: Casual Outerwear Type: Jackets Cuff Style: Conventional Gender: MEN Clothing Length: Regular Item Type: Outerwear & Coats Place Of Origin: China (Mainland)Type: Regular Collar: STAND Closure Type: zipper Sleeve Style: Regular Hooded: No Pattern Type: Solid", "category": 16, "sub_category": 108, "price": "26.00", "price_ar": "26.00", "price_fr": "26.00", "price_de": "26.00", "price_en": "26.00", "currency": "EURO", "currency_ar": "EURO", "currency_fr": "EURO", "currency_de": "EURO", "currency_en": "EURO", "slug": "military-bomber-jacketbd9fd5e7-d982-4f2e-8853-748a41f292c7", "created_on": "2022-09-09", "store": [3]}}, {"model": "supplier.productimage", "pk": 5, "fields": {"product": 3, "image": "ProductImage/images/fashion-ha-aa2fcbf9-b715-4f31-b5fd-e0e2f1e87001-dd.jpeg", "slug": "fashion-ha-aa2fcbf9-b715-4f31-b5fd-e0e2f1e87001", "created_on": "2022-09-09"}}, {"model": "supplier.productimage", "pk": 6, "fields": {"product": 3, "image": "ProductImage/images/fashion-ha-42550f10-115d-4551-b61e-51249f17b5c6-16.jpeg", "slug": "fashion-ha-42550f10-115d-4551-b61e-51249f17b5c6", "created_on": "2022-09-09"}}, {"model": "supplier.productimage", "pk": 7, "fields": {"product": 3, "image": "ProductImage/images/fashion-ha-813691b4-fd59-4a2f-91a3-c825a8917e5d-a7.jpeg", "slug": "fashion-ha-813691b4-fd59-4a2f-91a3-c825a8917e5d", "created_on": "2022-09-09"}}, {"model": "supplier.productimage", "pk": 8, "fields": {"product": 4, "image": "ProductImage/images/magnetic-w-2424898b-d1b3-42af-854c-e4402a61b8bd-8e.jpeg", "slug": "magnetic-w-2424898b-d1b3-42af-854c-e4402a61b8bd", "created_on": "2022-09-09"}}, {"model": "supplier.productimage", "pk": 9, "fields": {"product": 4, "image": "ProductImage/images/magnetic-w-f8af91cb-6933-4124-bf53-5ce9b916a9e2-a2.jpeg", "slug": "magnetic-w-f8af91cb-6933-4124-bf53-5ce9b916a9e2", "created_on": "2022-09-09"}}, {"model": "supplier.productimage", "pk": 10, "fields": {"product": 4, "image": "ProductImage/images/magnetic-w-6ad5d31d-501d-4970-89b2-114315bccdad-f4.jpeg", "slug": "magnetic-w-6ad5d31d-501d-4970-89b2-114315bccdad", "created_on": "2022-09-09"}}, {"model": "supplier.productimage", "pk": 11, "fields": {"product": 4, "image": "ProductImage/images/magnetic-w-4b0c36de-8dbf-4f21-80bf-db34939df4f8-2a.jpeg", "slug": "magnetic-w-4b0c36de-8dbf-4f21-80bf-db34939df4f8", "created_on": "2022-09-09"}}, {"model": "supplier.productimage", "pk": 12, "fields": {"product": 5, "image": "ProductImage/images/150mm-elec-c45b7643-9d09-4f8f-8c77-f37a53508235-ea.jpeg", "slug": "150mm-elec-c45b7643-9d09-4f8f-8c77-f37a53508235", "created_on": "2022-09-09"}}, {"model": "supplier.productimage", "pk": 13, "fields": {"product": 5, "image": "ProductImage/images/150mm-elec-44ed8026-c91b-4dba-82e3-978616af0538-30.jpeg", "slug": "150mm-elec-44ed8026-c91b-4dba-82e3-978616af0538", "created_on": "2022-09-09"}}, {"model": "supplier.productimage", "pk": 14, "fields": {"product": 5, "image": "ProductImage/images/150mm-elec-42a68c6a-5ac3-4bf4-a11b-0bb972d76ee5-6e.jpeg", "slug": "150mm-elec-42a68c6a-5ac3-4bf4-a11b-0bb972d76ee5", "created_on": "2022-09-09"}}, {"model": "supplier.productimage", "pk": 15, "fields": {"product": 5, "image": "ProductImage/images/150mm-elec-2db11818-f55a-45d3-893a-afc3f4612b8d-58.jpeg", "slug": "150mm-elec-2db11818-f55a-45d3-893a-afc3f4612b8d", "created_on": "2022-09-09"}}, {"model": "supplier.productimage", "pk": 16, "fields": {"product": 6, "image": "ProductImage/images/case-strap-358405e3-ad8d-43c4-abd1-bc8ad2123018-49.jpeg", "slug": "case-strap-358405e3-ad8d-43c4-abd1-bc8ad2123018", "created_on": "2022-09-09"}}, {"model": "supplier.productimage", "pk": 17, "fields": {"product": 6, "image": "ProductImage/images/case-strap-3064a984-31ab-418c-955b-02cb2984ec6c-ce.jpeg", "slug": "case-strap-3064a984-31ab-418c-955b-02cb2984ec6c", "created_on": "2022-09-09"}}, {"model": "supplier.productimage", "pk": 18, "fields": {"product": 6, "image": "ProductImage/images/case-strap-c088a628-c725-46df-b4b1-ccdb0b42d4b6-15.jpeg", "slug": "case-strap-c088a628-c725-46df-b4b1-ccdb0b42d4b6", "created_on": "2022-09-09"}}, {"model": "supplier.productimage", "pk": 19, "fields": {"product": 7, "image": "ProductImage/images/outdoor-mi-50438318-1f17-47f4-bf18-5990b422c246-fd.jpeg", "slug": "outdoor-mi-50438318-1f17-47f4-bf18-5990b422c246", "created_on": "2022-09-09"}}, {"model": "supplier.productimage", "pk": 20, "fields": {"product": 7, "image": "ProductImage/images/outdoor-mi-7c2879b6-6a27-4af2-a476-b065bce4c139-ac.jpeg", "slug": "outdoor-mi-7c2879b6-6a27-4af2-a476-b065bce4c139", "created_on": "2022-09-09"}}, {"model": "supplier.productimage", "pk": 21, "fields": {"product": 7, "image": "ProductImage/images/outdoor-mi-5d1fcbea-ce67-4687-8693-e9309111e866-bf.jpeg", "slug": "outdoor-mi-5d1fcbea-ce67-4687-8693-e9309111e866", "created_on": "2022-09-09"}}, {"model": "supplier.productimage", "pk": 22, "fields": {"product": 7, "image": "ProductImage/images/outdoor-mi-381c8fdb-4e27-4a7d-8a23-8fa83dc5aa18-0c.jpeg", "slug": "outdoor-mi-381c8fdb-4e27-4a7d-8a23-8fa83dc5aa18", "created_on": "2022-09-09"}}, {"model": "supplier.productimage", "pk": 23, "fields": {"product": 8, "image": "ProductImage/images/women-fash-862fdded-0872-4fd3-9073-4367bfe91fb2-a8.jpeg", "slug": "women-fash-862fdded-0872-4fd3-9073-4367bfe91fb2", "created_on": "2022-09-09"}}, {"model": "supplier.productimage", "pk": 24, "fields": {"product": 8, "image": "ProductImage/images/women-fash-13f268f9-b1b6-465c-936e-19c1acbe111c-ae.jpeg", "slug": "women-fash-13f268f9-b1b6-465c-936e-19c1acbe111c", "created_on": "2022-09-09"}}, {"model": "supplier.productimage", "pk": 25, "fields": {"product": 8, "image": "ProductImage/images/women-fash-40092cdd-ec40-4944-8722-a368d9332daf-c2.jpeg", "slug": "women-fash-40092cdd-ec40-4944-8722-a368d9332daf", "created_on": "2022-09-09"}}, {"model": "supplier.productimage", "pk": 26, "fields": {"product": 8, "image": "ProductImage/images/women-fash-92b5db14-afaf-465a-be37-0b39d469db2e-3c.jpeg", "slug": "women-fash-92b5db14-afaf-465a-be37-0b39d469db2e", "created_on": "2022-09-09"}}, {"model": "supplier.productimage", "pk": 27, "fields": {"product": 9, "image": "ProductImage/images/2022-almer-99dd3c2d-8802-40e0-90e7-dfad0578c426-52.jpeg", "slug": "2022-almer-99dd3c2d-8802-40e0-90e7-dfad0578c426", "created_on": "2022-09-09"}}, {"model": "supplier.productimage", "pk": 28, "fields": {"product": 9, "image": "ProductImage/images/2022-almer-6008d167-91c1-4a54-a6c6-96eb835cbb62-c9.jpeg", "slug": "2022-almer-6008d167-91c1-4a54-a6c6-96eb835cbb62", "created_on": "2022-09-09"}}, {"model": "supplier.productimage", "pk": 29, "fields": {"product": 9, "image": "ProductImage/images/2022-almer-2d802c4b-e255-45b9-848f-b6466d3c9566-d1.jpeg", "slug": "2022-almer-2d802c4b-e255-45b9-848f-b6466d3c9566", "created_on": "2022-09-09"}}, {"model": "supplier.productimage", "pk": 30, "fields": {"product": 10, "image": "ProductImage/images/military-b-e8c66e83-0b8b-4819-91dd-dcb68ced700f-a6.jpeg", "slug": "military-b-e8c66e83-0b8b-4819-91dd-dcb68ced700f", "created_on": "2022-09-09"}}, {"model": "supplier.productimage", "pk": 31, "fields": {"product": 10, "image": "ProductImage/images/military-b-fc2c0ba2-8465-4bef-9568-649d05191eb0-e3.jpeg", "slug": "military-b-fc2c0ba2-8465-4bef-9568-649d05191eb0", "created_on": "2022-09-09"}}, {"model": "supplier.productimage", "pk": 32, "fields": {"product": 10, "image": "ProductImage/images/military-b-25e9b310-6b9e-42b1-8211-0fea8b92193b-58.jpeg", "slug": "military-b-25e9b310-6b9e-42b1-8211-0fea8b92193b", "created_on": "2022-09-09"}}, {"model": "supplier.productimage", "pk": 33, "fields": {"product": 10, "image": "ProductImage/images/military-b-d0b3d851-ae2f-4e48-a81b-cc1e2e86fb4d-70.jpeg", "slug": "military-b-d0b3d851-ae2f-4e48-a81b-cc1e2e86fb4d", "created_on": "2022-09-09"}}, {"model": "supplier.producttag", "pk": 1, "fields": {"name": "Phones", "name_ar": "Phones", "name_fr": "Phones", "name_de": "Phones", "name_en": "Phones", "product": 3, "slug": "phones2f104b2d-ef48-4269-80b6-7e4fc1fb21b1"}}, {"model": "supplier.producttag", "pk": 2, "fields": {"name": "Gadgets", "name_ar": "Gadgets", "name_fr": "Gadgets", "name_de": "Gadgets", "name_en": "Gadgets", "product": 3, "slug": "gadgets966861db-584a-43e4-a6f7-1eac31579782"}}, {"model": "supplier.producttag", "pk": 3, "fields": {"name": "Phones", "name_ar": "Phones", "name_fr": "Phones", "name_de": "Phones", "name_en": "Phones", "product": 4, "slug": "phonesd8b096b4-bafc-4359-82c6-61deb6f5586a"}}, {"model": "supplier.producttag", "pk": 4, "fields": {"name": "Gadgets", "name_ar": "Gadgets", "name_fr": "Gadgets", "name_de": "Gadgets", "name_en": "Gadgets", "product": 4, "slug": "gadgets9aa1a5bf-c4b8-42d7-9a6c-24e618a45721"}}, {"model": "supplier.producttag", "pk": 5, "fields": {"name": "Science", "name_ar": "Science", "name_fr": "Science", "name_de": "Science", "name_en": "Science", "product": 5, "slug": "science56ce9157-2140-45da-ac3b-cf419d126e8e"}}, {"model": "supplier.producttag", "pk": 6, "fields": {"name": "Physics", "name_ar": "Physics", "name_fr": "Physics", "name_de": "Physics", "name_en": "Physics", "product": 5, "slug": "physics0e5f047f-7f3b-42a5-8b18-9535d3abba9e"}}, {"model": "supplier.producttag", "pk": 7, "fields": {"name": "Watches", "name_ar": "Watches", "name_fr": "Watches", "name_de": "Watches", "name_en": "Watches", "product": 6, "slug": "watches2259ce40-5cdf-4fc2-a7f1-52ef1923197f"}}, {"model": "supplier.producttag", "pk": 8, "fields": {"name": "Fashion", "name_ar": "Fashion", "name_fr": "Fashion", "name_de": "Fashion", "name_en": "Fashion", "product": 6, "slug": "fashion14b3eac2-bad5-4e27-bb22-29b4eea5e420"}}, {"model": "supplier.producttag", "pk": 9, "fields": {"name": "Bags", "name_ar": "Bags", "name_fr": "Bags", "name_de": "Bags", "name_en": "Bags", "product": 7, "slug": "bags3ffed496-4b06-4966-8529-3653b34501fe"}}, {"model": "supplier.producttag", "pk": 10, "fields": {"name": "Fashion", "name_ar": "Fashion", "name_fr": "Fashion", "name_de": "Fashion", "name_en": "Fashion", "product": 7, "slug": "fashion20e6e5aa-462c-470c-95e2-a90690d2103f"}}, {"model": "supplier.producttag", "pk": 11, "fields": {"name": "Hiking", "name_ar": "Hiking", "name_fr": "Hiking", "name_de": "Hiking", "name_en": "Hiking", "product": 7, "slug": "hiking9d88ba30-af88-49cd-b813-ed163824caac"}}, {"model": "supplier.producttag", "pk": 12, "fields": {"name": "Woman", "name_ar": "Woman", "name_fr": "Woman", "name_de": "Woman", "name_en": "Woman", "product": 8, "slug": "woman7c3c4f47-b6ce-4e19-9e61-5e0d452a87a3"}}, {"model": "supplier.producttag", "pk": 13, "fields": {"name": "Clothes", "name_ar": "Clothes", "name_fr": "Clothes", "name_de": "Clothes", "name_en": "Clothes", "product": 8, "slug": "clothes0fb6958b-d421-469b-9a7c-53a2a97a9e4a"}}, {"model": "supplier.producttag", "pk": 14, "fields": {"name": "Men", "name_ar": "Men", "name_fr": "Men", "name_de": "Men", "name_en": "Men", "product": 9, "slug": "men752a5f14-5daf-46aa-b8ae-2e6ec604d12d"}}, {"model": "supplier.producttag", "pk": 15, "fields": {"name": "Shirts", "name_ar": "Shirts", "name_fr": "Shirts", "name_de": "Shirts", "name_en": "Shirts", "product": 9, "slug": "shirts1f77936a-ff0e-4634-a72d-8155598761fd"}}, {"model": "supplier.producttag", "pk": 16, "fields": {"name": "Jerseys", "name_ar": "Jerseys", "name_fr": "Jerseys", "name_de": "Jerseys", "name_en": "Jerseys", "product": 9, "slug": "jerseys5427ca29-a5bd-4320-b503-4ab76a9ed90e"}}, {"model": "supplier.producttag", "pk": 17, "fields": {"name": "Men", "name_ar": "Men", "name_fr": "Men", "name_de": "Men", "name_en": "Men", "product": 10, "slug": "men2ae73fd3-4309-451b-9000-85fe23278dfa"}}, {"model": "supplier.producttag", "pk": 18, "fields": {"name": "Clothes", "name_ar": "Clothes", "name_fr": "Clothes", "name_de": "Clothes", "name_en": "Clothes", "product": 10, "slug": "clothesb511058c-dd3c-4579-aa87-e9d8dc216830"}}, {"model": "supplier.producttag", "pk": 19, "fields": {"name": "Jackets", "name_ar": "Jackets", "name_fr": "Jackets", "name_de": "Jackets", "name_en": "Jackets", "product": 10, "slug": "jacketsaa852e24-b4bc-4b49-bced-bb68ce378f49"}}, {"model": "supplier.service", "pk": 1, "fields": {"supplier": 2, "name": "Product delivery", "name_ar": "Product delivery", "name_fr": "Product delivery", "name_de": "Product delivery", "name_en": "Product delivery", "description": "One morning, when Gregor Samsa woke from troubled dreams, he found himself transformed in his bed into a horrible vermin. He lay on his armour-like back, and if he lifted his head a little he could see his brown belly, slightly domed and divided by arches into stiff sections. The bedding was hardly able to cover it and seemed ready to slide off any moment. His many legs, pitifully thin compared with the size of the rest of him", "description_ar": "One morning, when Gregor Samsa woke from troubled dreams, he found himself transformed in his bed into a horrible vermin. He lay on his armour-like back, and if he lifted his head a little he could see his brown belly, slightly domed and divided by arches into stiff sections. The bedding was hardly able to cover it and seemed ready to slide off any moment. His many legs, pitifully thin compared with the size of the rest of him", "description_fr": "One morning, when Gregor Samsa woke from troubled dreams, he found himself transformed in his bed into a horrible vermin. He lay on his armour-like back, and if he lifted his head a little he could see his brown belly, slightly domed and divided by arches into stiff sections. The bedding was hardly able to cover it and seemed ready to slide off any moment. His many legs, pitifully thin compared with the size of the rest of him", "description_de": "One morning, when Gregor Samsa woke from troubled dreams, he found himself transformed in his bed into a horrible vermin. He lay on his armour-like back, and if he lifted his head a little he could see his brown belly, slightly domed and divided by arches into stiff sections. The bedding was hardly able to cover it and seemed ready to slide off any moment. His many legs, pitifully thin compared with the size of the rest of him", "description_en": "One morning, when Gregor Samsa woke from troubled dreams, he found himself transformed in his bed into a horrible vermin. He lay on his armour-like back, and if he lifted his head a little he could see his brown belly, slightly domed and divided by arches into stiff sections. The bedding was hardly able to cover it and seemed ready to slide off any moment. His many legs, pitifully thin compared with the size of the rest of him", "price": "1000.00", "price_ar": "1000.00", "price_fr": "1000.00", "price_de": "1000.00", "price_en": "1000.00", "currency": "USD", "currency_ar": "USD", "currency_fr": "USD", "currency_de": "USD", "currency_en": "USD", "contract_count": 0, "slug": "product-delivery50b5c324-1eea-4aac-a500-7bb3df0749", "created_on": "2022-09-08"}}, {"model": "supplier.service", "pk": 2, "fields": {"supplier": 2, "name": "Product Advertising", "name_ar": "Product Advertising", "name_fr": "Product Advertising", "name_de": "Product Advertising", "name_en": "Product Advertising", "description": "One morning, when Gregor Samsa woke from troubled dreams, he found himself transformed in his bed into a horrible vermin. He lay on his armour-like back, and if he lifted his head a little he could see his brown belly, slightly domed and divided by arches into stiff sections. The bedding was hardly able to cover it and seemed ready to slide off any moment. His many legs, pitifully thin compared with the size of the rest of him", "description_ar": "One morning, when Gregor Samsa woke from troubled dreams, he found himself transformed in his bed into a horrible vermin. He lay on his armour-like back, and if he lifted his head a little he could see his brown belly, slightly domed and divided by arches into stiff sections. The bedding was hardly able to cover it and seemed ready to slide off any moment. His many legs, pitifully thin compared with the size of the rest of him", "description_fr": "One morning, when Gregor Samsa woke from troubled dreams, he found himself transformed in his bed into a horrible vermin. He lay on his armour-like back, and if he lifted his head a little he could see his brown belly, slightly domed and divided by arches into stiff sections. The bedding was hardly able to cover it and seemed ready to slide off any moment. His many legs, pitifully thin compared with the size of the rest of him", "description_de": "One morning, when Gregor Samsa woke from troubled dreams, he found himself transformed in his bed into a horrible vermin. He lay on his armour-like back, and if he lifted his head a little he could see his brown belly, slightly domed and divided by arches into stiff sections. The bedding was hardly able to cover it and seemed ready to slide off any moment. His many legs, pitifully thin compared with the size of the rest of him", "description_en": "One morning, when Gregor Samsa woke from troubled dreams, he found himself transformed in his bed into a horrible vermin. He lay on his armour-like back, and if he lifted his head a little he could see his brown belly, slightly domed and divided by arches into stiff sections. The bedding was hardly able to cover it and seemed ready to slide off any moment. His many legs, pitifully thin compared with the size of the rest of him", "price": "800.00", "price_ar": "800.00", "price_fr": "800.00", "price_de": "800.00", "price_en": "800.00", "currency": "USD", "currency_ar": "USD", "currency_fr": "USD", "currency_de": "USD", "currency_en": "USD", "contract_count": 0, "slug": "product-advertisingfa393f66-d476-402f-9242-ed9d3e3", "created_on": "2022-09-08"}}, {"model": "supplier.service", "pk": 3, "fields": {"supplier": 2, "name": "Manufacturing", "name_ar": "Manufacturing", "name_fr": "Manufacturing", "name_de": "Manufacturing", "name_en": "Manufacturing", "description": "One morning, when Gregor Samsa woke from troubled dreams, he found himself transformed in his bed into a horrible vermin. He lay on his armour-like back, and if he lifted his head a little he could see his brown belly, slightly domed and divided by arches into stiff sections. The bedding was hardly able to cover it and seemed ready to slide off any moment. His many legs, pitifully thin compared with the size of the rest of him", "description_ar": "One morning, when Gregor Samsa woke from troubled dreams, he found himself transformed in his bed into a horrible vermin. He lay on his armour-like back, and if he lifted his head a little he could see his brown belly, slightly domed and divided by arches into stiff sections. The bedding was hardly able to cover it and seemed ready to slide off any moment. His many legs, pitifully thin compared with the size of the rest of him", "description_fr": "One morning, when Gregor Samsa woke from troubled dreams, he found himself transformed in his bed into a horrible vermin. He lay on his armour-like back, and if he lifted his head a little he could see his brown belly, slightly domed and divided by arches into stiff sections. The bedding was hardly able to cover it and seemed ready to slide off any moment. His many legs, pitifully thin compared with the size of the rest of him", "description_de": "One morning, when Gregor Samsa woke from troubled dreams, he found himself transformed in his bed into a horrible vermin. He lay on his armour-like back, and if he lifted his head a little he could see his brown belly, slightly domed and divided by arches into stiff sections. The bedding was hardly able to cover it and seemed ready to slide off any moment. His many legs, pitifully thin compared with the size of the rest of him", "description_en": "One morning, when Gregor Samsa woke from troubled dreams, he found himself transformed in his bed into a horrible vermin. He lay on his armour-like back, and if he lifted his head a little he could see his brown belly, slightly domed and divided by arches into stiff sections. The bedding was hardly able to cover it and seemed ready to slide off any moment. His many legs, pitifully thin compared with the size of the rest of him", "price": "500.00", "price_ar": "500.00", "price_fr": "500.00", "price_de": "500.00", "price_en": "500.00", "currency": "USD", "currency_ar": "USD", "currency_fr": "USD", "currency_de": "USD", "currency_en": "USD", "contract_count": 0, "slug": "manufacturing1997cb48-9cdb-4fc4-80e4-0ae4531332dd", "created_on": "2022-09-08"}}, {"model": "auth_app.user", "pk": 1, "fields": {"password": "pbkdf2_sha256$260000$i95d4DkVtFm9pqxixmj8Th$oKJJ82wVuE1PDOrhdPB8eZ6JJURrvZTkyzqkGQ10X0M=", "last_login": "2022-11-05T12:48:17.264Z", "is_superuser": true, "username": "mugisa", "first_name": "", "first_name_ar": null, "first_name_fr": null, "first_name_de": null, "first_name_en": null, "last_name": "", "last_name_ar": null, "last_name_fr": null, "last_name_de": null, "last_name_en": null, "email": "", "is_staff": true, "is_active": true, "date_joined": "2022-09-08T19:39:49Z", "account_type": "ADMIN", "image": "assets/imgs/resources/profiledefault.png", "is_email_activated": true, "groups": [], "user_permissions": []}}, {"model": "auth_app.user", "pk": 2, "fields": {"password": "!vpVbzr7zyYupa3R7iTku4bWGY2I3nv61pb5hiSVN", "last_login": "2022-10-13T13:49:28.639Z", "is_superuser": false, "username": "phillipmugisa", "first_name": "phillip", "first_name_ar": null, "first_name_fr": null, "first_name_de": null, "first_name_en": "phillip", "last_name": "mugisa", "last_name_ar": null, "last_name_fr": null, "last_name_de": null, "last_name_en": "mugisa", "email": "phillipmugisa4@gmail.com", "is_staff": false, "is_active": true, "date_joined": "2022-09-08T20:05:51.633Z", "account_type": "SUPPLIER", "image": "assets/imgs/resources/profiledefault.png", "is_email_activated": true, "groups": [], "user_permissions": []}}, {"model": "auth_app.user", "pk": 7, "fields": {"password": "pbkdf2_sha256$260000$hryBmmnZ6spn7GMpSoJ4Fe$jO7p9lvPr8kmEkqCHl4uL/Li6xMNjDAC9EKj1F+07cQ=", "last_login": null, "is_superuser": false, "username": "mugisaphillip", "first_name": "Phillip", "first_name_ar": "Phillip", "first_name_fr": "Phillip", "first_name_de": "Phillip", "first_name_en": "Phillip", "last_name": "Mugisa", "last_name_ar": "Mugisa", "last_name_fr": "Mugisa", "last_name_de": "Mugisa", "last_name_en": "Mugisa", "email": "phillipmugisa9@gmail.com", "is_staff": false, "is_active": false, "date_joined": "2022-10-13T13:53:07.615Z", "account_type": "BUYER", "image": "assets/imgs/resources/profiledefault.png", "is_email_activated": false, "groups": [], "user_permissions": []}}, {"model": "auth_app.user", "pk": 9, "fields": {"password": "pbkdf2_sha256$260000$BBuELLWbzV9OF5EIrHDgrW$Z41oG3HLONxUcjPt/dd+8ViPCrnhSqSO8CuvrroSd7M=", "last_login": null, "is_superuser": false, "username": "Tradeoases", "first_name": "Trade", "first_name_ar": null, "first_name_fr": null, "first_name_de": null, "first_name_en": "Trade", "last_name": "Oase", "last_name_ar": null, "last_name_fr": null, "last_name_de": null, "last_name_en": "Oase", "email": "tradeoases@gmail.com", "is_staff": false, "is_active": false, "date_joined": "2022-11-05T08:36:59.885Z", "account_type": "SUPPLIER", "image": "assets/imgs/resources/profiledefault.png", "is_email_activated": false, "groups": [], "user_permissions": []}}, {"model": "auth_app.clientprofile", "pk": 1, "fields": {"user": 2, "business_name": "Fututech", "business_name_ar": null, "business_name_fr": null, "business_name_de": null, "business_name_en": "Fututech", "slug": "fututech", "business_description": "One morning, when Gregor Samsa woke from troubled dreams, he found himself transformed in his bed into a horrible vermin. He lay on his armour-like back, and if he lifted his head a little he could see his brown belly, slightly domed and divided by arches into stiff sections. The bedding was hardly able to cover it and seemed ready to slide off any moment. His many legs, pitifully thin compared with the size of the rest of him", "business_description_ar": null, "business_description_fr": null, "business_description_de": null, "business_description_en": "One morning, when Gregor Samsa woke from troubled dreams, he found himself transformed in his bed into a horrible vermin. He lay on his armour-like back, and if he lifted his head a little he could see his brown belly, slightly domed and divided by arches into stiff sections. The bedding was hardly able to cover it and seemed ready to slide off any moment. His many legs, pitifully thin compared with the size of the rest of him", "country": "Uganda", "country_ar": null, "country_fr": null, "country_de": null, "country_en": "Uganda", "country_code": "256", "country_code_ar": null, "country_code_fr": null, "country_code_de": null, "country_code_en": "256", "city": "Kampala", "city_ar": null, "city_fr": null, "city_de": null, "city_en": "Kampala", "mobile_user": "0782047612", "mobile_user_ar": null, "mobile_user_fr": null, "mobile_user_de": null, "mobile_user_en": "0782047612", "vat_number": "45678907345678", "legal_etity_identifier": "TU78 YUI7 YUI8 O678", "website": "https://mugisathedev.netlify.app", "customer_id": null}}, {"model": "account.emailaddress", "pk": 1, "fields": {"user": 2, "email": "phillipmugisa4@gmail.com", "verified": true, "primary": true}}, {"model": "socialaccount.socialapp", "pk": 1, "fields": {"provider": "google", "name": "Tradeoases", "client_id": "583015990328-bi4h8fgenicrjrn00d902p3uivoksdjh.apps.googleusercontent.com", "secret": "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", "key": "", "sites": [1]}}, {"model": "socialaccount.socialaccount", "pk": 1, "fields": {"user": 2, "provider": "google", "uid": "110821893513744188448", "last_login": "2022-10-13T13:49:28.629Z", "date_joined": "2022-09-08T20:12:17.567Z", "extra_data": "{\"id\": \"110821893513744188448\", \"email\": \"phillipmugisa4@gmail.com\", \"verified_email\": true, \"name\": \"phillip mugisa\", \"given_name\": \"phillip\", \"family_name\": \"mugisa\", \"picture\": \"https://lh3.googleusercontent.com/a/ALm5wu3WJdarspKpEvNEQeMEgfD55hyfjnz06R4UXj7F=s96-c\", \"locale\": \"en\"}"}}]